nba_id,Team,Player,DPM,O-DPM,D-DPM,Box DPM,Box O-DPM,Box D-DPM,FGA/100,FG2%,FG3A/100,FG3%,FG3ARate%,FTA/100,FT%,FTARate%,Usg%,Reb/100,Ast/100,Ast%,Blk/100,Blk%,Tov/100
203507,Milwaukee Bucks,Giannis Antetokounmpo,7.24,4.41,2.83,4.77,4.1,0.67,25.671,0.609,3.795,0.3,0.15,13.222,0.631,0.474,0.314,16.366,6.652,0.238,1.509,0.016,4.619
202695,Los Angeles Clippers,Kawhi Leonard,6.13,4.74,1.39,6.96,5.3,1.66,26.809,0.55,7.568,0.36,0.287,9.944,0.836,0.353,0.312,10.222,6.681,0.244,0.672,0.008,3.721
2544,Los Angeles Lakers,LeBron James,6.12,4.75,1.37,5.1,5.33,-0.23,25.593,0.572,10.118,0.35,0.398,7.409,0.696,0.296,0.301,10.701,11.607,0.422,0.831,0.009,5.126
203954,Philadelphia 76ers,Joel Embiid,5.94,3.29,2.65,2.91,2.22,0.69,28.789,0.544,5.541,0.339,0.207,13.978,0.838,0.53,0.354,16.224,4.314,0.159,2.042,0.021,4.951
201142,Brooklyn Nets,Kevin Durant,5.46,5.15,0.31,5.12,4.23,0.89,28.11,0.567,7.873,0.388,0.293,10.531,0.868,0.367,0.337,11.384,7.761,0.252,1.553,0.018,4.479
201935,Brooklyn Nets,James Harden,5.04,4.96,0.08,5.35,4.93,0.42,20.019,0.553,9.961,0.356,0.533,9.543,0.845,0.452,0.241,9.856,13.388,0.397,0.936,0.011,5.162
202331,Los Angeles Clippers,Paul George,5.02,3.46,1.56,3.85,3.27,0.58,27.456,0.499,10.558,0.379,0.398,8.878,0.854,0.328,0.315,11.682,6.939,0.238,0.541,0.006,4.654
203497,Utah Jazz,Rudy Gobert,4.9,0.39,4.51,2.85,0.46,2.39,12.298,0.675,0.959,0.214,0.053,7.632,0.628,0.669,0.167,19.878,1.722,0.049,3.136,0.034,2.237
203999,Denver Nuggets,Nikola Jokic,4.87,3.85,1.02,3.21,3.43,-0.22,28.988,0.587,5.831,0.369,0.22,9.162,0.849,0.342,0.322,16.312,10.326,0.342,1.008,0.012,4.553
201939,Golden State Warriors,Stephen Curry,4.31,4.93,-0.62,3.4,5.05,-1.65,32.09,0.547,16.866,0.406,0.632,9.849,0.916,0.321,0.342,7.246,7.551,0.281,0.285,0.003,4.479
203081,Portland Trail Blazers,Damian Lillard,4.15,5.77,-1.62,4.23,5.59,-1.36,26.178,0.525,15.038,0.388,0.568,9.827,0.902,0.403,0.3,5.52,10.057,0.327,0.43,0.005,3.569
202710,Miami Heat,Jimmy Butler,3.94,2.61,1.32,2.92,2.44,0.48,20.5,0.519,4.191,0.288,0.207,10.925,0.826,0.521,0.247,9.537,9.76,0.31,0.678,0.007,2.982
101108,Phoenix Suns,Chris Paul,3.68,2.43,1.25,5.26,3.22,2.04,21.415,0.519,5.613,0.371,0.256,5.139,0.892,0.253,0.246,6.215,12.58,0.385,0.228,0.003,3.654
203076,Los Angeles Lakers,Anthony Davis,3.64,1.27,2.37,3.85,2.11,1.74,25.412,0.543,4.468,0.291,0.188,10.391,0.786,0.421,0.299,12.485,4.441,0.152,2.404,0.026,3.087
201144,Utah Jazz,Mike Conley,3.63,2.83,0.8,3.18,2.17,1.01,20.636,0.476,11.213,0.367,0.534,5.307,0.819,0.233,0.228,5.647,10.295,0.318,0.356,0.004,3.621
202681,Brooklyn Nets,Kyrie Irving,3.46,4.27,-0.82,4.58,4.14,0.44,27.284,0.54,10.096,0.382,0.364,6.028,0.901,0.206,0.299,6.922,6.794,0.234,0.757,0.009,3.034
201950,Milwaukee Bucks,Jrue Holiday,3.37,2.35,1.02,1.47,1.55,-0.08,20.647,0.525,7.247,0.341,0.354,3.754,0.755,0.195,0.225,6.762,8.931,0.269,0.667,0.008,3.542
1629029,Dallas Mavericks,Luka Doncic,3.13,4.17,-1.05,2.59,3.68,-1.09,32.87,0.528,13.389,0.339,0.425,11.516,0.742,0.338,0.37,11.437,12.163,0.438,0.709,0.007,5.373
1628378,Utah Jazz,Donovan Mitchell,3.06,4.1,-1.04,3.63,5,-1.37,30.897,0.499,15.448,0.355,0.483,10.011,0.85,0.311,0.337,6.136,7.908,0.266,0.342,0.004,3.921
1629027,Atlanta Hawks,Trae Young,3.01,5.02,-2.01,2.89,5.33,-2.44,28.699,0.489,10.77,0.34,0.396,12.836,0.86,0.394,0.359,4.872,11.872,0.403,0.047,0,5.499
1628369,Boston Celtics,Jayson Tatum,3,3.21,-0.21,2.21,2.85,-0.64,28.765,0.514,10.481,0.373,0.373,10.134,0.843,0.362,0.314,10.065,5.884,0.204,1.069,0.012,3.556
1626157,Minnesota Timberwolves,Karl-Anthony Towns,2.91,2.97,-0.06,3.7,3.39,0.31,25.498,0.551,9.591,0.384,0.371,9.757,0.834,0.379,0.301,14.97,6.131,0.209,1.508,0.016,4.439
1626164,Phoenix Suns,Devin Booker,2.87,3.99,-1.12,1.72,3.27,-1.55,27.794,0.516,7.696,0.352,0.284,8.931,0.871,0.341,0.311,6.521,5.313,0.17,0.213,0.003,4.322
203468,Portland Trail Blazers,CJ McCollum,2.52,2.58,-0.06,1,1.73,-0.73,25.097,0.512,10.54,0.388,0.43,3.776,0.803,0.175,0.251,5.975,6.395,0.201,0.62,0.007,2.057
200768,Toronto Raptors,Kyle Lowry,2.39,1.39,1,1.7,1.26,0.44,20.68,0.496,11.321,0.353,0.573,6.2,0.811,0.319,0.245,7.518,9.666,0.314,0.521,0.006,3.999
1627750,Denver Nuggets,Jamal Murray,2.34,3.2,-0.86,2.85,3.29,-0.44,25.871,0.506,10.206,0.361,0.422,5.373,0.828,0.209,0.269,6.022,7.733,0.238,0.382,0.004,3.581
203991,Atlanta Hawks,Clint Capela,2.33,0.19,2.14,0.6,-0.33,0.93,13.127,0.62,0.816,0.254,0.041,4.667,0.526,0.32,0.151,20.792,1.255,0.037,2.56,0.025,1.686
201980,Philadelphia 76ers,Danny Green,2.27,0.06,2.21,2.67,1.16,1.51,15.107,0.465,10.67,0.371,0.756,1.573,0.732,0.089,0.15,6.674,3.544,0.108,1.196,0.014,1.567
202689,Boston Celtics,Kemba Walker,2.27,2.9,-0.63,1.34,2.37,-1.03,25.692,0.502,12.197,0.356,0.493,6.797,0.848,0.279,0.272,6.322,7.587,0.241,0.496,0.006,3.213
203078,Washington Wizards,Bradley Beal,2.26,4,-1.74,1.52,3.8,-2.28,29.604,0.526,7.879,0.359,0.289,9.944,0.861,0.332,0.318,6.087,5.205,0.181,0.53,0.006,3.641
203994,Portland Trail Blazers,Jusuf Nurkic,2.22,-0.16,2.39,1.58,-0.6,2.18,17.63,0.566,1.237,0.264,0.079,6.765,0.681,0.4,0.221,19.39,5.998,0.181,2.169,0.024,3.531
203114,Milwaukee Bucks,Khris Middleton,2.05,1.79,0.26,1.75,2.22,-0.47,24.405,0.494,8.849,0.387,0.35,5.59,0.885,0.237,0.265,8.921,6.497,0.198,0.206,0.002,3.576
1627732,Philadelphia 76ers,Ben Simmons,2.02,0.67,1.35,2.98,1.47,1.51,13.455,0.6,1.011,0.243,0.051,7.468,0.518,0.546,0.18,10.936,10.293,0.296,1.033,0.011,4.041
1629008,Denver Nuggets,Michael Porter Jr.,1.99,2.12,-0.13,1.7,2.12,-0.42,22.046,0.581,11.616,0.4,0.552,3.256,0.801,0.16,0.225,10.795,2.011,0.065,0.972,0.011,1.991
202699,Philadelphia 76ers,Tobias Harris,1.95,1.35,0.6,1.63,1.44,0.19,23.1,0.545,4.958,0.363,0.214,5.054,0.855,0.219,0.244,10.068,5.018,0.16,0.857,0.01,2.252
1628389,Miami Heat,Bam Adebayo,1.95,0.89,1.05,2.32,1.05,1.27,18.573,0.561,1.094,0.248,0.061,7.768,0.757,0.413,0.236,13.213,8.104,0.247,1.52,0.016,3.703
203110,Golden State Warriors,Draymond Green,1.91,-1.13,3.04,1.99,-1.11,3.1,9.65,0.557,3.224,0.303,0.321,2.885,0.744,0.297,0.129,11.297,12.8,0.341,1.323,0.015,4.202
1627783,Toronto Raptors,Pascal Siakam,1.87,1.32,0.55,-0.12,0.66,-0.78,26.685,0.505,7.017,0.291,0.255,8.663,0.798,0.34,0.299,9.884,5.632,0.2,0.904,0.011,3.6
1629028,Phoenix Suns,Deandre Ayton,1.81,0.29,1.52,1.52,0.01,1.51,14.609,0.642,0.704,0.233,0.037,3.593,0.742,0.238,0.163,17.431,1.885,0.048,1.804,0.02,1.941
201572,Milwaukee Bucks,Brook Lopez,1.79,-0.85,2.64,0.81,-0.05,0.86,16.398,0.603,5.415,0.357,0.335,4.222,0.824,0.237,0.172,9.157,1.103,0.026,2.461,0.029,1.586
203496,Portland Trail Blazers,Robert Covington,1.75,-0.35,2.1,1.67,-0.6,2.27,10.524,0.527,7.091,0.359,0.695,1.826,0.788,0.169,0.106,10.394,2.123,0.059,1.563,0.019,1.099
1627832,Toronto Raptors,Fred VanVleet,1.74,0.73,1.01,1.22,0.71,0.51,24.562,0.464,13.539,0.355,0.563,5.878,0.839,0.235,0.265,5.756,8.409,0.282,0.797,0.01,2.813
1629655,Washington Wizards,Daniel Gafford,1.72,1.1,0.63,2.58,1.46,1.12,14.572,0.644,1.091,0.241,0.059,6.2,0.66,0.504,0.175,12.809,1.591,0.047,4.061,0.044,2.055
203939,Dallas Mavericks,Dwight Powell,1.68,0.07,1.62,3,0.79,2.21,10.395,0.681,1.112,0.24,0.064,6.322,0.742,0.619,0.135,12.975,3.516,0.091,1.489,0.017,1.858
1627751,San Antonio Spurs,Jakob Poeltl,1.68,-0.7,2.38,1.14,-1,2.14,11.266,0.628,1.052,0.235,0.058,3.981,0.564,0.333,0.144,14.803,3.387,0.095,3.36,0.037,2.05
1628401,San Antonio Spurs,Derrick White,1.61,0.95,0.66,1.42,1.06,0.36,22.549,0.472,12.148,0.351,0.525,7.186,0.809,0.328,0.247,5.71,5.879,0.193,1.485,0.017,2.739
200794,Denver Nuggets,Paul Millsap,1.59,-0.59,2.18,1.66,-0.7,2.36,20.797,0.525,7.375,0.325,0.37,5.202,0.73,0.276,0.214,12.531,4.452,0.143,1.503,0.018,2.893
202685,Memphis Grizzlies,Jonas Valanciunas,1.58,0.64,0.94,0.59,1.22,-0.63,18.578,0.609,1.727,0.31,0.094,5.04,0.773,0.283,0.212,20.152,3.124,0.093,1.62,0.018,2.453
1629057,Boston Celtics,Robert Williams,1.55,0.26,1.29,2.79,0.48,2.31,14.608,0.628,1.214,0.233,0.061,4.335,0.575,0.31,0.187,17.253,4.711,0.159,4.184,0.053,2.506
1628969,Phoenix Suns,Mikal Bridges,1.54,1.1,0.44,2.01,1.62,0.39,13.604,0.605,6.563,0.372,0.474,2.777,0.824,0.198,0.14,6.678,2.56,0.071,0.962,0.012,1.252
1628384,Toronto Raptors,OG Anunoby,1.49,0.49,1,1.73,0.55,1.18,21.811,0.53,10.613,0.356,0.497,5.103,0.758,0.229,0.24,8.429,3.898,0.131,1.101,0.013,2.863
203935,Boston Celtics,Marcus Smart,1.46,0.66,0.8,0.93,-0.25,1.18,16.338,0.48,9.558,0.355,0.577,4.988,0.8,0.312,0.186,5.797,8.434,0.244,0.604,0.007,3.07
1627759,Boston Celtics,Jaylen Brown,1.46,2.33,-0.87,1.8,2.59,-0.79,26.945,0.517,11.957,0.35,0.442,7.034,0.762,0.27,0.301,8.935,4.007,0.153,0.809,0.01,3.594
201566,Washington Wizards,Russell Westbrook,1.45,1.62,-0.17,1.78,1.97,-0.19,23.597,0.505,5.64,0.309,0.258,8.44,0.701,0.361,0.292,14.564,14.273,0.461,0.504,0.006,5.79
1627742,New Orleans Pelicans,Brandon Ingram,1.43,2.54,-1.1,0.21,1.75,-1.54,25.867,0.486,9.167,0.373,0.36,8.478,0.814,0.321,0.321,6.762,6.943,0.234,0.679,0.008,3.937
203482,Houston Rockets,Kelly Olynyk,1.41,0.81,0.6,2.27,1.59,0.68,19.152,0.599,7.679,0.355,0.402,7.79,0.825,0.422,0.249,13.237,7.105,0.226,1.026,0.011,3.823
203897,Chicago Bulls,Zach LaVine,1.41,2.28,-0.87,3.57,4.14,-0.57,27.964,0.53,12.606,0.371,0.445,8.09,0.832,0.286,0.333,6.647,6.708,0.24,0.617,0.007,4.608
201587,Los Angeles Clippers,Nicolas Batum,1.41,0.32,1.09,0.88,-0.2,1.08,10.535,0.564,6.931,0.362,0.667,1.938,0.809,0.167,0.11,9.458,3.445,0.096,1.007,0.011,1.374
203937,Memphis Grizzlies,Kyle Anderson,1.41,0.25,1.16,2.81,0.97,1.84,15.265,0.542,6.259,0.347,0.399,4.306,0.78,0.29,0.172,9.857,6.251,0.175,1.339,0.015,2.271
1626158,Sacramento Kings,Richaun Holmes,1.35,0.68,0.68,0.99,0.19,0.8,18.746,0.618,1.101,0.251,0.056,6.138,0.788,0.323,0.22,13.695,2.564,0.091,2.39,0.026,2.264
1629627,New Orleans Pelicans,Zion Williamson,1.3,2.23,-0.93,1.59,2.84,-1.25,26.352,0.598,1.206,0.245,0.06,13.933,0.672,0.529,0.321,10.29,5.461,0.215,0.99,0.01,4.714
204060,Utah Jazz,Joe Ingles,1.3,1.11,0.19,0.38,1.29,-0.91,14.518,0.568,10.537,0.398,0.734,2.097,0.815,0.154,0.161,6.239,7.956,0.229,0.241,0.003,2.804
204001,Dallas Mavericks,Kristaps Porzingis,1.3,1.62,-0.32,0.11,0.83,-0.72,20.49,0.526,8.15,0.37,0.4,4.718,0.82,0.257,0.218,12.484,2.37,0.072,1.87,0.019,1.455
1626174,Houston Rockets,Christian Wood,1.3,0.94,0.35,0.81,1.26,-0.45,23.064,0.564,8.777,0.338,0.366,8.815,0.666,0.358,0.273,13.41,3.019,0.116,1.64,0.018,3.296
1628371,Orlando Magic,Jonathan Isaac,1.23,-0.22,1.46,1.32,-0.03,1.35,18.034,0.509,5.59,0.309,0.292,4.806,0.768,0.263,0.208,11.615,3,0.095,2.706,0.031,2.27
1628381,Atlanta Hawks,John Collins,1.22,0.59,0.63,1.56,0.62,0.94,17.252,0.611,5.232,0.363,0.295,4.44,0.807,0.233,0.186,13.136,1.538,0.043,1.31,0.015,1.923
1629020,Minnesota Timberwolves,Jarred Vanderbilt,1.22,-0.4,1.62,1.52,-0.19,1.71,9.441,0.652,0.974,0.241,0.057,4.617,0.578,0.433,0.116,15.692,2.376,0.066,2.19,0.023,1.837
1629130,Miami Heat,Duncan Robinson,1.17,1.11,0.06,0.79,1.06,-0.27,16.15,0.592,14.146,0.403,0.856,2.316,0.824,0.162,0.165,5.473,2.606,0.08,0.482,0.006,1.41
201976,Los Angeles Clippers,Patrick Beverley,1.17,-0.41,1.58,1.09,-1.04,2.13,11.652,0.504,6.752,0.369,0.58,1.962,0.762,0.176,0.121,7.212,4.158,0.113,1.267,0.014,1.575
1629011,New York Knicks,Mitchell Robinson,1.12,0.26,0.86,1.48,0.97,0.51,12.886,0.64,1.155,0.229,0.061,4.951,0.527,0.385,0.157,15.085,1.404,0.052,3.252,0.036,1.808
1629001,Memphis Grizzlies,De'Anthony Melton,1.1,-0.42,1.52,0.87,-0.81,1.68,16.834,0.477,10.883,0.353,0.622,2.78,0.77,0.192,0.178,7.346,5.225,0.162,1.291,0.015,2.455
203109,Phoenix Suns,Jae Crowder,1.09,0.14,0.95,0.39,-0.23,0.62,12.403,0.492,9.281,0.366,0.787,2.356,0.778,0.175,0.133,8.886,2.968,0.074,0.912,0.011,1.468
203490,Orlando Magic,Otto Porter Jr.,1.04,0.19,0.85,1.26,0.4,0.86,19.429,0.489,8.383,0.383,0.457,3.723,0.799,0.195,0.21,10.647,3.989,0.138,0.645,0.007,2.05
1628449,Toronto Raptors,Chris Boucher,1.04,0.58,0.47,1.12,0.53,0.59,20.136,0.567,8.859,0.334,0.463,6.864,0.747,0.363,0.226,13.511,1.88,0.071,3.447,0.037,1.916
1627826,Los Angeles Clippers,Ivica Zubac,1.03,-0.75,1.79,1.35,-0.65,2,13.006,0.645,0.863,0.25,0.043,6.151,0.772,0.482,0.17,16.276,2.303,0.069,1.802,0.019,2.358
203500,New Orleans Pelicans,Steven Adams,1.03,-0.79,1.82,2.23,0.07,2.16,10.619,0.598,1.14,0.193,0.058,4.891,0.434,0.49,0.145,16.065,3.101,0.095,1.4,0.016,2.479
201586,Los Angeles Clippers,Serge Ibaka,0.96,-0.01,0.98,2.34,0.3,2.04,20.341,0.553,6.699,0.36,0.332,3.591,0.754,0.182,0.219,15.368,3.743,0.132,2.159,0.023,2.699
1630163,Charlotte Hornets,LaMelo Ball,0.96,0.61,0.35,1.44,0.8,0.64,22.605,0.499,7.193,0.333,0.342,6.349,0.757,0.303,0.263,9.446,9.925,0.317,0.672,0.007,4.581
1628368,Sacramento Kings,De'Aaron Fox,0.94,2.37,-1.44,2.02,2.65,-0.63,27.623,0.511,8.126,0.3,0.288,11.101,0.738,0.422,0.341,5.457,8.953,0.33,0.618,0.007,4.734
202683,Portland Trail Blazers,Enes Kanter,0.94,0.51,0.43,-0.19,0.63,-0.82,14.578,0.611,1.107,0.216,0.06,4.694,0.731,0.317,0.174,20.755,1.696,0.055,1.287,0.015,2.062
1626167,Indiana Pacers,Myles Turner,0.93,-1.02,1.95,0.75,-0.51,1.26,16.625,0.538,7.321,0.34,0.476,5.562,0.752,0.351,0.19,10.946,1.857,0.068,4.331,0.051,2.29
201937,Minnesota Timberwolves,Ricky Rubio,0.92,0.27,0.65,1.36,0.51,0.85,13.926,0.477,7.215,0.344,0.499,4.113,0.855,0.304,0.161,6.057,9.82,0.294,0.263,0.003,2.61
203552,Philadelphia 76ers,Seth Curry,0.87,1.24,-0.38,0.21,1.54,-1.33,17.547,0.53,10.432,0.408,0.571,2.479,0.858,0.134,0.175,4.187,3.999,0.115,0.154,0.002,1.501
1629661,Phoenix Suns,Cameron Johnson,0.86,0.45,0.41,1.23,0.45,0.78,14.069,0.568,8.786,0.369,0.644,2.888,0.82,0.196,0.143,7.152,2.108,0.059,0.456,0.005,1.402
203469,Charlotte Hornets,Cody Zeller,0.85,-0.1,0.95,1.03,0.42,0.61,16.153,0.588,1.028,0.259,0.051,6.236,0.71,0.376,0.185,16.092,3.491,0.113,0.963,0.01,2.266
1626161,Dallas Mavericks,Willie Cauley-Stein,0.8,-1.21,2.01,-0.26,-1.6,1.34,9.589,0.632,1.106,0.237,0.066,3.721,0.601,0.386,0.121,13.801,1.912,0.061,2.318,0.027,1.508
1627827,Dallas Mavericks,Dorian Finney-Smith,0.79,0.39,0.4,0.12,-0.21,0.33,12.227,0.595,8.297,0.357,0.682,1.336,0.748,0.131,0.126,8.592,2.909,0.082,0.684,0.008,1.176
203944,New York Knicks,Julius Randle,0.73,1.14,-0.41,0.83,1.15,-0.32,26.275,0.495,8.921,0.359,0.336,9.062,0.791,0.347,0.31,13.301,7.687,0.261,0.422,0.005,4.374
1629634,Memphis Grizzlies,Brandon Clarke,0.72,-0.38,1.09,1.61,-0.16,1.77,16.046,0.579,2.562,0.268,0.168,4.323,0.682,0.248,0.169,12.221,2.867,0.086,1.825,0.021,1.546
1628021,Houston Rockets,David Nwaba,0.7,-0.21,0.91,0.47,0.12,0.35,17.464,0.555,4.655,0.271,0.276,5.444,0.664,0.337,0.182,9.306,2.53,0.082,1.28,0.015,1.699
1627734,Indiana Pacers,Domantas Sabonis,0.7,0.35,0.35,2.71,1.45,1.26,19.304,0.559,3.733,0.273,0.2,6.999,0.743,0.368,0.249,15.955,9.778,0.325,0.82,0.008,4.461
1629723,Memphis Grizzlies,John Konchar,0.67,0.08,0.59,0.92,0.2,0.72,14.147,0.552,6.519,0.329,0.468,3.345,0.741,0.198,0.153,10.539,3.404,0.107,0.735,0.008,1.999
1626166,Phoenix Suns,Cameron Payne,0.67,0.53,0.14,0.9,0.56,0.34,21.395,0.483,8.519,0.358,0.398,3.613,0.835,0.166,0.222,6.587,8.431,0.253,0.734,0.009,3.183
1628983,Oklahoma City Thunder,Shai Gilgeous-Alexander,0.65,1.49,-0.84,2.38,2.98,-0.6,26.051,0.512,8.07,0.353,0.311,9.976,0.789,0.414,0.315,6.83,7.742,0.295,0.904,0.011,4.418
203992,Atlanta Hawks,Bogdan Bogdanovic,0.62,0.8,-0.18,0.93,0.93,0,20.569,0.504,13.157,0.375,0.61,1.843,0.822,0.103,0.203,6.039,4.578,0.142,0.354,0.003,1.95
1628973,Dallas Mavericks,Jalen Brunson,0.62,1.37,-0.74,0.64,1.41,-0.77,19.686,0.538,6.773,0.348,0.351,5.052,0.788,0.27,0.209,6.712,6.582,0.21,0.209,0.002,2.452
201152,Chicago Bulls,Thaddeus Young,0.58,-0.14,0.72,0.83,0.46,0.37,21.234,0.551,1.74,0.311,0.085,4.318,0.641,0.221,0.243,12.805,8.569,0.273,0.987,0.011,4.053
202722,Washington Wizards,Davis Bertans,0.57,0.75,-0.17,0.31,0.28,0.03,17.005,0.518,12.567,0.388,0.845,3.617,0.854,0.205,0.161,5.655,1.704,0.05,0.558,0.007,1.099
1630162,Minnesota Timberwolves,Anthony Edwards,0.55,1.9,-1.35,1.37,2.42,-1.05,23.889,0.521,10.772,0.326,0.451,6.63,0.782,0.288,0.265,7.73,4.975,0.165,0.786,0.01,3.317
203933,Indiana Pacers,TJ Warren,0.55,0.63,-0.08,0.98,1.04,-0.06,22.073,0.54,5.696,0.352,0.24,4.787,0.8,0.217,0.254,7.505,2.779,0.094,0.702,0.008,1.949
202330,Charlotte Hornets,Gordon Hayward,0.53,0.48,0.05,0.75,0.48,0.27,21.889,0.503,7.076,0.353,0.331,6.462,0.799,0.298,0.248,9.031,6.613,0.191,0.586,0.007,3.014
202691,Golden State Warriors,Klay Thompson,0.49,0.58,-0.08,-0.3,0.59,-0.89,18.825,0.49,9.34,0.407,0.467,3.181,0.829,0.137,0.217,5.775,3.216,0.101,0.671,0.008,1.849
202704,Los Angeles Clippers,Reggie Jackson,0.46,1.15,-0.68,-0.77,0.67,-1.44,21.959,0.495,10.479,0.379,0.511,3.766,0.845,0.171,0.226,5.519,5.189,0.156,0.189,0.002,2.509
1627763,Indiana Pacers,Malcolm Brogdon,0.46,1,-0.55,1.1,1.92,-0.82,26.053,0.491,10.515,0.358,0.419,6.098,0.841,0.249,0.279,8.313,8.138,0.267,0.481,0.006,3.379
1628975,Phoenix Suns,Jevon Carter,0.45,0.05,0.4,1.29,0.32,0.97,17.285,0.441,10.888,0.353,0.61,1.696,0.734,0.108,0.17,6.277,4.111,0.118,0.386,0.005,1.826
1626172,Golden State Warriors,Kevon Looney,0.44,-1.34,1.78,-0.55,-1.97,1.42,8.327,0.595,0.929,0.221,0.063,1.764,0.637,0.253,0.094,13.277,4.102,0.118,1.017,0.01,1.535
1630193,New York Knicks,Immanuel Quickley,0.43,0.9,-0.47,0.25,0.85,-0.6,20.469,0.464,11.187,0.355,0.535,6.175,0.837,0.274,0.216,5.274,3.937,0.128,0.362,0.004,2.134
202696,Chicago Bulls,Nikola Vucevic,0.42,0.65,-0.23,1.38,1,0.38,29.966,0.518,9.266,0.367,0.308,4.701,0.822,0.165,0.309,16.464,5.857,0.217,1.123,0.013,2.724
1628418,Washington Wizards,Thomas Bryant,0.41,0.19,0.23,1.6,0.42,1.18,18.164,0.615,5.205,0.344,0.291,5.089,0.715,0.284,0.195,12.583,2.775,0.092,1.889,0.021,1.918
1629651,Brooklyn Nets,Nicolas Claxton,0.41,-1.13,1.54,0.48,-1.27,1.75,11.392,0.613,0.962,0.229,0.049,4.348,0.501,0.377,0.13,13.686,1.891,0.058,3.306,0.039,1.545
1628436,Boston Celtics,Luke Kornet,0.41,-0.78,1.19,0.35,-0.66,1.01,14.311,0.585,7.376,0.314,0.497,2.285,0.705,0.178,0.151,10.25,2.917,0.09,3.428,0.037,1.229
202692,New York Knicks,Alec Burks,0.41,0.23,0.18,0.76,0.69,0.07,21.431,0.457,10.692,0.358,0.505,5.803,0.845,0.289,0.224,9.381,4.383,0.139,0.531,0.006,2.112
203915,Brooklyn Nets,Spencer Dinwiddie,0.4,1.03,-0.62,-0.12,1.14,-1.26,20.059,0.489,9.401,0.321,0.461,9.298,0.763,0.435,0.24,5.946,9.222,0.28,0.378,0.004,3.979
1626204,Cleveland Cavaliers,Larry Nance Jr.,0.4,-1.03,1.43,0.77,-0.17,0.94,15.81,0.552,6.267,0.328,0.428,3.064,0.656,0.198,0.175,11.592,4.873,0.162,0.785,0.009,2.427
203473,Miami Heat,Dewayne Dedmon,0.39,-0.8,1.19,1.45,-0.01,1.46,15.714,0.603,2.528,0.298,0.162,5.338,0.754,0.361,0.185,17.058,2.391,0.083,2.158,0.025,3.389
203083,Los Angeles Lakers,Andre Drummond,0.39,-1,1.39,1.27,-0.96,2.23,17.571,0.562,1.1,0.192,0.062,6.383,0.597,0.376,0.22,22.105,2.28,0.072,2.051,0.025,3.911
203484,Los Angeles Lakers,Kentavious Caldwell-Pope,0.37,-0.64,1.01,1.39,0.25,1.14,12.603,0.503,7.692,0.371,0.644,2.533,0.816,0.209,0.13,4.769,3.332,0.095,0.613,0.007,1.437
1627936,Los Angeles Lakers,Alex Caruso,0.36,-1.68,2.05,-0.83,-2.24,1.41,14.116,0.482,6.536,0.338,0.445,4.239,0.695,0.282,0.166,6.282,6.065,0.183,0.802,0.01,2.693
203486,Detroit Pistons,Mason Plumlee,0.36,-1.13,1.49,3.03,0.15,2.88,15.474,0.597,1.122,0.206,0.058,6.705,0.619,0.47,0.205,17.932,7.116,0.238,1.872,0.021,3.633
203145,Golden State Warriors,Kent Bazemore,0.35,-1.15,1.5,-0.05,-1.65,1.6,13.414,0.484,6.86,0.355,0.475,2.995,0.744,0.247,0.15,7.798,3.281,0.097,0.985,0.011,2.132
1627814,Golden State Warriors,Damion Lee,0.34,-0.14,0.48,0.13,-0.29,0.42,12.962,0.518,8.556,0.369,0.668,2.655,0.846,0.21,0.134,7.766,2.833,0.088,0.404,0.005,1.406
1626181,Portland Trail Blazers,Norman Powell,0.33,1.13,-0.8,0.06,1.05,-0.99,18.412,0.54,7.435,0.38,0.402,5.555,0.843,0.305,0.199,4.67,2.674,0.083,0.562,0.007,2.036
203925,Brooklyn Nets,Joe Harris,0.31,0.65,-0.34,-0.48,0.44,-0.92,13.981,0.546,8.758,0.4,0.626,1.326,0.775,0.103,0.136,5.57,2.291,0.059,0.23,0.002,1.318
1626149,Los Angeles Lakers,Montrezl Harrell,0.31,0.05,0.26,1.04,1.65,-0.61,19.51,0.621,1.113,0.194,0.058,9.215,0.64,0.494,0.236,13.377,1.992,0.07,1.623,0.018,2.519
203084,Sacramento Kings,Harrison Barnes,0.3,1.19,-0.89,0.36,1.49,-1.13,17.571,0.506,7.721,0.363,0.47,5.984,0.773,0.358,0.223,8.849,4.328,0.143,0.341,0.004,2.115
202322,Houston Rockets,John Wall,0.28,0.78,-0.5,0.22,0.83,-0.61,28.025,0.448,10.011,0.307,0.358,8.982,0.743,0.317,0.335,5.263,10.308,0.371,1.1,0.013,5.941
203087,Indiana Pacers,Jeremy Lamb,0.28,0.24,0.04,1.07,-0.06,1.13,19.279,0.494,8.732,0.359,0.481,5.073,0.881,0.273,0.198,8.442,3.624,0.1,1.22,0.014,1.77
1627749,San Antonio Spurs,Dejounte Murray,0.24,-0.13,0.37,-0.85,-0.49,-0.36,22.328,0.493,4.353,0.278,0.2,3.877,0.801,0.176,0.234,10.522,8.45,0.245,0.3,0.003,2.949
1628978,Milwaukee Bucks,Donte DiVincenzo,0.23,-0.4,0.63,-0.78,-0.81,0.03,14.425,0.479,9.33,0.344,0.632,2.345,0.705,0.155,0.16,10.257,4.661,0.125,0.388,0.005,2.558
1627741,Sacramento Kings,Buddy Hield,0.21,1.13,-0.92,-0.64,0.27,-0.91,20.732,0.478,14.726,0.378,0.72,2.696,0.844,0.126,0.222,6.955,5.744,0.194,0.643,0.007,3.012
1628971,Brooklyn Nets,Bruce Brown,0.19,-0.16,0.36,0.92,-0.09,1.01,14.633,0.567,2.284,0.302,0.133,4.07,0.737,0.249,0.162,11.824,3.476,0.096,0.892,0.01,1.852
1628984,Charlotte Hornets,Devonte' Graham,0.19,1.09,-0.89,-0.6,1.23,-1.83,20.781,0.445,16.48,0.357,0.751,5.657,0.84,0.251,0.223,4.672,8.46,0.271,0.332,0.004,2.814
202324,Utah Jazz,Derrick Favors,0.18,-0.94,1.12,2.07,-0.23,2.3,10.396,0.663,1.023,0.182,0.053,3.041,0.65,0.284,0.121,17.151,1.675,0.048,2.609,0.029,1.4
203903,Utah Jazz,Jordan Clarkson,0.17,2.04,-1.87,0.58,2.79,-2.21,27.578,0.51,15.973,0.35,0.591,4.008,0.863,0.168,0.27,6.472,3.978,0.129,0.302,0.003,2.743
203501,Dallas Mavericks,Tim Hardaway Jr.,0.17,1.78,-1.61,0.37,2.58,-2.21,21.894,0.507,13.013,0.371,0.593,4.28,0.827,0.216,0.222,5.519,3.056,0.095,0.287,0.004,1.532
1628970,Charlotte Hornets,Miles Bridges,0.16,0.33,-0.17,1.33,1.07,0.26,18.88,0.552,9.864,0.359,0.486,4.309,0.821,0.23,0.207,9.956,4.269,0.14,1.294,0.014,2.603
1627788,Philadelphia 76ers,Furkan Korkmaz,0.16,0.01,0.15,-0.36,-0.28,-0.08,18.34,0.507,11.185,0.364,0.624,3.274,0.75,0.18,0.183,5.343,3.275,0.095,0.399,0.004,1.625
1628392,Cleveland Cavaliers,Isaiah Hartenstein,0.13,-0.9,1.03,0.76,-0.74,1.5,18.535,0.545,1.162,0.219,0.06,6.7,0.672,0.365,0.232,15.782,6.989,0.206,2.937,0.034,4.163
203932,Denver Nuggets,Aaron Gordon,0.11,-0.27,0.38,-1.6,-1.11,-0.49,16.001,0.538,4.717,0.304,0.285,4.288,0.67,0.272,0.175,9.716,3.51,0.104,0.968,0.01,2.334
1629067,Washington Wizards,Isaac Bonga,0.08,-1.35,1.43,-0.1,-1.23,1.13,12.64,0.514,6.768,0.319,0.542,3.066,0.722,0.271,0.137,7.475,2.654,0.088,0.978,0.011,2.148
203487,Orlando Magic,Michael Carter-Williams,0.07,-1.6,1.67,-0.14,-1.7,1.56,19.34,0.453,4.691,0.205,0.276,6.294,0.639,0.36,0.217,8.341,7.289,0.24,1.058,0.013,4.292
201565,New York Knicks,Derrick Rose,0.07,1.13,-1.06,0.8,1.74,-0.94,22.759,0.516,5.604,0.329,0.242,3.923,0.863,0.205,0.234,5.341,8.007,0.266,0.56,0.006,2.591
203200,Indiana Pacers,Justin Holiday,0.05,-0.63,0.68,0.83,-0.21,1.04,13.419,0.48,10.11,0.367,0.748,1.657,0.805,0.144,0.131,5.65,2.579,0.071,1.016,0.011,0.897
1628366,New Orleans Pelicans,Lonzo Ball,0.05,0.09,-0.05,0.49,0.01,0.48,21.358,0.464,13.332,0.354,0.635,2.819,0.702,0.115,0.239,8.054,8.709,0.261,0.898,0.01,3.663
1629185,Brooklyn Nets,Chris Chiozza,0.04,-0.02,0.06,0.09,0.1,-0.01,19.483,0.444,9.235,0.32,0.467,3.314,0.756,0.144,0.208,5.571,9.322,0.281,0.566,0.006,3.181
202711,Utah Jazz,Bojan Bogdanovic,0.04,1.36,-1.32,-0.45,0.77,-1.22,20.339,0.517,10.028,0.38,0.551,5.934,0.878,0.295,0.217,6.148,2.721,0.079,0.143,0.001,2.63
204456,Indiana Pacers,T.J. McConnell,0.03,-0.1,0.14,0.16,0.53,-0.37,14.397,0.542,1.789,0.3,0.11,2.127,0.768,0.149,0.167,7.028,10.948,0.315,0.547,0.006,3.124
1629650,Oklahoma City Thunder,Moses Brown,0.03,-0.63,0.66,0.81,-0.35,1.16,11.826,0.568,0.954,0.234,0.057,5.894,0.624,0.487,0.157,18.942,1.044,0.034,2.158,0.024,1.91
1628396,Oklahoma City Thunder,Tony Bradley,0.01,-0.22,0.24,0.29,-0.1,0.39,15.104,0.623,1.021,0.231,0.054,4.526,0.681,0.332,0.189,16.544,2.161,0.077,1.991,0.023,2.721
202329,Chicago Bulls,Al-Farouq Aminu,0,-1.77,1.78,-0.4,-1.88,1.48,12.621,0.448,4.909,0.315,0.422,3.644,0.733,0.25,0.145,12.394,2.859,0.09,0.922,0.012,2.173
203457,New York Knicks,Nerlens Noel,-0.01,-1.96,1.95,1.99,0.31,1.68,7.113,0.632,1.129,0.226,0.062,3.252,0.697,0.397,0.097,13.496,1.296,0.043,4.099,0.044,1.623
201567,Cleveland Cavaliers,Kevin Love,-0.02,0.19,-0.2,0.55,0.98,-0.43,21.688,0.485,12.188,0.366,0.58,5.033,0.857,0.264,0.248,14.983,5.014,0.17,0.448,0.005,3.063
1629017,Houston Rockets,Khyri Thomas,-0.03,-0.24,0.21,0.09,-0.23,0.32,18.958,0.533,9.354,0.338,0.473,3.826,0.813,0.213,0.208,5.56,6.889,0.199,1.02,0.011,2.461
1626171,Milwaukee Bucks,Bobby Portis,-0.05,0.16,-0.22,0.78,0.76,0.02,19.418,0.513,5.964,0.362,0.285,3.265,0.757,0.175,0.193,14.439,2.023,0.059,0.881,0.009,2.006
201568,Atlanta Hawks,Danilo Gallinari,-0.07,0.5,-0.57,-0.26,0.56,-0.82,19.519,0.491,9.381,0.379,0.47,7.131,0.894,0.376,0.216,8.202,2.257,0.071,0.299,0.003,1.797
1628386,Cleveland Cavaliers,Jarrett Allen,-0.07,-0.98,0.91,0.65,-0.53,1.18,13.533,0.63,1.04,0.267,0.061,7.132,0.69,0.526,0.181,16.343,2.797,0.093,1.925,0.02,2.361
201933,Brooklyn Nets,Blake Griffin,-0.09,-0.46,0.38,-0.15,-0.45,0.3,13.682,0.562,6.883,0.325,0.451,3.929,0.741,0.307,0.148,9.916,3.884,0.099,0.882,0.009,1.865
1626246,Dallas Mavericks,Boban Marjanovic,-0.09,0.17,-0.26,0.01,0.7,-0.69,20.901,0.57,1.296,0.256,0.081,5.91,0.765,0.292,0.234,21.402,2.293,0.076,1.204,0.013,2.738
1629682,Boston Celtics,Tremont Waters,-0.12,0.18,-0.31,0,0.28,-0.28,19.947,0.461,9.769,0.313,0.481,5.135,0.843,0.21,0.227,4.927,10.8,0.364,0.408,0.004,4.09
1630256,Houston Rockets,Jae'Sean Tate,-0.13,-0.12,0,-0.25,-0.2,-0.05,16.885,0.569,6.083,0.31,0.345,4.735,0.717,0.296,0.196,8.865,4.985,0.169,0.772,0.009,2.767
1630219,Atlanta Hawks,Skylar Mays,-0.17,-0.44,0.27,-0.05,-0.4,0.35,18.795,0.516,5.832,0.287,0.311,5.265,0.754,0.271,0.202,6.63,4.863,0.149,0.347,0.004,2.455
1628998,Charlotte Hornets,Cody Martin,-0.17,-1.35,1.18,-0.29,-1.63,1.34,11.93,0.512,3.843,0.286,0.319,3.278,0.628,0.277,0.146,9.487,5.375,0.154,0.77,0.008,2.229
203953,Boston Celtics,Jabari Parker,-0.18,-0.88,0.7,0.52,-0.35,0.87,17.733,0.558,3.521,0.275,0.201,4.229,0.77,0.223,0.197,12.414,3.307,0.106,1.194,0.012,2.738
203920,Toronto Raptors,Khem Birch,-0.18,-0.91,0.73,-0.18,-0.85,0.67,15.507,0.517,2.996,0.313,0.207,4.603,0.732,0.327,0.177,11.995,2.946,0.106,1.589,0.017,1.687
1629731,Cleveland Cavaliers,Dean Wade,-0.2,-0.56,0.36,0.36,-0.23,0.59,13.214,0.541,8.891,0.347,0.697,1.967,0.78,0.185,0.132,8.822,2.883,0.089,0.858,0.01,1.233
1626153,Sacramento Kings,Delon Wright,-0.2,-0.54,0.34,0.5,0.06,0.44,17.521,0.485,6.603,0.353,0.387,3.701,0.79,0.228,0.19,7.633,8.149,0.247,0.682,0.008,2.653
1628415,Memphis Grizzlies,Dillon Brooks,-0.21,0.52,-0.73,-1.42,-0.24,-1.18,24.812,0.485,7.715,0.353,0.307,6.009,0.808,0.251,0.264,5.206,3.479,0.109,0.639,0.007,2.708
1626195,New Orleans Pelicans,Willy Hernangomez,-0.21,0,-0.21,0.55,0.37,0.18,16.453,0.557,1.02,0.27,0.051,5.133,0.691,0.328,0.198,17.976,2.919,0.096,1.158,0.012,2.08
1626220,Utah Jazz,Royce O'Neale,-0.21,-0.7,0.49,-1.29,-1.13,-0.16,9.453,0.575,6.869,0.369,0.697,1.22,0.798,0.142,0.105,10.045,3.476,0.093,0.55,0.007,1.504
1628373,New York Knicks,Frank Ntilikina,-0.21,-1.46,1.25,0.05,-1.35,1.4,13.254,0.437,8.699,0.323,0.668,2.614,0.717,0.175,0.147,5.19,4.204,0.115,0.625,0.007,1.931
203090,Sacramento Kings,Maurice Harkless,-0.21,-1.18,0.97,0.51,-0.74,1.25,12.441,0.538,5.731,0.329,0.465,3.28,0.721,0.238,0.14,6.534,2.901,0.086,1.086,0.013,1.679
203967,Phoenix Suns,Dario Saric,-0.22,0.38,-0.6,-0.08,0.36,-0.44,17.253,0.513,6.666,0.345,0.42,5.395,0.816,0.293,0.202,11.375,3.288,0.098,0.241,0.002,2.945
1629006,Minnesota Timberwolves,Josh Okogie,-0.22,-1.31,1.09,0.72,-1.04,1.76,9.988,0.539,4.629,0.295,0.439,5.424,0.763,0.484,0.124,7.439,2.392,0.07,0.991,0.013,1.566
203095,Boston Celtics,Evan Fournier,-0.23,0.36,-0.59,0.51,0.41,0.1,18.498,0.517,10.251,0.378,0.559,3.732,0.802,0.209,0.193,5.089,4.335,0.133,0.618,0.007,2.079
202339,New Orleans Pelicans,Eric Bledsoe,-0.23,0.38,-0.61,-0.21,0.28,-0.49,18.885,0.504,7.896,0.338,0.432,5.607,0.727,0.303,0.221,5.82,6.4,0.208,0.589,0.007,2.972
1629622,Miami Heat,Max Strus,-0.25,0.65,-0.89,-0.05,0.73,-0.78,19.128,0.591,15.079,0.329,0.749,3.293,0.734,0.198,0.193,5.059,2.583,0.077,0.348,0.004,1.586
1628464,Chicago Bulls,Daniel Theis,-0.25,-1.18,0.93,0.14,-0.83,0.97,17.477,0.592,4.862,0.303,0.297,4.244,0.718,0.263,0.19,12.113,3.231,0.109,1.678,0.018,1.775
1628991,Memphis Grizzlies,Jaren Jackson Jr.,-0.25,0.02,-0.28,0.2,0.42,-0.22,20.557,0.565,10.616,0.368,0.52,6.091,0.802,0.284,0.225,8.972,2.287,0.072,2.506,0.027,2.416
1629673,Golden State Warriors,Jordan Poole,-0.26,0.87,-1.13,0.32,1.71,-1.39,23.072,0.496,13.677,0.352,0.605,6.187,0.849,0.272,0.241,4.654,4.089,0.143,0.44,0.005,2.375
1630167,New York Knicks,Obi Toppin,-0.26,-0.3,0.04,-0.14,-0.2,0.06,16.27,0.572,7.272,0.318,0.437,3.076,0.738,0.212,0.17,10.187,1.918,0.065,1.096,0.011,1.579
203488,Oklahoma City Thunder,Mike Muscala,-0.26,-0.33,0.07,0.04,0.89,-0.85,20.906,0.538,13.64,0.359,0.655,3.084,0.849,0.182,0.201,10.077,2.191,0.076,0.907,0.011,1.575
201577,Washington Wizards,Robin Lopez,-0.27,-1.47,1.2,-0.52,-0.3,-0.22,18.024,0.604,1.074,0.252,0.058,5.004,0.698,0.283,0.205,9.578,1.783,0.059,1.743,0.019,2.363
1629628,New York Knicks,RJ Barrett,-0.28,-0.29,0.01,-0.92,-0.62,-0.3,20.739,0.478,8.242,0.352,0.4,5.414,0.733,0.273,0.221,8.176,4.074,0.131,0.476,0.006,2.546
203210,Denver Nuggets,JaMychal Green,-0.29,-0.23,-0.06,-0.3,0.03,-0.33,14.381,0.556,7.181,0.363,0.487,2.424,0.788,0.187,0.146,12.257,2.224,0.062,0.857,0.01,1.769
203107,Chicago Bulls,Tomas Satoransky,-0.29,-0.57,0.28,-0.4,-0.69,0.29,15.359,0.517,5.048,0.346,0.347,3.991,0.819,0.253,0.183,6.048,9.717,0.274,0.428,0.005,3.368
1628960,Memphis Grizzlies,Grayson Allen,-0.29,0.33,-0.62,0.29,0.48,-0.19,14.51,0.507,10.477,0.367,0.686,3.14,0.825,0.223,0.149,6.071,3.196,0.089,0.42,0.005,1.278
203115,Denver Nuggets,Will Barton,-0.3,0.2,-0.5,-2.17,-1.51,-0.66,18.758,0.469,8.957,0.353,0.494,3.875,0.77,0.206,0.192,6.709,4.98,0.143,0.598,0.007,2.527
203506,Miami Heat,Victor Oladipo,-0.32,-0.64,0.32,1.54,0.13,1.41,24.613,0.477,10.814,0.331,0.442,6.383,0.768,0.27,0.287,7.346,6.962,0.225,0.64,0.007,3.958
2772,Miami Heat,Trevor Ariza,-0.33,-1.75,1.41,0.74,-0.95,1.69,12.792,0.522,8.271,0.352,0.616,2.645,0.773,0.208,0.136,9.253,2.802,0.076,0.75,0.009,1.233
203952,Golden State Warriors,Andrew Wiggins,-0.34,-0.33,-0.01,-0.12,0.03,-0.15,21.803,0.517,7.438,0.345,0.34,5.228,0.713,0.244,0.233,7.188,3.127,0.11,1.236,0.014,2.334
1629680,Philadelphia 76ers,Matisse Thybulle,-0.36,-1.46,1.1,-0.27,-1.32,1.05,10.41,0.576,6.577,0.321,0.634,1.006,0.6,0.102,0.096,4.948,1.964,0.055,2.137,0.026,0.921
1629659,Los Angeles Lakers,Talen Horton-Tucker,-0.38,-0.63,0.25,-0.1,-0.3,0.2,19.476,0.497,5.533,0.302,0.293,6.255,0.728,0.318,0.227,6.975,7.308,0.222,0.556,0.006,4.251
1628989,Atlanta Hawks,Kevin Huerter,-0.41,-0.34,-0.07,-1.11,-0.94,-0.17,16.025,0.499,8.271,0.368,0.512,1.581,0.782,0.101,0.164,5.733,5.206,0.145,0.636,0.008,1.895
1627747,Indiana Pacers,Caris LeVert,-0.42,0.62,-1.04,0.33,0.9,-0.57,26.169,0.504,8.309,0.338,0.33,6.761,0.79,0.258,0.287,6.998,7.582,0.269,0.863,0.01,3.462
1630194,Philadelphia 76ers,Paul Reed,-0.42,-0.19,-0.23,-0.41,-0.14,-0.27,19.345,0.542,1.352,0.239,0.08,5.63,0.629,0.248,0.225,16.455,2.433,0.087,2.686,0.029,3.14
1627777,Utah Jazz,Georges Niang,-0.44,-0.14,-0.3,-1.22,-0.26,-0.96,16.389,0.511,11.934,0.379,0.763,1.327,0.856,0.101,0.164,7.255,2.343,0.065,0.333,0.004,1.782
1628420,Denver Nuggets,Monte Morris,-0.44,0.61,-1.05,-0.53,0.68,-1.21,18.851,0.522,7.269,0.355,0.373,4.143,0.811,0.201,0.194,4.258,7.913,0.24,0.407,0.004,2.153
1629056,Sacramento Kings,Terence Davis,-0.45,-0.26,-0.19,-0.27,0.06,-0.33,21.914,0.504,12.109,0.353,0.576,3.798,0.821,0.195,0.227,7.734,4.326,0.141,0.637,0.007,3.002
1627780,Golden State Warriors,Gary Payton II,-0.46,-1.34,0.88,-0.04,-1.31,1.27,14.503,0.538,5.911,0.309,0.4,3.048,0.656,0.201,0.156,9.007,3.297,0.117,0.772,0.009,2.017
1629134,Miami Heat,Kendrick Nunn,-0.46,0.41,-0.87,-0.51,0.54,-1.05,19.563,0.531,9.593,0.37,0.476,2.7,0.868,0.133,0.203,5.366,4.19,0.142,0.426,0.005,2.034
202694,Los Angeles Clippers,Marcus Morris Sr.,-0.49,-0.12,-0.36,-1.47,-0.64,-0.83,18.007,0.492,8.23,0.392,0.457,3.03,0.819,0.172,0.181,7.338,2.082,0.065,0.54,0.006,1.606
1630267,Denver Nuggets,Facundo Campazzo,-0.49,-0.93,0.44,-0.46,-1.02,0.56,11.953,0.493,8.047,0.366,0.656,3.321,0.832,0.279,0.139,5.275,8.516,0.224,0.427,0.005,2.614
1629663,Sacramento Kings,Louis King,-0.49,-0.9,0.41,-0.45,-0.89,0.44,17.242,0.516,7.045,0.298,0.428,5.147,0.746,0.298,0.183,10.749,3.596,0.124,1.149,0.011,2.606
201988,San Antonio Spurs,Patty Mills,-0.5,0.16,-0.65,-1.9,-0.02,-1.88,15.486,0.492,11.744,0.37,0.745,2.153,0.868,0.149,0.16,3.617,4.541,0.146,0.166,0.002,1.576
1630202,Boston Celtics,Payton Pritchard,-0.5,0.24,-0.74,-0.28,0.42,-0.7,17.876,0.486,11.697,0.364,0.634,2.534,0.839,0.148,0.178,6.237,4.64,0.152,0.327,0.004,2.17
1629605,Boston Celtics,Tacko Fall,-0.51,-1.81,1.3,-0.48,-1.82,1.34,11.552,0.602,1.112,0.147,0.059,4.861,0.509,0.389,0.147,18.131,1.613,0.038,4.895,0.055,2.402
203458,Washington Wizards,Alex Len,-0.52,-1.82,1.3,-0.09,-1.2,1.11,14.004,0.595,1.098,0.274,0.066,5.776,0.605,0.421,0.168,13.709,1.831,0.06,2.264,0.027,2.282
1626192,Milwaukee Bucks,Pat Connaughton,-0.53,-0.65,0.12,-0.51,-0.49,-0.02,10.863,0.58,8.537,0.362,0.77,1.138,0.797,0.13,0.107,9.114,2.082,0.051,0.517,0.006,1.025
1630168,Atlanta Hawks,Onyeka Okongwu,-0.54,-0.99,0.45,-0.05,-0.83,0.78,11.917,0.599,0.812,0.226,0.043,4.924,0.665,0.349,0.141,13.814,1.246,0.035,2.569,0.031,2.051
203493,New York Knicks,Reggie Bullock,-0.54,-0.62,0.08,0.57,0.34,0.23,13.801,0.506,10.198,0.395,0.736,1.625,0.854,0.12,0.136,5.332,2.298,0.069,0.256,0.003,0.89
200752,San Antonio Spurs,Rudy Gay,-0.55,-0.85,0.3,-0.48,-0.23,-0.25,22.992,0.478,11.218,0.353,0.486,4.244,0.819,0.196,0.238,10.786,2.878,0.099,1.32,0.015,2.234
203476,San Antonio Spurs,Gorgui Dieng,-0.56,-1.25,0.69,2.23,0.56,1.67,15.029,0.532,6.306,0.343,0.396,6.534,0.813,0.373,0.189,13.168,3.792,0.118,1.851,0.02,2.842
1627774,Minnesota Timberwolves,Jake Layman,-0.59,-1.08,0.49,-0.74,-0.88,0.14,14.46,0.567,6.724,0.311,0.483,3.093,0.706,0.197,0.153,6.128,1.832,0.061,1.244,0.015,1.573
1629052,Indiana Pacers,Oshae Brissett,-0.6,-0.39,-0.21,-0.54,-0.38,-0.16,12.838,0.546,7.241,0.341,0.539,3.561,0.77,0.295,0.136,9.121,1.851,0.053,1.495,0.017,1.167
1626178,Portland Trail Blazers,Rondae Hollis-Jefferson,-0.61,-1.25,0.64,-0.06,-1.24,1.18,10.523,0.505,1.189,0.242,0.069,6.031,0.679,0.475,0.129,11.964,4.028,0.13,1.162,0.013,2.067
1628993,Brooklyn Nets,Alize Johnson,-0.61,-0.68,0.08,-0.48,-0.64,0.16,15.773,0.584,1.454,0.28,0.092,5.173,0.766,0.288,0.181,20.047,2.555,0.085,1.053,0.013,2.416
1628988,Indiana Pacers,Aaron Holiday,-0.61,-0.76,0.16,-0.89,-1.15,0.26,18.762,0.454,7.133,0.361,0.412,3.881,0.82,0.234,0.208,4.36,6.016,0.172,0.543,0.006,2.549
203924,Detroit Pistons,Jerami Grant,-0.62,-0.29,-0.32,0.19,0.69,-0.5,27.039,0.467,9.138,0.352,0.346,10.244,0.784,0.392,0.306,6.516,4.298,0.15,1.432,0.017,2.985
1628467,Dallas Mavericks,Maxi Kleber,-0.62,-0.89,0.27,-0.08,-1.18,1.1,10.521,0.536,7.97,0.362,0.771,1.789,0.799,0.186,0.103,9.15,2.305,0.063,1.214,0.013,0.972
1628374,Chicago Bulls,Lauri Markkanen,-0.62,-0.29,-0.33,-0.13,0.43,-0.56,19.557,0.54,12.199,0.361,0.602,3.536,0.826,0.205,0.194,9.952,1.773,0.066,0.734,0.008,1.561
1626156,Minnesota Timberwolves,D'Angelo Russell,-0.63,1.19,-1.82,0.59,2.41,-1.82,23.72,0.505,11.579,0.361,0.521,5.537,0.801,0.259,0.275,4.926,10.068,0.32,0.614,0.007,4.299
1627885,Denver Nuggets,Shaquille Harrison,-0.64,-1.67,1.03,0.1,-1.53,1.63,11.069,0.485,2.885,0.263,0.261,3.307,0.708,0.252,0.127,7.931,3.18,0.087,1.133,0.013,1.667
1629023,Charlotte Hornets,P.J. Washington,-0.65,-1.22,0.57,-1.32,-1.44,0.12,18.058,0.524,8.231,0.359,0.461,3.572,0.726,0.21,0.193,10.044,3.159,0.097,1.538,0.017,2.462
1626179,Charlotte Hornets,Terry Rozier,-0.66,0.59,-1.24,-0.83,0.74,-1.57,22.961,0.504,11.105,0.361,0.489,4.709,0.828,0.214,0.237,6.459,6.234,0.203,0.519,0.006,2.708
203516,Orlando Magic,James Ennis III,-0.66,-0.9,0.24,-0.23,-0.42,0.19,14.528,0.497,6.754,0.35,0.478,4.702,0.771,0.345,0.168,8.526,2.885,0.098,0.572,0.007,2.114
1628972,Chicago Bulls,Troy Brown,-0.66,-0.87,0.21,-1.13,-1.36,0.23,14.739,0.5,6.312,0.332,0.447,3.206,0.758,0.203,0.153,9.921,2.625,0.08,0.512,0.006,1.684
1629630,Memphis Grizzlies,Ja Morant,-0.66,1.1,-1.76,-1.17,1.19,-2.36,24.185,0.516,7.107,0.321,0.305,8.714,0.751,0.386,0.274,6.18,10.106,0.314,0.367,0.004,4.054
202357,Miami Heat,Nemanja Bjelica,-0.66,-0.45,-0.21,0.78,0.3,0.48,15.806,0.537,9.179,0.357,0.588,3.446,0.758,0.204,0.17,10.473,4.988,0.138,0.836,0.009,2.359
1630214,Memphis Grizzlies,Xavier Tillman,-0.67,-1.53,0.86,-0.23,-1.43,1.2,13.81,0.551,3.778,0.29,0.265,2.955,0.648,0.199,0.148,12.169,2.862,0.086,1.395,0.016,1.879
201609,Miami Heat,Goran Dragic,-0.67,0.04,-0.71,-1.6,-0.61,-0.99,20.417,0.498,10.153,0.356,0.479,4.165,0.801,0.24,0.221,5.766,6.78,0.221,0.299,0.003,3.341
1628997,Charlotte Hornets,Caleb Martin,-0.67,-1.32,0.65,-0.39,-1.29,0.9,15.119,0.468,7.864,0.311,0.537,3.551,0.717,0.229,0.159,7.66,3.487,0.108,0.745,0.009,1.858
1628367,Detroit Pistons,Josh Jackson,-0.67,-1.36,0.68,-1.06,-1.12,0.06,21.227,0.472,7.626,0.333,0.374,6.643,0.771,0.317,0.247,7.779,5.092,0.167,1.375,0.015,3.991
1629091,Milwaukee Bucks,Elijah Bryant,-0.69,0.07,-0.76,-0.69,0.07,-0.76,19.727,0.438,11.834,0.328,0.661,1.963,0.853,0.115,0.217,3.633,11.544,0.388,0.073,0,4.599
203504,Dallas Mavericks,Trey Burke,-0.7,0.2,-0.9,-1.15,-0.37,-0.78,20.514,0.482,8.867,0.352,0.455,3.926,0.813,0.191,0.218,4.417,4.111,0.13,0.458,0.005,1.881
1630169,Sacramento Kings,Tyrese Haliburton,-0.72,0.43,-1.15,0.23,0.87,-0.64,20.605,0.487,9.199,0.36,0.488,3.046,0.784,0.152,0.221,4.899,8.506,0.274,0.642,0.008,3.098
201942,San Antonio Spurs,DeMar DeRozan,-0.74,1.08,-1.81,0.69,1.81,-1.12,23.653,0.507,1.274,0.242,0.06,10.817,0.853,0.487,0.273,6.37,8.756,0.28,0.435,0.005,3.155
1630217,Memphis Grizzlies,Desmond Bane,-0.76,-0.46,-0.3,-0.36,-0.35,-0.01,14.41,0.518,8.697,0.382,0.619,1.899,0.793,0.145,0.142,7.121,3.611,0.107,0.71,0.008,1.697
201961,Detroit Pistons,Wayne Ellington,-0.77,-0.34,-0.43,0.46,1.17,-0.71,17.557,0.477,13.003,0.38,0.833,1.98,0.811,0.108,0.18,4.645,3.454,0.114,0.395,0.005,1.472
201188,Los Angeles Lakers,Marc Gasol,-0.78,-3.16,2.38,-0.6,-2,1.4,9.536,0.501,7.47,0.351,0.726,2.53,0.752,0.214,0.125,11.191,5.835,0.178,2.33,0.027,2.536
1628370,Charlotte Hornets,Malik Monk,-0.79,0.5,-1.29,-0.54,1.06,-1.6,21.75,0.499,12.074,0.35,0.548,4.093,0.816,0.217,0.225,5.625,4.816,0.16,0.432,0.005,2.814
1630191,Detroit Pistons,Isaiah Stewart,-0.8,-1.46,0.66,-0.47,-1.15,0.68,16.182,0.545,4.521,0.303,0.29,3.948,0.719,0.234,0.185,14.634,1.905,0.065,3.132,0.035,2.311
203926,Indiana Pacers,Doug McDermott,-0.83,0.08,-0.91,0.61,1.33,-0.72,19.079,0.602,8.283,0.379,0.438,3.365,0.828,0.193,0.199,6.24,2.369,0.075,0.332,0.004,1.312
1630240,Detroit Pistons,Saben Lee,-0.83,-0.91,0.07,-0.51,-0.7,0.19,13.98,0.484,1.772,0.286,0.113,6.001,0.72,0.436,0.171,6.304,11.046,0.332,0.662,0.007,3.736
1627884,Portland Trail Blazers,Derrick Jones Jr.,-0.84,-0.92,0.08,0.34,-0.96,1.3,12.734,0.576,5.625,0.303,0.461,4.355,0.602,0.305,0.139,7.598,1.687,0.054,1.901,0.021,1.421
1627736,Minnesota Timberwolves,Malik Beasley,-0.84,0.47,-1.32,-0.89,0.97,-1.86,23.527,0.486,13.892,0.377,0.569,4.012,0.797,0.163,0.238,6.109,3.345,0.119,0.32,0.004,2.323
1628404,New Orleans Pelicans,Josh Hart,-0.85,-0.39,-0.46,-0.65,-0.75,0.1,14.401,0.562,7.902,0.339,0.547,4.166,0.743,0.243,0.173,13.44,3.951,0.127,0.596,0.007,2.063
1629690,Chicago Bulls,Adam Mokoka,-0.87,-1.09,0.22,-0.84,-1.09,0.25,17.094,0.518,8.306,0.299,0.47,4.318,0.702,0.236,0.181,6.513,3.597,0.116,0.598,0.006,2.693
1629103,Indiana Pacers,Kelan Martin,-0.87,-0.64,-0.23,-0.92,-0.64,-0.28,18.528,0.502,9.402,0.332,0.502,2.604,0.819,0.162,0.182,10.634,2.636,0.078,1.207,0.013,1.837
1629671,Utah Jazz,Miye Oni,-0.9,-1.65,0.75,-0.63,-1.6,0.97,9.141,0.52,7.793,0.324,0.875,0.887,0.736,0.185,0.094,7.128,2.348,0.067,0.569,0.007,1.287
1629714,Utah Jazz,Jarrell Brantley,-0.9,-1.03,0.13,-0.71,-0.97,0.26,18.773,0.493,9.837,0.309,0.504,3.743,0.694,0.188,0.213,9.037,5.063,0.141,0.782,0.008,3.313
1629611,Los Angeles Clippers,Terance Mann,-0.9,-0.4,-0.5,-0.99,-0.41,-0.58,14.946,0.551,5.432,0.355,0.355,3.914,0.785,0.263,0.158,7.857,3.208,0.087,0.445,0.005,1.579
1627745,Sacramento Kings,Damian Jones,-0.91,-1.56,0.65,-0.37,-1.45,1.08,10.04,0.641,1.083,0.268,0.064,5.086,0.729,0.502,0.139,12.188,2.9,0.09,2.363,0.026,2.202
1629013,Brooklyn Nets,Landry Shamet,-0.91,-0.02,-0.89,-0.17,-0.26,0.09,13.279,0.498,8.951,0.381,0.693,2.52,0.82,0.218,0.135,4.201,2.709,0.072,0.273,0.003,1.354
201959,New York Knicks,Taj Gibson,-0.91,-2.3,1.39,1.09,-0.59,1.68,8.98,0.614,0.973,0.23,0.056,2.664,0.744,0.298,0.104,13.062,1.826,0.052,1.976,0.022,1.198
1629638,New Orleans Pelicans,Nickeil Alexander-Walker,-0.92,-0.58,-0.33,-0.61,-0.53,-0.08,24.639,0.472,10.553,0.335,0.44,4.854,0.758,0.215,0.267,6.852,5.417,0.178,1.027,0.011,3.668
1627854,Milwaukee Bucks,Bryn Forbes,-0.92,0.69,-1.61,0.35,1.77,-1.42,18.196,0.465,14.108,0.405,0.731,1.76,0.784,0.092,0.176,4.469,1.342,0.042,0.091,0.001,1.376
203526,Washington Wizards,Raul Neto,-0.94,-0.97,0.03,-1.38,-1.05,-0.33,14.436,0.513,5.79,0.357,0.385,3.421,0.844,0.241,0.149,5.462,4.004,0.117,0.316,0.004,1.659
1628539,Golden State Warriors,Mychal Mulder,-0.95,0.28,-1.22,-0.94,0.33,-1.27,16.771,0.543,13.928,0.36,0.83,1.919,0.768,0.13,0.167,4.178,1.72,0.054,0.544,0.006,0.996
1629658,Oklahoma City Thunder,Jaylen Hoard,-0.95,-1.06,0.11,-0.88,-1.03,0.15,13.691,0.569,1.877,0.282,0.121,5.754,0.701,0.396,0.174,10.831,3.003,0.091,0.698,0.007,2.534
1629048,Indiana Pacers,Goga Bitadze,-0.96,-1.12,0.16,-0.64,-1.07,0.43,15.143,0.546,7.498,0.311,0.488,4.049,0.753,0.249,0.168,11.95,2.933,0.078,4.67,0.054,1.845
1629021,Orlando Magic,Moritz Wagner,-0.98,-0.74,-0.23,0.11,-0.23,0.34,15.806,0.542,7.712,0.34,0.48,4.791,0.811,0.314,0.189,10.03,2.888,0.096,1.069,0.012,2.578
1629234,San Antonio Spurs,Drew Eubanks,-0.98,-1.3,0.32,-0.48,-0.98,0.5,13.399,0.587,1.002,0.279,0.059,6.225,0.748,0.46,0.174,15.552,2.424,0.08,2.773,0.033,2.591
1629637,New Orleans Pelicans,Jaxson Hayes,-1,-0.67,-0.32,-0.9,-0.22,-0.68,17.307,0.608,1.478,0.29,0.083,7.893,0.752,0.474,0.202,12.395,1.707,0.065,2.22,0.023,2.161
1627761,Toronto Raptors,DeAndre' Bembry,-1.02,-1.84,0.82,-0.86,-1.53,0.67,13.629,0.542,3.582,0.298,0.261,4.278,0.671,0.293,0.16,7.881,5.635,0.181,0.86,0.01,3.348
1629750,Chicago Bulls,Javonte Green,-1.03,-1.25,0.22,-0.92,-1.19,0.27,12.997,0.548,4.3,0.303,0.323,4.768,0.76,0.289,0.158,7.725,2.231,0.069,0.766,0.007,1.973
1630180,Detroit Pistons,Saddiq Bey,-1.03,-0.63,-0.4,-0.87,-0.41,-0.46,17.928,0.468,11.124,0.362,0.63,4.291,0.827,0.228,0.187,8.069,2.277,0.075,0.479,0.005,1.496
1630178,Philadelphia 76ers,Tyrese Maxey,-1.06,-0.66,-0.4,-0.49,-0.42,-0.07,21.829,0.496,5.416,0.289,0.237,4.994,0.78,0.249,0.227,5.979,5.777,0.187,0.847,0.01,2.458
203463,Los Angeles Lakers,Ben McLemore,-1.06,-0.88,-0.18,-1.33,-0.38,-0.95,17.402,0.47,14.799,0.356,0.819,2.288,0.746,0.144,0.171,5.407,1.73,0.058,0.479,0.006,1.457
1629631,Atlanta Hawks,De'Andre Hunter,-1.06,-0.85,-0.21,-2.14,-1.36,-0.78,19.651,0.485,6.196,0.336,0.323,5.795,0.768,0.263,0.213,7.419,2.332,0.074,0.604,0.008,2.352
1630231,Houston Rockets,Kenyon Martin Jr.,-1.08,-0.89,-0.19,-0.4,-0.68,0.28,15.56,0.559,5.985,0.338,0.38,3.745,0.734,0.236,0.174,10.876,2.476,0.081,1.446,0.015,1.602
1629026,Oklahoma City Thunder,Kenrich Williams,-1.1,-1.38,0.28,-1.78,-1.67,-0.11,15.204,0.512,5.209,0.331,0.329,3.047,0.555,0.196,0.174,8.915,5.264,0.162,0.732,0.008,2.663
1629719,Los Angeles Lakers,Devontae Cacok,-1.1,-0.9,-0.2,-1.12,-0.9,-0.22,15.263,0.537,1.604,0.256,0.101,5.026,0.589,0.276,0.156,13.986,1.381,0.047,1.554,0.019,1.954
1628408,Denver Nuggets,PJ Dozier,-1.12,-1.16,0.04,-1.89,-1.5,-0.39,18.85,0.481,7.99,0.315,0.442,3.722,0.636,0.208,0.197,7.564,3.991,0.131,0.848,0.01,2.448
202355,Sacramento Kings,Hassan Whiteside,-1.12,-1.45,0.33,-0.68,-1.88,1.2,20.165,0.575,1.052,0.22,0.056,7.732,0.558,0.348,0.242,19.746,1.716,0.06,4.192,0.043,3.35
1627853,Chicago Bulls,Ryan Arcidiacono,-1.13,-1.31,0.19,-0.72,-0.87,0.15,14.393,0.472,7.676,0.338,0.549,3.069,0.773,0.208,0.155,6.756,6.429,0.215,0.163,0.002,1.887
1628964,Orlando Magic,Mo Bamba,-1.14,-1.07,-0.07,-0.02,-0.57,0.55,20.173,0.543,7.619,0.33,0.386,4.747,0.715,0.237,0.226,17.22,2.364,0.079,3.682,0.039,2.155
202397,Washington Wizards,Ish Smith,-1.14,-1.07,-0.08,-2.6,-2.09,-0.51,16.517,0.457,2.977,0.302,0.174,2.136,0.71,0.12,0.168,6.974,7.392,0.223,0.731,0.009,2.118
1627739,Atlanta Hawks,Kris Dunn,-1.15,-2.1,0.95,-0.73,-1.87,1.14,11.719,0.477,3.009,0.29,0.271,3.084,0.756,0.231,0.148,7.335,6.082,0.172,0.7,0.008,2.946
1629308,Golden State Warriors,Juan Toscano-Anderson,-1.15,-1.66,0.51,-1.16,-1.63,0.47,9.121,0.607,5.137,0.351,0.502,1.776,0.744,0.17,0.112,9.634,6.204,0.182,0.951,0.011,2.341
1630271,Cleveland Cavaliers,Brodric Thomas,-1.15,-1.75,0.61,-1,-1.75,0.75,13.212,0.487,6.945,0.331,0.506,3.939,0.752,0.279,0.153,6.559,4.144,0.128,0.886,0.01,2.479
1628976,Orlando Magic,Wendell Carter Jr.,-1.16,-1.61,0.45,-0.24,-0.97,0.73,17.979,0.527,2.546,0.28,0.145,6.745,0.737,0.352,0.214,15.39,3.25,0.107,1.453,0.016,2.524
202684,Boston Celtics,Tristan Thompson,-1.18,-1.66,0.49,-1.41,-1.41,0,11.72,0.553,1.133,0.243,0.064,4.631,0.593,0.349,0.148,16.803,2.502,0.071,1.333,0.014,2.253
201145,Brooklyn Nets,Jeff Green,-1.18,-0.53,-0.65,-0.11,0.6,-0.71,14.24,0.572,7.329,0.358,0.512,3.936,0.782,0.288,0.153,7.012,2.663,0.071,0.691,0.008,1.42
1629675,Minnesota Timberwolves,Naz Reid,-1.2,-0.46,-0.74,-0.33,0.15,-0.48,20.759,0.564,6.351,0.313,0.298,6.858,0.679,0.332,0.227,12.076,2.31,0.085,2.651,0.032,2.418
202066,Chicago Bulls,Garrett Temple,-1.2,-1.69,0.49,-1.3,-2.19,0.89,13.282,0.503,6.491,0.33,0.524,2.354,0.789,0.167,0.14,5.282,4.113,0.119,0.872,0.01,1.547
2730,Philadelphia 76ers,Dwight Howard,-1.2,-2.54,1.33,0.78,-0.05,0.83,11.75,0.647,1.009,0.188,0.06,9.171,0.561,0.769,0.18,22.633,2.262,0.07,2.331,0.027,3.765
1628380,Portland Trail Blazers,Zach Collins,-1.21,-1.32,0.11,-1.32,-1.67,0.35,16.098,0.526,5.181,0.297,0.312,3.774,0.719,0.228,0.173,12.381,2.664,0.088,1.639,0.02,2.588
1630182,Dallas Mavericks,Josh Green,-1.21,-1.7,0.49,-1.09,-1.66,0.57,12.333,0.512,3.266,0.263,0.284,3.615,0.619,0.24,0.138,8.513,3.153,0.091,0.504,0.006,2.125
1629726,Washington Wizards,Garrison Mathews,-1.21,-0.94,-0.27,-1.05,-0.91,-0.14,11.477,0.516,9.612,0.359,0.836,4.323,0.834,0.327,0.113,4.375,1.29,0.041,0.334,0.004,0.949
1627812,Los Angeles Clippers,Yogi Ferrell,-1.22,-0.63,-0.58,-1.05,-0.52,-0.53,19.756,0.468,9.046,0.345,0.448,3.644,0.799,0.181,0.188,6.428,7.155,0.2,0.466,0.005,1.941
1629643,Orlando Magic,Chuma Okeke,-1.22,-1.65,0.43,-0.85,-1.54,0.69,18.533,0.465,8.246,0.338,0.439,3.27,0.761,0.171,0.205,8.07,4.468,0.152,0.994,0.011,2.313
203471,Los Angeles Lakers,Dennis Schroder,-1.22,-0.54,-0.68,-2.35,-1.09,-1.26,18.581,0.503,6.604,0.359,0.362,5.733,0.819,0.318,0.213,5.117,8.607,0.27,0.297,0.004,3.505
202335,Los Angeles Clippers,Patrick Patterson,-1.24,-0.97,-0.26,-0.39,-0.25,-0.14,14.538,0.499,10.308,0.35,0.677,2.049,0.725,0.118,0.139,7.206,2.167,0.059,0.47,0.005,1.099
201580,Denver Nuggets,JaVale McGee,-1.24,-2.35,1.11,0.75,-1.49,2.24,19.456,0.601,2.055,0.209,0.115,5.306,0.584,0.224,0.234,17.086,2.04,0.08,4.119,0.044,3.391
1629639,Miami Heat,Tyler Herro,-1.25,-0.31,-0.94,-0.22,0.24,-0.46,20.476,0.491,9.839,0.362,0.469,3.905,0.825,0.198,0.218,8.204,5.319,0.17,0.515,0.006,2.602
202709,Detroit Pistons,Cory Joseph,-1.26,-1.22,-0.04,-1.77,-1.57,-0.2,16.499,0.493,4.597,0.302,0.275,4.18,0.809,0.243,0.188,5.584,8.936,0.266,0.577,0.007,3.227
1628778,Toronto Raptors,Paul Watson,-1.26,-0.76,-0.5,-1.25,-0.79,-0.46,16.431,0.477,11.187,0.353,0.724,2.87,0.75,0.203,0.16,7.54,3.03,0.101,0.536,0.007,1.651
1629685,Cleveland Cavaliers,Dylan Windler,-1.26,-1.08,-0.19,-1.2,-1.07,-0.13,15.071,0.519,8.07,0.319,0.539,3.306,0.748,0.231,0.168,10.131,3.145,0.095,1.095,0.012,2.421
1630234,Phoenix Suns,Ty-Shon Alexander,-1.28,-1.33,0.05,-1.27,-1.33,0.06,17.208,0.459,8.049,0.3,0.47,5.062,0.71,0.23,0.194,7.65,5.16,0.156,0.569,0.006,3.294
1629012,Cleveland Cavaliers,Collin Sexton,-1.28,0.33,-1.61,-0.68,1.46,-2.14,26.46,0.517,6.782,0.357,0.261,9.733,0.83,0.402,0.316,5.099,6.648,0.256,0.378,0.004,4.197
1630198,Philadelphia 76ers,Isaiah Joe,-1.28,-0.7,-0.58,-1.19,-0.63,-0.56,18.98,0.444,13.876,0.334,0.78,4.011,0.722,0.222,0.194,4.972,2.631,0.081,0.316,0.004,1.902
202326,Los Angeles Clippers,DeMarcus Cousins,-1.29,-1.82,0.53,1.16,-0.31,1.47,25.128,0.522,6.556,0.313,0.238,7.564,0.702,0.325,0.278,17.235,4.429,0.159,1.709,0.02,4.275
1629014,Portland Trail Blazers,Anfernee Simons,-1.31,0.14,-1.44,-0.43,0.15,-0.58,15.103,0.47,10.811,0.37,0.71,2.264,0.824,0.157,0.151,6.21,3.176,0.098,0.323,0.004,1.35
202334,Minnesota Timberwolves,Ed Davis,-1.31,-2.36,1.05,0.79,-0.92,1.71,8.285,0.534,0.941,0.203,0.085,3.603,0.614,0.32,0.099,17.982,2.569,0.085,1.775,0.02,1.821
1628398,Los Angeles Lakers,Kyle Kuzma,-1.31,-1.2,-0.11,-1.78,-0.76,-1.02,18.681,0.512,9.31,0.344,0.497,3.446,0.716,0.205,0.197,9.143,3.184,0.103,0.883,0.011,2.496
1628379,Los Angeles Clippers,Luke Kennard,-1.32,0.44,-1.76,-0.31,0.78,-1.09,16.115,0.523,10.096,0.396,0.646,1.583,0.83,0.102,0.159,5.438,3.023,0.088,0.152,0.002,1.401
1629139,Toronto Raptors,Yuta Watanabe,-1.33,-1.3,-0.02,-1.4,-1.26,-0.14,14.968,0.478,7.613,0.344,0.514,2.763,0.776,0.188,0.16,9.875,2.919,0.095,0.95,0.011,1.629
204038,Phoenix Suns,Langston Galloway,-1.34,-0.51,-0.83,-0.78,-0.05,-0.73,19.15,0.451,10.249,0.361,0.525,3.134,0.829,0.172,0.192,5.02,2.431,0.076,0.12,0.001,1.579
1629660,Oklahoma City Thunder,Ty Jerome,-1.36,-0.72,-0.64,-1.14,-0.45,-0.69,18.657,0.466,11.357,0.36,0.593,3.118,0.781,0.169,0.202,5.709,7.623,0.245,0.43,0.005,3.446
203085,Denver Nuggets,Austin Rivers,-1.36,-0.56,-0.8,-0.68,-0.48,-0.2,12.322,0.52,8.388,0.364,0.674,1.764,0.725,0.167,0.127,4.121,3.721,0.103,0.227,0.003,1.371
1628410,Indiana Pacers,Edmond Sumner,-1.38,-1.06,-0.32,-1.32,-1.1,-0.22,17.599,0.564,5.203,0.311,0.325,4.921,0.774,0.308,0.199,5.556,3.126,0.099,0.59,0.007,2.504
201599,Brooklyn Nets,DeAndre Jordan,-1.4,-2.27,0.87,0.17,-1.43,1.6,11.162,0.653,0.96,0.186,0.054,5.219,0.524,0.406,0.147,17.898,2.87,0.09,2.166,0.022,3.081
1629642,Portland Trail Blazers,Nassir Little,-1.4,-0.32,-1.09,-1.14,-0.35,-0.79,14.388,0.523,6.367,0.317,0.497,4.38,0.735,0.223,0.156,9.716,1.772,0.053,0.907,0.011,1.638
1629677,San Antonio Spurs,Luka Samanic,-1.42,-1.49,0.08,-1.44,-1.47,0.03,18.666,0.527,6.242,0.289,0.371,5.689,0.646,0.295,0.21,11.365,2.541,0.095,1.366,0.016,2.864
203960,Indiana Pacers,JaKarr Sampson,-1.42,-1.55,0.14,-2.19,-1.69,-0.5,17.381,0.566,2.486,0.288,0.133,4.549,0.706,0.247,0.177,11.021,1.733,0.052,1.666,0.018,1.88
1629162,Minnesota Timberwolves,Jordan McLaughlin,-1.42,-1.24,-0.18,-1.38,-1.11,-0.27,11.372,0.492,5.513,0.342,0.457,2.457,0.751,0.195,0.126,5.391,8.207,0.247,0.303,0.004,2.127
203648,Milwaukee Bucks,Thanasis Antetokounmpo,-1.42,-1.88,0.46,-1.3,-1.83,0.53,11.565,0.513,2.034,0.255,0.157,5.868,0.566,0.343,0.159,10.573,3.144,0.094,0.781,0.008,3.411
202083,Los Angeles Lakers,Wesley Matthews,-1.43,-2.26,0.83,-1.44,-1.58,0.14,12.186,0.473,9.612,0.359,0.782,2.287,0.788,0.19,0.122,4.299,1.908,0.06,0.537,0.006,0.93
201229,Philadelphia 76ers,Anthony Tolliver,-1.43,-2.2,0.77,-1.86,-1.9,0.04,10.295,0.455,7.684,0.349,0.803,2.157,0.693,0.167,0.105,7.08,1.59,0.047,0.597,0.007,1.442
1626196,Dallas Mavericks,Josh Richardson,-1.44,-0.53,-0.91,-2,-1.11,-0.89,18.662,0.496,7.297,0.353,0.389,4.159,0.846,0.225,0.193,5.793,3.82,0.119,0.692,0.008,2.16
1627756,Chicago Bulls,Denzel Valentine,-1.44,-1.4,-0.05,-1.98,-1.34,-0.64,20.8,0.477,11.519,0.348,0.553,1.942,0.817,0.093,0.206,9.241,5.29,0.166,0.45,0.005,2.4
1629003,Philadelphia 76ers,Shake Milton,-1.45,-0.46,-0.99,-1.56,-0.44,-1.12,21.662,0.498,7.894,0.346,0.394,5.592,0.798,0.267,0.234,5.329,6.095,0.198,0.518,0.006,3.211
201952,Milwaukee Bucks,Jeff Teague,-1.48,-0.79,-0.69,-1.31,-0.84,-0.47,13.221,0.47,4.605,0.344,0.326,5.095,0.832,0.355,0.172,4.804,5.805,0.17,0.454,0.005,2.998
1629632,Chicago Bulls,Coby White,-1.49,-0.58,-0.91,-1.57,-0.47,-1.1,22.052,0.491,11.159,0.362,0.523,4.111,0.859,0.201,0.233,6.058,8.118,0.253,0.342,0.004,3.568
1628470,Phoenix Suns,Torrey Craig,-1.49,-0.65,-0.84,-0.37,-0.71,0.34,13.303,0.552,6.536,0.324,0.496,2.022,0.71,0.172,0.133,11.508,1.963,0.051,1.304,0.014,1.487
1629669,Minnesota Timberwolves,Jaylen Nowell,-1.49,-0.64,-0.85,-1.26,-0.42,-0.84,19.676,0.474,9.712,0.321,0.489,3.754,0.798,0.205,0.198,6.165,3.795,0.13,0.707,0.009,1.777
1628455,Brooklyn Nets,Mike James,-1.49,-0.98,-0.52,-1.47,-0.94,-0.53,19.048,0.445,7.494,0.318,0.378,3.889,0.762,0.195,0.209,6.099,8.586,0.246,0.146,0.002,2.79
1630466,Oklahoma City Thunder,Gabriel Deck,-1.5,-1.09,-0.4,-1.45,-1.08,-0.37,15.014,0.506,4.193,0.323,0.27,4.894,0.777,0.303,0.173,8.479,4.199,0.131,0.413,0.004,2.436
1628402,Detroit Pistons,Frank Jackson,-1.51,-0.61,-0.9,-1.42,-0.34,-1.08,21.508,0.472,10.15,0.366,0.491,5.201,0.816,0.245,0.223,5.488,2.572,0.097,0.197,0.002,2.326
1630170,San Antonio Spurs,Devin Vassell,-1.52,-1.52,0,-1.45,-1.49,0.04,15.584,0.477,6.607,0.35,0.451,2.613,0.808,0.194,0.155,7.667,2.544,0.081,0.722,0.008,1.324
1629740,Dallas Mavericks,Nicolo Melli,-1.52,-1.44,-0.09,-1.08,-1.27,0.19,13.654,0.483,8.64,0.326,0.612,2.721,0.74,0.223,0.142,10.569,2.913,0.089,0.669,0.008,1.447
101141,Utah Jazz,Ersan Ilyasova,-1.52,-1.78,0.26,0.11,-0.55,0.66,18.279,0.462,12.287,0.351,0.653,3.073,0.776,0.2,0.194,11.135,1.756,0.05,0.721,0.008,1.694
1628365,Orlando Magic,Markelle Fultz,-1.52,-0.98,-0.55,-1.67,-0.94,-0.73,21.665,0.476,4.712,0.27,0.22,4.867,0.76,0.231,0.25,6.084,8.758,0.285,0.517,0.006,3.54
1629744,Utah Jazz,Matt Thomas,-1.52,-0.44,-1.08,-1.24,-0.24,-1,21.152,0.485,12.252,0.359,0.583,2.942,0.767,0.162,0.21,7.076,3.047,0.1,0.26,0.003,2.149
1629629,Atlanta Hawks,Cam Reddish,-1.53,-0.99,-0.53,-1.26,-1.31,0.05,16.517,0.471,5.8,0.326,0.379,5.174,0.786,0.253,0.176,7.235,2.368,0.071,0.699,0.008,2.357
1628414,Orlando Magic,Sindarius Thornwell,-1.54,-2.26,0.73,-1.79,-2.61,0.82,10.013,0.471,5.113,0.329,0.509,1.831,0.674,0.197,0.114,5.21,4.042,0.13,0.692,0.008,1.846
1628427,Denver Nuggets,Vlatko Cancar,-1.54,-1,-0.54,-1.43,-0.94,-0.49,13.999,0.561,5.729,0.304,0.427,3.677,0.743,0.292,0.161,9.282,2.27,0.078,0.524,0.006,1.93
1627752,Cleveland Cavaliers,Taurean Prince,-1.55,-0.9,-0.64,-1.17,-0.86,-0.31,20.985,0.449,9.831,0.363,0.499,4.462,0.805,0.205,0.223,8.039,4.454,0.151,0.901,0.01,2.836
1630268,Charlotte Hornets,Nate Darling,-1.55,-1.43,-0.11,-1.53,-1.43,-0.1,16.57,0.457,9.996,0.321,0.661,4.677,0.742,0.254,0.184,7.267,3.414,0.102,0.922,0.009,2.414
1628425,Houston Rockets,Sterling Brown,-1.56,-1.44,-0.12,-1.03,-0.98,-0.05,15.614,0.475,9.511,0.349,0.625,2.065,0.762,0.133,0.161,8.995,2.599,0.093,0.548,0.007,1.684
1629346,Golden State Warriors,Alen Smailagic,-1.57,-1.91,0.34,-1.51,-1.92,0.41,14.464,0.528,5.514,0.284,0.366,4.924,0.618,0.322,0.178,10.468,2.179,0.07,2.126,0.024,2.459
1630264,Washington Wizards,Anthony Gill,-1.58,-1.22,-0.36,-1.55,-1.22,-0.33,13.623,0.548,4.783,0.303,0.363,3.56,0.738,0.3,0.147,10.276,1.89,0.063,0.82,0.009,1.743
1628372,Detroit Pistons,Dennis Smith Jr.,-1.58,-1.89,0.3,-0.81,-1.36,0.55,18.749,0.447,7.299,0.309,0.414,3.971,0.63,0.231,0.211,6.927,8.362,0.284,1.1,0.013,3.75
1629640,San Antonio Spurs,Keldon Johnson,-1.59,-0.7,-0.89,-1.89,-0.56,-1.33,17.092,0.541,4.906,0.334,0.278,5.22,0.759,0.296,0.185,9.002,2.486,0.075,0.487,0.006,1.768
1627789,Brooklyn Nets,Timothe Luwawu-Cabarrot,-1.59,-0.79,-0.8,-1.69,-0.95,-0.74,17.524,0.474,11.028,0.333,0.665,2.698,0.795,0.178,0.171,6.49,2.739,0.078,0.224,0.002,1.854
1628385,Portland Trail Blazers,Harry Giles III,-1.59,-1.97,0.38,-0.36,-1.56,1.2,18.366,0.502,5.252,0.276,0.309,4.96,0.628,0.219,0.222,16.058,3.719,0.115,1.75,0.019,3.427
1630201,Toronto Raptors,Malachi Flynn,-1.59,-1.22,-0.37,-1.46,-1.14,-0.32,20.363,0.462,9.572,0.337,0.505,4.503,0.812,0.196,0.217,6.202,8.079,0.258,0.309,0.003,3.025
1630241,Milwaukee Bucks,Sam Merrill,-1.6,-1.37,-0.23,-1.51,-1.33,-0.18,15.971,0.45,9.765,0.339,0.596,2.675,0.724,0.173,0.159,6.584,2.931,0.087,0.254,0.003,2.321
1629626,Denver Nuggets,Bol Bol,-1.6,-1.69,0.09,-1.49,-1.7,0.21,18.645,0.492,7.15,0.328,0.382,5.714,0.683,0.309,0.228,9.716,2.081,0.07,2.596,0.027,3.037
1630207,Dallas Mavericks,Nate Hinton,-1.6,-1.73,0.13,-1.55,-1.72,0.17,20.295,0.439,10.875,0.302,0.501,4.827,0.699,0.23,0.232,6.438,3.722,0.128,0.75,0.008,2.943
1629610,San Antonio Spurs,DaQuan Jeffries,-1.61,-1.22,-0.39,-1.63,-1.27,-0.36,13.684,0.509,6.967,0.343,0.582,1.929,0.794,0.155,0.143,7.32,2.913,0.093,0.803,0.009,1.529
203082,Orlando Magic,Terrence Ross,-1.62,-0.74,-0.87,-0.51,0.07,-0.58,23.576,0.476,9.805,0.352,0.423,5.649,0.832,0.243,0.253,5.968,4.53,0.156,0.699,0.008,2.628
1626163,Phoenix Suns,Frank Kaminsky,-1.63,-1.32,-0.31,-1.14,-1.16,0.02,18.164,0.502,4.538,0.33,0.264,4.977,0.62,0.243,0.194,13.104,5.38,0.156,0.94,0.011,2.34
1629681,Memphis Grizzlies,Killian Tillie,-1.64,-2.06,0.42,-1.62,-2.07,0.45,16.374,0.452,9.399,0.326,0.589,4.016,0.721,0.218,0.165,8.241,2.01,0.061,1.628,0.018,1.721
1630179,Dallas Mavericks,Tyrell Terry,-1.64,-1.19,-0.45,-1.63,-1.18,-0.45,18.035,0.459,7.962,0.29,0.416,4.413,0.691,0.216,0.184,6.107,5.878,0.184,0.467,0.005,2.865
1629599,Los Angeles Clippers,Amir Coffey,-1.64,-1.49,-0.15,-1.67,-1.44,-0.23,14.468,0.486,6.887,0.331,0.492,4.504,0.698,0.31,0.16,6.654,2.643,0.08,0.156,0.002,1.952
201949,New Orleans Pelicans,James Johnson,-1.65,-2.38,0.74,-0.35,-1.7,1.35,15.523,0.538,5.546,0.322,0.346,3.767,0.665,0.244,0.174,8.631,4.529,0.141,1.638,0.02,2.602
203957,Houston Rockets,Dante Exum,-1.65,-1.44,-0.21,-2.21,-1.39,-0.82,15.689,0.5,5.848,0.322,0.411,4.359,0.755,0.28,0.174,7.234,4.588,0.135,0.778,0.009,2.785
1627823,Minnesota Timberwolves,Juancho Hernangomez,-1.65,-0.93,-0.72,-1.67,-1.19,-0.48,16.216,0.543,9.493,0.335,0.586,5.308,0.664,0.33,0.171,10.443,1.792,0.055,0.532,0.006,1.532
1629117,New Orleans Pelicans,Wenyen Gabriel,-1.65,-2.04,0.39,-1.69,-2.09,0.4,13.351,0.5,8.207,0.323,0.585,3.446,0.686,0.253,0.15,9.726,2.352,0.079,1.555,0.017,2.275
201588,Philadelphia 76ers,George Hill,-1.66,-1.23,-0.43,-1.28,-0.89,-0.39,11.99,0.532,5.403,0.355,0.412,3.566,0.791,0.287,0.135,5.006,4.984,0.136,0.366,0.004,1.961
1628035,Los Angeles Lakers,Alfonzo McKinnie,-1.68,-1,-0.67,-1.8,-0.87,-0.93,16.418,0.549,7.19,0.309,0.439,2.985,0.639,0.198,0.158,9.337,1.174,0.035,0.597,0.005,1.423
1626253,Milwaukee Bucks,Axel Toupane,-1.68,-2.06,0.39,-1.64,-2.07,0.43,14.503,0.46,5.976,0.319,0.454,4.229,0.706,0.24,0.151,7.076,2.14,0.063,0.803,0.008,1.822
203521,Cleveland Cavaliers,Matthew Dellavedova,-1.68,-1.52,-0.16,-1.51,-0.88,-0.63,12.744,0.456,5.944,0.336,0.49,2.441,0.805,0.167,0.135,5.218,11.08,0.307,0.311,0.003,3.108
1630235,Utah Jazz,Trent Forrest,-1.69,-1.42,-0.27,-1.49,-1.36,-0.13,15.043,0.498,5.21,0.307,0.351,4.524,0.784,0.211,0.181,7.21,6.283,0.18,0.53,0.006,3.064
1628961,Los Angeles Lakers,Kostas Antetokounmpo,-1.69,-2.62,0.93,-1.73,-2.65,0.92,14.615,0.525,2.386,0.255,0.134,6.719,0.582,0.365,0.177,13.147,1.85,0.065,2.153,0.026,3.437
203585,Detroit Pistons,Rodney McGruder,-1.69,-0.95,-0.75,-1.08,-0.91,-0.17,17.519,0.504,6.62,0.318,0.377,3.429,0.69,0.189,0.176,7.245,3.283,0.111,0.422,0.005,1.702
201569,Houston Rockets,Eric Gordon,-1.71,-0.35,-1.35,-0.16,1.35,-1.51,23.789,0.513,13.105,0.341,0.545,6.89,0.79,0.269,0.266,4.33,4.461,0.173,0.737,0.009,2.715
1629653,Chicago Bulls,Devon Dotson,-1.73,-1.08,-0.65,-1.73,-1.08,-0.65,17.674,0.475,7.047,0.293,0.361,4.495,0.713,0.208,0.187,5.879,6.56,0.198,0.328,0.004,2.855
1629035,Boston Celtics,Carsen Edwards,-1.73,-0.8,-0.94,-1.59,-0.66,-0.93,19.208,0.506,11.494,0.343,0.618,3.209,0.785,0.156,0.189,5.252,3.184,0.097,0.329,0.004,1.536
1630192,Denver Nuggets,Zeke Nnaji,-1.74,-0.73,-1.01,-1.53,-0.58,-0.95,16.025,0.541,10.043,0.329,0.65,3.326,0.721,0.19,0.163,8.631,1.775,0.06,0.715,0.008,1.59
1630258,Washington Wizards,Caleb Homesley,-1.74,-1.47,-0.26,-1.73,-1.47,-0.26,16.23,0.48,7.923,0.305,0.472,3.86,0.713,0.25,0.169,7.705,3.538,0.111,0.693,0.007,2.235
1629636,Cleveland Cavaliers,Darius Garland,-1.74,-0.32,-1.42,-1.43,0.33,-1.76,24.964,0.473,9.279,0.355,0.371,5.275,0.824,0.231,0.267,4.219,8.641,0.31,0.295,0.004,4.541
1626145,Memphis Grizzlies,Tyus Jones,-1.74,-1.34,-0.41,-1.21,-0.73,-0.48,15.508,0.487,5.872,0.327,0.363,2.34,0.837,0.156,0.16,5.632,9.263,0.276,0.308,0.004,1.568
1630218,Sacramento Kings,Robert Woodard,-1.75,-1.62,-0.13,-1.74,-1.62,-0.12,17.096,0.499,9.272,0.311,0.556,5.239,0.665,0.211,0.177,10.278,2.56,0.082,1.269,0.015,2.361
1626245,Chicago Bulls,Cristiano Felicio,-1.75,-1.92,0.17,-1.41,-1.86,0.45,11.079,0.552,2.443,0.244,0.181,5.454,0.647,0.429,0.132,13.537,3.366,0.099,0.542,0.005,2.4
1628966,San Antonio Spurs,Keita Bates-Diop,-1.76,-1.65,-0.1,-1.43,-1.52,0.09,12.5,0.519,2.677,0.287,0.194,4.432,0.667,0.29,0.141,9.884,2.236,0.072,1.14,0.014,1.571
1627863,Houston Rockets,Danuel House Jr.,-1.78,-1.15,-0.63,-1.11,-0.56,-0.55,16.328,0.493,8.81,0.347,0.55,3.416,0.737,0.201,0.172,7.317,3.453,0.107,0.753,0.009,1.739
1628995,New York Knicks,Kevin Knox,-1.79,-1.5,-0.28,-1.96,-1.4,-0.56,17.112,0.45,10.875,0.336,0.64,4.369,0.714,0.235,0.181,7.24,2.209,0.073,0.873,0.011,2.097
203118,Philadelphia 76ers,Mike Scott,-1.8,-2.17,0.37,-1.84,-1.68,-0.16,13.265,0.468,9.969,0.343,0.714,1.275,0.692,0.1,0.129,7.786,2.54,0.073,0.647,0.007,1.138
1629662,Cleveland Cavaliers,Mfiondu Kabengele,-1.8,-1.56,-0.24,-1.68,-1.53,-0.15,15.113,0.52,9.055,0.319,0.56,4.082,0.745,0.261,0.172,10.367,2.724,0.091,1.535,0.018,2.042
203901,New York Knicks,Elfrid Payton,-1.81,-1.68,-0.13,-1.67,-1.44,-0.23,19.941,0.478,3.007,0.256,0.164,4.601,0.598,0.219,0.229,7.272,7.098,0.226,0.354,0.005,3.458
1629633,Minnesota Timberwolves,Jarrett Culver,-1.82,-1.88,0.07,-1.64,-1.78,0.14,17.458,0.467,6.71,0.304,0.413,4.825,0.577,0.273,0.196,8.219,2.838,0.097,0.916,0.011,2.691
200782,Milwaukee Bucks,P.J. Tucker,-1.82,-2.81,1,-2.03,-2.53,0.5,6.622,0.505,4.167,0.353,0.627,0.849,0.733,0.108,0.07,8.067,1.897,0.041,0.429,0.005,1.09
1629109,Philadelphia 76ers,Gary Clark,-1.83,-1.13,-0.7,-1.35,-0.98,-0.37,13.127,0.478,8.642,0.324,0.632,2.197,0.736,0.206,0.145,9.204,2.233,0.079,0.805,0.01,1.603
1629645,Houston Rockets,Kevin Porter Jr.,-1.83,-0.41,-1.42,-1.41,-0.25,-1.16,23.07,0.494,10.197,0.327,0.462,6.842,0.741,0.295,0.261,6.033,8.167,0.297,0.529,0.006,4.872
1629007,Memphis Grizzlies,Jontay Porter,-1.83,-2.08,0.25,-1.83,-2.08,0.25,15.761,0.529,5.99,0.292,0.406,4.631,0.679,0.276,0.169,12.884,1.934,0.055,1.601,0.02,2.612
1630205,Cleveland Cavaliers,Lamar Stevens,-1.84,-2.15,0.31,-1.64,-2.14,0.5,15.098,0.516,3.234,0.26,0.224,5.219,0.7,0.313,0.172,10.079,2.572,0.082,1.243,0.014,2.169
1629717,Houston Rockets,Armoni Brooks,-1.88,-1.01,-0.87,-1.8,-0.99,-0.81,16.751,0.492,13.104,0.349,0.787,1.881,0.764,0.126,0.171,5.676,3.497,0.109,0.483,0.006,1.645
1630172,Chicago Bulls,Patrick Williams,-1.88,-1.73,-0.15,-0.97,-1.39,0.42,15.238,0.521,4.204,0.354,0.292,3.637,0.741,0.26,0.175,8.075,2.818,0.089,1.017,0.011,2.062
1629670,Milwaukee Bucks,Jordan Nwora,-1.88,-0.73,-1.16,-1.86,-0.65,-1.21,23.175,0.482,11.16,0.33,0.456,5.822,0.713,0.22,0.257,11.277,1.678,0.045,1.042,0.012,3.317
1628388,Portland Trail Blazers,TJ Leaf,-1.89,-0.94,-0.94,-2,-0.87,-1.13,17.548,0.527,1.586,0.277,0.108,4.648,0.649,0.226,0.193,12.197,1.755,0.059,1.187,0.013,1.902
1628395,Golden State Warriors,Jordan Bell,-1.89,-2.14,0.26,-1.73,-2.38,0.65,12.985,0.488,2.007,0.271,0.131,3.611,0.606,0.267,0.163,13.542,3.71,0.104,2.49,0.028,2.508
1629076,Detroit Pistons,Tyler Cook,-1.89,-1.61,-0.28,-1.73,-1.53,-0.2,13.039,0.585,1.213,0.262,0.07,4.886,0.626,0.357,0.158,10.735,1.944,0.067,0.481,0.005,2.523
1630166,Washington Wizards,Deni Avdija,-1.9,-1.89,-0.01,-2.11,-1.88,-0.23,14.11,0.509,6.418,0.322,0.496,2.717,0.646,0.197,0.148,9.349,2.099,0.068,0.771,0.009,1.525
1626162,Golden State Warriors,Kelly Oubre,-1.9,-1.39,-0.51,-0.56,-0.34,-0.22,21.57,0.507,9.285,0.335,0.432,6.059,0.712,0.287,0.237,9.078,1.972,0.077,1.071,0.012,2.219
1630190,Utah Jazz,Elijah Hughes,-1.9,-1.34,-0.57,-1.89,-1.34,-0.55,19.334,0.468,13.441,0.319,0.686,4.195,0.726,0.254,0.194,7.791,3.42,0.111,0.608,0.006,2.769
201143,Oklahoma City Thunder,Al Horford,-1.92,-2,0.08,1.82,0.65,1.17,23.037,0.499,9.962,0.362,0.424,2.598,0.784,0.144,0.234,11.829,5.501,0.223,1.63,0.018,2.188
1629667,Charlotte Hornets,Jalen McDaniels,-1.92,-1.4,-0.53,-1.64,-1.35,-0.29,15.065,0.55,6.203,0.318,0.413,3.286,0.721,0.239,0.17,9.849,2.81,0.084,1.096,0.012,2.064
1630230,New Orleans Pelicans,Naji Marshall,-1.93,-2.29,0.36,-1.97,-2.39,0.42,15.597,0.495,5.87,0.315,0.378,4.893,0.729,0.314,0.181,10.232,5.29,0.152,0.653,0.007,2.385
1630253,Memphis Grizzlies,Sean McDermott,-1.94,-1.37,-0.57,-1.9,-1.34,-0.56,15.078,0.504,7.959,0.313,0.578,4.171,0.767,0.242,0.153,7.174,2.485,0.082,0.843,0.008,1.893
1629730,Philadelphia 76ers,Rayjon Tucker,-1.94,-0.75,-1.19,-1.92,-0.72,-1.2,15.984,0.511,5.329,0.29,0.379,8.566,0.704,0.345,0.198,6.987,3.841,0.131,0.391,0.004,3.035
1630186,Sacramento Kings,Jahmi'us Ramsey,-1.94,-1.38,-0.56,-1.93,-1.38,-0.55,17.466,0.487,9.048,0.31,0.516,3.415,0.775,0.193,0.18,5.598,4.07,0.115,0.485,0.006,2.284
1629644,Miami Heat,KZ Okpala,-1.95,-2.11,0.16,-1.79,-2.1,0.31,12.281,0.565,5.225,0.313,0.447,3.292,0.621,0.265,0.131,8.407,2.03,0.064,1.319,0.014,1.834
1630183,Minnesota Timberwolves,Jaden McDaniels,-1.96,-2.08,0.12,-1.92,-2.35,0.43,10.388,0.54,6.148,0.341,0.584,1.623,0.694,0.133,0.104,7.073,1.868,0.057,1.617,0.02,1.069
1629713,Sacramento Kings,Justin James,-1.97,-1.22,-0.75,-1.96,-1.17,-0.79,19.443,0.504,7.319,0.333,0.352,6.62,0.711,0.322,0.22,5.983,3.377,0.115,0.661,0.008,2.486
1630203,Charlotte Hornets,Grant Riller,-1.98,-1.12,-0.86,-1.98,-1.12,-0.86,20.259,0.444,8.402,0.306,0.397,4.073,0.738,0.21,0.219,5.525,6.165,0.195,0.347,0.004,2.923
1628962,Utah Jazz,Udoka Azubuike,-1.98,-2.18,0.2,-1.96,-2.18,0.22,15.791,0.512,3.139,0.23,0.174,7.211,0.637,0.309,0.177,12.542,1.75,0.047,2.235,0.027,3.174
202693,Los Angeles Lakers,Markieff Morris,-1.99,-2.24,0.25,-2.97,-2.23,-0.74,16.257,0.486,8.51,0.332,0.517,2.543,0.745,0.18,0.174,10.337,2.927,0.087,0.871,0.009,2.238
1628963,Sacramento Kings,Marvin Bagley III,-1.99,-0.37,-1.62,-2.56,-0.48,-2.08,22.596,0.537,4.331,0.25,0.202,6.389,0.629,0.297,0.265,13.757,1.943,0.075,1.088,0.011,2.7
1629617,Brooklyn Nets,Reggie Perry,-1.99,-1.35,-0.64,-1.93,-1.33,-0.6,19.505,0.534,7.199,0.294,0.33,5.475,0.678,0.226,0.213,14.348,2.129,0.07,1.228,0.015,3.017
1628977,Detroit Pistons,Hamidou Diallo,-2,-1.4,-0.6,-1.61,-0.96,-0.65,19.508,0.5,5.063,0.311,0.234,7.041,0.658,0.342,0.218,10.847,3.273,0.11,1.086,0.012,2.724
1629752,Utah Jazz,Juwan Morgan,-2.01,-2.08,0.07,-1.83,-2.1,0.27,12.482,0.539,3.357,0.278,0.33,3.826,0.618,0.201,0.136,10.932,2.868,0.083,0.6,0.007,1.924
1628400,Boston Celtics,Semi Ojeleye,-2.01,-1.73,-0.28,-1.4,-1.19,-0.21,12.774,0.492,8.417,0.327,0.682,2.312,0.745,0.217,0.129,7.756,1.928,0.059,0.272,0.003,0.932
1629604,Portland Trail Blazers,CJ Elleby,-2.01,-1.62,-0.39,-1.96,-1.61,-0.35,16.868,0.482,8.024,0.313,0.46,4.922,0.708,0.268,0.19,8.375,2.921,0.089,0.663,0.007,2.385
1629652,Oklahoma City Thunder,Luguentz Dort,-2.03,-1.41,-0.62,-1.99,-1.01,-0.98,23.916,0.456,12.184,0.329,0.518,7.026,0.731,0.298,0.258,6.252,3.334,0.13,0.643,0.008,2.987
1626168,San Antonio Spurs,Trey Lyles,-2.03,-1.08,-0.95,-1.43,-0.54,-0.89,15.224,0.509,6.688,0.326,0.47,3.701,0.712,0.224,0.16,11.724,1.989,0.071,0.749,0.008,1.521
1628382,Milwaukee Bucks,Justin Jackson,-2.05,-0.72,-1.33,-2.1,-0.29,-1.81,18.922,0.482,10.216,0.339,0.541,3.592,0.772,0.173,0.201,6.687,2.974,0.093,0.253,0.003,2.287
204020,Brooklyn Nets,Tyler Johnson,-2.06,-0.93,-1.13,-1.61,-1.35,-0.26,13.377,0.479,9.399,0.353,0.711,1.949,0.804,0.161,0.13,5.376,3.612,0.096,0.15,0.002,1.286
1628981,Atlanta Hawks,Bruno Fernando,-2.06,-2.36,0.3,-1.99,-2.4,0.41,14.156,0.542,1.201,0.227,0.069,5.758,0.656,0.306,0.173,14.277,1.841,0.063,0.823,0.008,2.952
202734,Phoenix Suns,E'Twaun Moore,-2.07,-1.89,-0.18,-1.79,-1.65,-0.14,17.818,0.446,5.535,0.354,0.31,2.387,0.708,0.105,0.193,6.391,4.789,0.144,0.374,0.004,3.046
1629002,Sacramento Kings,Chimezie Metu,-2.07,-1.5,-0.57,-1.84,-1.46,-0.38,18.702,0.517,5.712,0.321,0.336,4.072,0.756,0.196,0.213,11.059,2.985,0.092,1.841,0.017,2.552
101150,Atlanta Hawks,Lou Williams,-2.08,-0.1,-1.98,-2.76,-0.88,-1.88,20.112,0.459,5.563,0.356,0.273,4.618,0.843,0.273,0.231,4.925,7.273,0.214,0.103,0.001,3.587
1629004,Oklahoma City Thunder,Sviatoslav Mykhailiuk,-2.09,-1.17,-0.91,-2.22,-0.89,-1.33,20.138,0.485,11.041,0.349,0.533,3.141,0.778,0.171,0.231,5.896,4.098,0.133,0.416,0.005,3.122
1629018,Toronto Raptors,Gary Trent Jr.,-2.09,-0.37,-1.72,-2.5,-0.52,-1.98,23.918,0.452,12.18,0.359,0.511,4.194,0.791,0.174,0.236,4.89,2.19,0.081,0.396,0.005,1.611
1629684,Boston Celtics,Grant Williams,-2.1,-2.66,0.56,-2.66,-3.09,0.43,11.955,0.535,6.185,0.333,0.487,2.812,0.684,0.208,0.133,8.249,2.819,0.088,1.08,0.012,2.018
1629216,Miami Heat,Gabe Vincent,-2.1,-1.49,-0.62,-1.94,-1.46,-0.48,17.013,0.48,11.321,0.332,0.673,2.542,0.783,0.17,0.18,4.824,5.284,0.161,0.232,0.003,2.497
203524,Atlanta Hawks,Solomon Hill,-2.1,-1.68,-0.42,-2.03,-2.08,0.05,8.695,0.47,5.752,0.332,0.684,1.726,0.71,0.185,0.09,7.538,2.042,0.055,0.244,0.003,1.246
1630216,Washington Wizards,Cassius Winston,-2.11,-1.24,-0.87,-2.09,-1.23,-0.86,19.209,0.461,9.6,0.32,0.461,4.613,0.756,0.194,0.219,5.739,6.456,0.235,0.322,0.004,3.816
203503,Atlanta Hawks,Tony Snell,-2.12,-1.4,-0.73,-2.77,-1.75,-1.02,10.242,0.489,5.777,0.381,0.624,1.416,0.859,0.114,0.104,5.112,2.318,0.068,0.359,0.005,1.123
1629607,New York Knicks,Jared Harper,-2.13,-1.86,-0.27,-2.13,-1.86,-0.27,18.498,0.455,7.114,0.309,0.418,4.709,0.748,0.217,0.209,7.006,5.983,0.193,0.495,0.005,3.13
1626169,Toronto Raptors,Stanley Johnson,-2.13,-2.29,0.16,-1.17,-2.15,0.98,15.331,0.473,8.059,0.33,0.515,3.531,0.775,0.231,0.177,7.94,4.491,0.145,0.814,0.01,2.543
1630185,Golden State Warriors,Nico Mannion,-2.15,-1.64,-0.5,-2.11,-1.61,-0.5,14.988,0.466,8.16,0.33,0.537,4.045,0.777,0.243,0.179,5.596,8.243,0.245,0.254,0.003,3.842
200755,Dallas Mavericks,JJ Redick,-2.17,-0.79,-1.38,-0.49,0.34,-0.83,19.267,0.483,12.959,0.406,0.666,3.758,0.872,0.225,0.203,4.534,3.931,0.116,0.326,0.004,2.157
1630237,Houston Rockets,Anthony Lamb,-2.18,-1.11,-1.07,-2.12,-1.07,-1.05,14.303,0.521,9.038,0.337,0.619,3.188,0.776,0.254,0.157,8.011,2.724,0.09,0.663,0.007,1.844
1629683,San Antonio Spurs,Quinndary Weatherspoon,-2.2,-1.92,-0.27,-2.16,-1.91,-0.25,14.963,0.475,4.139,0.298,0.275,5.677,0.753,0.301,0.181,5.538,3.909,0.121,0.657,0.007,2.957
203263,New Orleans Pelicans,James Nunnally,-2.21,-1.72,-0.48,-2.14,-1.72,-0.42,15.131,0.46,13.206,0.334,0.869,2.082,0.737,0.163,0.154,6.254,3.087,0.093,0.422,0.005,1.518
1627846,Phoenix Suns,Abdel Nader,-2.22,-1.77,-0.45,-2.35,-1.61,-0.74,14.162,0.508,5.228,0.322,0.396,4.266,0.715,0.233,0.164,7.945,1.692,0.052,0.969,0.011,2.04
203918,Toronto Raptors,Rodney Hood,-2.22,-1.38,-0.85,-2.6,-1.71,-0.89,15.146,0.481,6.671,0.352,0.472,2.829,0.826,0.183,0.155,5.943,2.388,0.084,0.438,0.005,1.561
1626159,Memphis Grizzlies,Justise Winslow,-2.27,-2.81,0.54,-3.97,-3.53,-0.44,19.627,0.442,5.171,0.295,0.288,4.294,0.584,0.214,0.221,10.794,4.584,0.142,0.903,0.011,3.648
1630184,New Orleans Pelicans,Kira Lewis Jr.,-2.27,-1.46,-0.81,-2.29,-1.46,-0.83,17.612,0.474,6.311,0.322,0.36,3.217,0.807,0.188,0.183,4.621,6.537,0.197,0.583,0.007,2.114
1629641,Boston Celtics,Romeo Langford,-2.28,-2.1,-0.18,-2.4,-2.14,-0.26,11.952,0.478,4.709,0.314,0.37,2.487,0.75,0.251,0.121,6.098,2.569,0.075,0.557,0.007,1.535
1629725,Cleveland Cavaliers,Jeremiah Martin,-2.28,-1.78,-0.5,-2.26,-1.8,-0.46,19.932,0.461,8.673,0.31,0.411,4.229,0.705,0.233,0.205,5.542,5.477,0.198,0.774,0.008,2.903
202340,Houston Rockets,Avery Bradley,-2.31,-1.64,-0.67,-1.9,-1.84,-0.06,14.467,0.487,8.517,0.359,0.598,1.65,0.793,0.115,0.157,4.912,3.899,0.116,0.385,0.004,1.935
203914,Orlando Magic,Gary Harris,-2.33,-1.56,-0.77,-2.85,-1.66,-1.19,17.69,0.469,7.311,0.363,0.43,4.254,0.82,0.238,0.19,4.383,4.043,0.135,0.517,0.006,2.434
2738,Miami Heat,Andre Iguodala,-2.34,-3.32,0.98,0.6,-1.08,1.68,8.597,0.572,6.121,0.334,0.72,1.426,0.585,0.178,0.102,8.124,4.942,0.139,1.546,0.018,1.97
1630174,Boston Celtics,Aaron Nesmith,-2.36,-1.42,-0.93,-2.39,-1.46,-0.93,14.258,0.505,8.449,0.345,0.602,2.943,0.779,0.225,0.146,9.584,1.841,0.058,0.771,0.008,1.491
203658,New York Knicks,Norvel Pelle,-2.36,-3.14,0.78,-2.37,-3.24,0.87,11.36,0.499,1.49,0.264,0.113,3.98,0.599,0.263,0.135,11.661,1.616,0.049,4.161,0.045,2.103
1630171,Cleveland Cavaliers,Isaac Okoro,-2.36,-1.7,-0.66,-2.26,-1.6,-0.66,16.086,0.517,6.013,0.327,0.369,4.548,0.753,0.32,0.181,5.6,3.545,0.12,0.518,0.006,2.349
202687,Charlotte Hornets,Bismack Biyombo,-2.37,-3.5,1.14,-1.94,-3,1.06,8.824,0.568,1.062,0.227,0.055,4.334,0.496,0.472,0.119,13.387,2.598,0.083,2.456,0.027,2.069
1630206,Los Angeles Clippers,Jay Scrubb,-2.38,-1.99,-0.39,-2.36,-2,-0.36,18.566,0.455,5.145,0.294,0.275,4.151,0.704,0.21,0.198,8.159,1.928,0.061,0.387,0.004,2.688
2546,Portland Trail Blazers,Carmelo Anthony,-2.38,-0.08,-2.3,-0.78,0.3,-1.08,21.497,0.464,11.293,0.361,0.541,3.789,0.838,0.198,0.212,6.844,2.547,0.082,0.86,0.01,1.502
1630176,Charlotte Hornets,Vernon Carey Jr.,-2.42,-2.37,-0.06,-2.41,-2.38,-0.03,17.115,0.5,2.799,0.244,0.161,6.238,0.681,0.323,0.205,12.457,1.564,0.048,1.982,0.022,2.686
1630210,Denver Nuggets,Markus Howard,-2.43,-0.81,-1.62,-2.36,-0.75,-1.61,19.822,0.471,13.117,0.334,0.655,2.24,0.8,0.129,0.199,4.125,3.131,0.108,0.194,0.002,2.27
1630233,Atlanta Hawks,Nathan Knight,-2.45,-1.85,-0.6,-2.43,-1.87,-0.56,19.095,0.484,5.664,0.27,0.307,8.061,0.681,0.35,0.224,13.352,1.347,0.042,1.924,0.021,2.669
202954,Charlotte Hornets,Brad Wanamaker,-2.45,-2.64,0.19,-1.61,-2.15,0.54,14.02,0.48,2.944,0.286,0.203,5.5,0.842,0.397,0.169,5.511,7.891,0.261,0.535,0.006,3.496
1629657,Sacramento Kings,Kyle Guy,-2.47,-1.26,-1.21,-2.52,-1.29,-1.23,18.071,0.468,8.981,0.333,0.533,4.05,0.801,0.259,0.192,6.083,7.077,0.203,0.25,0.003,2.788
1629718,Oklahoma City Thunder,Charles Brown Jr.,-2.49,-2.11,-0.38,-2.5,-2.13,-0.37,13.395,0.481,7.395,0.331,0.521,2.52,0.776,0.194,0.142,6.14,2.717,0.087,0.672,0.007,1.596
1629676,Oklahoma City Thunder,Isaiah Roby,-2.51,-2.42,-0.09,-1.84,-2.19,0.35,14.86,0.516,4.374,0.303,0.293,3.734,0.747,0.265,0.17,10.948,3.301,0.116,1.244,0.013,3.396
1626224,Cleveland Cavaliers,Cedi Osman,-2.52,-1.27,-1.24,-1.66,-0.84,-0.82,19.531,0.482,9.873,0.346,0.522,3.627,0.78,0.19,0.202,6.468,6.282,0.194,0.396,0.004,2.948
200765,Los Angeles Clippers,Rajon Rondo,-2.54,-2.51,-0.02,0.21,-0.45,0.66,13.664,0.484,6.833,0.332,0.478,2.213,0.63,0.142,0.169,7.627,12.686,0.343,0.285,0.003,4.573
1629060,Washington Wizards,Rui Hachimura,-2.54,-1.36,-1.18,-2.67,-1.15,-1.52,16.792,0.509,4.632,0.332,0.275,3.496,0.783,0.212,0.173,8.432,1.668,0.054,0.455,0.004,1.374
1626143,Detroit Pistons,Jahlil Okafor,-2.55,-1.98,-0.57,-2.53,-1.49,-1.04,16.099,0.605,1.889,0.287,0.103,4.262,0.709,0.27,0.192,10.319,2.136,0.072,1.212,0.013,2.884
1629033,New York Knicks,Theo Pinson,-2.57,-2.03,-0.54,-2.64,-2.07,-0.57,17.528,0.468,10.008,0.304,0.572,3.76,0.768,0.199,0.202,8.279,3.93,0.13,0.605,0.006,2.717
1629833,Portland Trail Blazers,Keljin Blevins,-2.57,-2.03,-0.55,-2.57,-2.03,-0.54,14.65,0.472,6.403,0.299,0.426,3.414,0.695,0.219,0.162,7.758,2.306,0.08,0.494,0.006,2.106
204025,Memphis Grizzlies,Tim Frazier,-2.58,-2.25,-0.32,-1.83,-1.67,-0.16,15.43,0.456,7.237,0.323,0.441,3.408,0.685,0.216,0.186,6.311,10.216,0.293,0.549,0.006,3.437
201162,Los Angeles Lakers,Jared Dudley,-2.58,-3.3,0.72,-1.37,-2.34,0.97,9.047,0.462,5.35,0.344,0.589,1.047,0.669,0.11,0.088,8.688,2.77,0.081,0.663,0.008,1.169
1629164,Atlanta Hawks,Brandon Goodwin,-2.59,-1.73,-0.86,-2.68,-1.76,-0.92,20.681,0.459,8.612,0.313,0.434,3.877,0.725,0.187,0.217,6.261,7.002,0.239,0.008,0,3.209
1628422,Cleveland Cavaliers,Damyean Dotson,-2.6,-1.87,-0.73,-2.39,-1.28,-1.11,15.388,0.471,8.933,0.338,0.585,1.938,0.749,0.117,0.152,5.529,4.056,0.136,0.312,0.004,1.332
1630273,Toronto Raptors,Freddie Gillespie,-2.65,-2.51,-0.14,-2.6,-2.54,-0.06,11.205,0.538,1.091,0.261,0.07,3.828,0.729,0.363,0.142,12.845,1.59,0.056,2.427,0.024,1.63
201571,Houston Rockets,D.J. Augustin,-2.65,-0.35,-2.3,-1.76,0.32,-2.08,16.676,0.469,9.75,0.375,0.579,5.229,0.875,0.334,0.191,4.448,8.908,0.259,0.221,0.002,2.895
1629672,Golden State Warriors,Eric Paschall,-2.69,-1.29,-1.4,-2.46,-0.92,-1.54,19.759,0.511,4.354,0.271,0.233,6.316,0.708,0.351,0.238,8.716,3.182,0.118,0.607,0.007,2.968
1628391,Houston Rockets,D.J. Wilson,-2.69,-2.01,-0.68,-2.23,-1.68,-0.55,18.497,0.505,9.3,0.33,0.503,3.797,0.692,0.216,0.205,13.094,2.8,0.095,1.402,0.015,2.444
1630199,Indiana Pacers,Cassius Stanley,-2.72,-1.78,-0.94,-2.73,-1.78,-0.95,18.529,0.474,7.07,0.288,0.376,4.551,0.71,0.229,0.18,8.334,2.188,0.062,0.681,0.008,2.059
1630208,Charlotte Hornets,Nick Richards,-2.72,-2.71,-0.01,-2.72,-2.72,0,12.177,0.516,3.358,0.254,0.257,6.127,0.611,0.32,0.158,11.286,2.178,0.065,1.351,0.015,2.473
1628411,New Orleans Pelicans,Wes Iwundu,-2.73,-2.48,-0.25,-3.23,-2.88,-0.35,10.703,0.487,3.898,0.29,0.34,4.32,0.768,0.341,0.124,7.951,1.899,0.057,0.536,0.006,1.675
1630221,Oklahoma City Thunder,Josh Hall,-2.74,-2.63,-0.11,-2.7,-2.66,-0.04,12.536,0.46,4.997,0.282,0.366,4.866,0.621,0.355,0.153,8.007,3.227,0.107,0.592,0.007,2.744
203382,Toronto Raptors,Aron Baynes,-2.74,-2.79,0.05,-2.85,-2.57,-0.28,15.631,0.525,5.512,0.312,0.36,2.931,0.736,0.188,0.166,13.165,2.403,0.082,1.241,0.014,1.975
1629022,San Antonio Spurs,Lonnie Walker,-2.75,-1.09,-1.67,-2.44,-0.92,-1.52,19.491,0.479,9.182,0.365,0.478,2.554,0.819,0.146,0.197,5.01,3.467,0.105,0.466,0.005,1.948
1630187,Los Angeles Clippers,Daniel Oturu,-2.76,-2.62,-0.15,-2.76,-2.64,-0.12,16.808,0.523,3.893,0.286,0.203,4.871,0.664,0.255,0.195,14.084,1.93,0.064,1.993,0.021,2.648
1630165,Detroit Pistons,Killian Hayes,-2.85,-2.35,-0.5,-2.81,-2.3,-0.51,15.002,0.451,5.51,0.326,0.37,2.61,0.786,0.165,0.184,5.644,10.776,0.329,0.725,0.008,5.03
1628990,Washington Wizards,Chandler Hutchison,-2.87,-2.37,-0.49,-2.81,-2.48,-0.33,14.153,0.487,3.315,0.272,0.215,4.224,0.671,0.307,0.16,9.995,2.171,0.07,0.668,0.007,2.1
1628578,Indiana Pacers,Amida Brimah,-2.94,-2.55,-0.39,-2.95,-2.56,-0.39,14.482,0.508,2.359,0.269,0.145,5.191,0.651,0.309,0.178,12.723,1.941,0.063,2.681,0.029,2.481
1630175,Orlando Magic,Cole Anthony,-2.96,-1.68,-1.28,-2.75,-1.58,-1.17,23.29,0.449,7.54,0.335,0.342,5.702,0.811,0.252,0.249,8.445,8.225,0.271,0.612,0.007,3.905
1629635,Detroit Pistons,Sekou Doumbouya,-2.99,-2.32,-0.67,-2.74,-2.36,-0.38,17.963,0.504,5.848,0.303,0.335,4.765,0.698,0.296,0.203,8.169,2.71,0.092,0.61,0.007,2.612
1630188,Phoenix Suns,Jalen Smith,-3.02,-2.38,-0.64,-3.02,-2.4,-0.62,17.186,0.496,4.416,0.311,0.292,4.439,0.66,0.253,0.197,12.216,1.51,0.051,1.24,0.015,2.61
1629649,Orlando Magic,Ignas Brazdeikis,-3.11,-2.04,-1.07,-3.16,-2.07,-1.09,16.171,0.499,6.675,0.308,0.388,3.408,0.734,0.243,0.172,8.087,2.946,0.099,0.669,0.008,2.172
1626184,Orlando Magic,Chasson Randle,-3.14,-2.31,-0.83,-2.61,-1.87,-0.74,14.993,0.47,7.727,0.351,0.511,3.931,0.79,0.252,0.172,5.025,4.095,0.149,0.357,0.004,2.318
1630181,Orlando Magic,RJ Hampton,-3.16,-1.96,-1.2,-2.87,-1.94,-0.93,19.97,0.483,5.455,0.314,0.274,5.929,0.733,0.305,0.234,9.834,6.501,0.226,0.643,0.007,3.57
1629603,Milwaukee Bucks,Mamadi Diakite,-3.18,-2.58,-0.6,-3.22,-2.59,-0.63,15.362,0.447,3.27,0.273,0.229,5.179,0.683,0.295,0.18,11.092,1.708,0.048,1.422,0.015,2.212
1629686,Detroit Pistons,Deividas Sirvydis,-3.19,-2.14,-1.05,-3.21,-2.15,-1.06,16.054,0.497,9.659,0.309,0.623,3.074,0.676,0.222,0.157,9.848,2.203,0.068,0.559,0.006,1.524
1630173,Miami Heat,Precious Achiuwa,-3.21,-2.67,-0.54,-3.2,-2.7,-0.5,16.059,0.547,1.091,0.236,0.06,7.352,0.51,0.425,0.198,13.978,1.62,0.062,1.869,0.022,2.769
1630189,Dallas Mavericks,Tyler Bey,-3.25,-2.53,-0.72,-3.25,-2.54,-0.71,15.963,0.485,4.607,0.272,0.283,4.381,0.657,0.249,0.185,10.77,2.634,0.078,0.852,0.008,2.139
1630164,Golden State Warriors,James Wiseman,-3.53,-3,-0.53,-3.46,-3.04,-0.42,21.19,0.529,2.43,0.229,0.125,5.301,0.64,0.245,0.244,13.061,1.491,0.059,1.993,0.021,3.068
1630200,San Antonio Spurs,Tre Jones,-3.53,-1.99,-1.54,-3.56,-1.98,-1.58,13.84,0.488,1.615,0.311,0.095,3.565,0.802,0.21,0.164,4.724,7.027,0.218,0.128,0.001,3
1628407,Orlando Magic,Dwayne Bacon,-3.57,-2.15,-1.42,-3.83,-1.83,-2,20.761,0.459,5.224,0.294,0.25,5.684,0.809,0.276,0.218,6.043,2.964,0.097,0.263,0.003,1.559
1629647,Oklahoma City Thunder,Darius Bazley,-3.63,-1.93,-1.69,-4,-1.58,-2.42,21.15,0.478,7.983,0.327,0.404,6.283,0.718,0.314,0.234,10.269,3.302,0.123,0.644,0.007,3.427
1630197,Oklahoma City Thunder,Aleksej Pokusevski,-3.98,-2.96,-1.03,-3.83,-3,-0.83,18.211,0.446,8.285,0.316,0.467,2.514,0.727,0.157,0.197,8.88,4.508,0.149,1.488,0.016,3.7
1630177,Oklahoma City Thunder,Theo Maledon,-4.34,-2.71,-1.63,-4.22,-2.42,-1.8,19.338,0.45,9.239,0.329,0.495,4.899,0.762,0.278,0.217,5.536,6.433,0.203,0.354,0.004,3.682
2617,Miami Heat,Udonis Haslem,-4.83,-4.79,-0.05,-3.74,-3.91,0.17,10.563,0.456,3.498,0.226,0.216,1.406,0.543,0.107,0.116,12.459,1.408,0.046,0.824,0.01,1.226