,index,Rk,Pk,Tm,Player,College,Yrs,G,MP,PTS,TRB,AST,FG%,3P%,FT%_x,MP.1,PTS.1,TRB.1,AST.1,WS,WS/48,BPM,VORP,College SOS,DARKO,LEBRON,sos,nba_id,Team,DPM,O-DPM,D-DPM,Box DPM,Box O-DPM,Box D-DPM,FGA/100,FG2%,FG3A/100,FG3%,FG3ARate%,FTA/100,FT%_y,FTARate%,Usg%,Reb/100,Ast/100,Ast%,Blk/100,Blk%,Tov/100
0,0,1,1,MIN,Anthony Edwards,Georgia,1,72,2314,1392,336,211,0.417,0.329,0.776,32.1,19.3,4.7,2.9,0.8,0.017,-2.6,-0.3,8.06,,,8.06,1630162,Minnesota Timberwolves,0.55,1.9,-1.35,1.37,2.42,-1.05,23.889,0.521,10.772,0.326,0.451,6.63,0.782,0.288,0.265,7.73,4.975,0.165,0.786,0.01,3.317
1,1,2,2,GSW,James Wiseman,Memphis,1,39,836,448,226,26,0.519,0.316,0.628,21.4,11.5,5.8,0.7,0.7,0.042,-5.4,-0.7,5.07,,,5.07,1630164,Golden State Warriors,-3.53,-3,-0.53,-3.46,-3.04,-0.42,21.19,0.529,2.43,0.229,0.125,5.301,0.64,0.245,0.244,13.061,1.491,0.059,1.993,0.021,3.068
2,3,4,4,CHI,Patrick Williams,Florida State,1,71,1983,655,327,99,0.483,0.391,0.728,27.9,9.2,4.6,1.4,2.5,0.06,-2.7,-0.3,7.64,,,7.64,1630172,Chicago Bulls,-1.88,-1.73,-0.15,-0.97,-1.39,0.42,15.238,0.521,4.204,0.354,0.292,3.637,0.741,0.26,0.175,8.075,2.818,0.089,1.017,0.011,2.062
3,4,5,5,CLE,Isaac Okoro,Auburn,1,67,2173,646,206,128,0.42,0.29,0.726,32.4,9.6,3.1,1.9,0.9,0.02,-5,-1.6,7.39,,,7.39,1630171,Cleveland Cavaliers,-2.36,-1.7,-0.66,-2.26,-1.6,-0.66,16.086,0.517,6.013,0.327,0.369,4.548,0.753,0.32,0.181,5.6,3.545,0.12,0.518,0.006,2.349
4,5,6,6,ATL,Onyeka Okongwu,USC,1,50,601,228,163,18,0.644,0,0.632,12,4.6,3.3,0.4,1.9,0.155,-1.3,0.1,7.22,,,7.22,1630168,Atlanta Hawks,-0.54,-0.99,0.45,-0.05,-0.83,0.78,11.917,0.599,0.812,0.226,0.043,4.924,0.665,0.349,0.141,13.814,1.246,0.035,2.569,0.031,2.051
5,7,8,8,NYK,Obi Toppin,Dayton,1,62,683,253,138,29,0.498,0.306,0.731,11,4.1,2.2,0.5,1.5,0.109,-1,0.2,3.69,,,3.3,1630167,New York Knicks,-0.26,-0.3,0.04,-0.14,-0.2,0.06,16.27,0.572,7.272,0.318,0.437,3.076,0.738,0.212,0.17,10.187,1.918,0.065,1.096,0.011,1.579
6,9,10,10,PHO,Jalen Smith,Maryland,1,27,156,53,37,4,0.44,0.235,0.714,5.8,2,1.4,0.1,0.1,0.022,-6.2,-0.2,10.5,,,10.3,1630188,Phoenix Suns,-3.02,-2.38,-0.64,-3.02,-2.4,-0.62,17.186,0.496,4.416,0.311,0.292,4.439,0.66,0.253,0.197,12.216,1.51,0.051,1.24,0.015,2.61
7,10,11,11,SAS,Devin Vassell,Florida State,1,62,1056,341,174,56,0.406,0.347,0.843,17,5.5,2.8,0.9,1.5,0.069,-1.9,0.1,8.95,,,8.95,1630170,San Antonio Spurs,-1.52,-1.52,0,-1.45,-1.49,0.04,15.584,0.477,6.607,0.35,0.451,2.613,0.808,0.194,0.155,7.667,2.544,0.081,0.722,0.008,1.324
8,11,12,12,SAC,Tyrese Haliburton,Iowa State,1,58,1746,753,173,309,0.472,0.409,0.857,30.1,13,3,5.3,3.5,0.096,1.1,1.4,9.68,,,9.68,1630169,Sacramento Kings,-0.72,0.43,-1.15,0.23,0.87,-0.64,20.605,0.487,9.199,0.36,0.488,3.046,0.784,0.152,0.221,4.899,8.506,0.274,0.642,0.008,3.098
9,12,13,13,NOP,Kira Lewis Jr.,Alabama,1,54,904,343,71,124,0.386,0.333,0.843,16.7,6.4,1.3,2.3,0.9,0.045,-3.8,-0.4,8.56,,,8.56,1630184,New Orleans Pelicans,-2.27,-1.46,-0.81,-2.29,-1.46,-0.83,17.612,0.474,6.311,0.322,0.36,3.217,0.807,0.188,0.183,4.621,6.537,0.197,0.583,0.007,2.114
10,13,14,14,BOS,Aaron Nesmith,Vanderbilt,1,46,669,218,127,23,0.438,0.37,0.786,14.5,4.7,2.8,0.5,1.1,0.076,-3.2,-0.2,7.1,,,7.1,1630174,Boston Celtics,-2.36,-1.42,-0.93,-2.39,-1.46,-0.93,14.258,0.505,8.449,0.345,0.602,2.943,0.779,0.225,0.146,9.584,1.841,0.058,0.771,0.008,1.491
11,14,15,15,ORL,Cole Anthony,UNC,1,47,1273,605,221,192,0.397,0.337,0.832,27.1,12.9,4.7,4.1,0,-0.001,-3.3,-0.4,10.05,,,10.05,1630175,Orlando Magic,-2.96,-1.68,-1.28,-2.75,-1.58,-1.17,23.29,0.449,7.54,0.335,0.342,5.702,0.811,0.252,0.249,8.445,8.225,0.271,0.612,0.007,3.905
12,15,16,16,POR,Isaiah Stewart,Washington,1,68,1455,537,453,59,0.553,0.333,0.696,21.4,7.9,6.7,0.9,4,0.132,-1.2,0.3,8.25,,,8.25,1630191,Detroit Pistons,-0.8,-1.46,0.66,-0.47,-1.15,0.68,16.182,0.545,4.521,0.303,0.29,3.948,0.719,0.234,0.185,14.634,1.905,0.065,3.132,0.035,2.311
13,17,18,18,DAL,Josh Green,Arizona,1,39,445,101,78,28,0.452,0.16,0.565,11.4,2.6,2,0.7,0.5,0.05,-3.7,-0.2,8.4,,,8.4,1630182,Dallas Mavericks,-1.21,-1.7,0.49,-1.09,-1.66,0.57,12.333,0.512,3.266,0.263,0.284,3.615,0.619,0.24,0.138,8.513,3.153,0.091,0.504,0.006,2.125
14,18,19,19,BRK,Saddiq Bey,Villanova,1,70,1909,857,318,95,0.404,0.38,0.844,27.3,12.2,4.5,1.4,3.3,0.082,-0.8,0.6,9,,,9,1630180,Detroit Pistons,-1.03,-0.63,-0.4,-0.87,-0.41,-0.46,17.928,0.468,11.124,0.362,0.63,4.291,0.827,0.228,0.187,8.069,2.277,0.075,0.479,0.005,1.496
15,19,20,20,MIA,Precious Achiuwa,Memphis,1,61,737,304,208,29,0.544,0,0.509,12.1,5,3.4,0.5,1.3,0.085,-4.5,-0.5,5.07,,,5.07,1630173,Miami Heat,-3.21,-2.67,-0.54,-3.2,-2.7,-0.5,16.059,0.547,1.091,0.236,0.06,7.352,0.51,0.425,0.198,13.978,1.62,0.062,1.869,0.022,2.769
16,20,21,21,PHI,Tyrese Maxey,Kentucky,1,61,935,488,104,120,0.462,0.301,0.871,15.3,8,1.7,2,1.9,0.099,-1.9,0,7.46,,,7.46,1630178,Philadelphia 76ers,-1.06,-0.66,-0.4,-0.49,-0.42,-0.07,21.829,0.496,5.416,0.289,0.237,4.994,0.78,0.249,0.227,5.979,5.777,0.187,0.847,0.01,2.458
17,21,22,22,DEN,Zeke Nnaji,Arizona,1,42,397,136,65,10,0.481,0.407,0.8,9.5,3.2,1.5,0.2,0.9,0.104,-2.1,0,8.4,,,8.4,1630192,Denver Nuggets,-1.74,-0.73,-1.01,-1.53,-0.58,-0.95,16.025,0.541,10.043,0.329,0.65,3.326,0.721,0.19,0.163,8.631,1.775,0.06,0.715,0.008,1.59
18,24,25,25,OKC,Immanuel Quickley,Kentucky,1,64,1243,731,137,127,0.395,0.389,0.891,19.4,11.4,2.1,2,3.2,0.125,0.6,0.8,8.87,,,8.87,1630193,New York Knicks,0.43,0.9,-0.47,0.25,0.85,-0.6,20.469,0.464,11.187,0.355,0.535,6.175,0.837,0.274,0.216,5.274,3.937,0.128,0.362,0.004,2.134
19,25,26,26,BOS,Payton Pritchard,Oregon,1,66,1268,510,158,120,0.44,0.411,0.889,19.2,7.7,2.4,1.8,2.5,0.095,-1.1,0.3,7.11,,,7.11,1630202,Boston Celtics,-0.5,0.24,-0.74,-0.28,0.42,-0.7,17.876,0.486,11.697,0.364,0.634,2.534,0.839,0.148,0.178,6.237,4.64,0.152,0.327,0.004,2.17
20,26,27,27,UTA,Udoka Azubuike,Kansas,1,15,57,16,13,0,0.444,,0.8,3.8,1.1,0.9,0,0.1,0.119,-4.9,0,12.13,,,12.13,1628962,Utah Jazz,-1.98,-2.18,0.2,-1.96,-2.18,0.22,15.791,0.512,3.139,0.23,0.174,7.211,0.637,0.309,0.177,12.542,1.75,0.047,2.235,0.027,3.174
21,27,28,28,LAL,Jaden McDaniels,Washington,1,63,1511,427,232,71,0.447,0.364,0.6,24,6.8,3.7,1.1,1.4,0.046,-3.8,-0.7,8.25,,,8.25,1630183,Minnesota Timberwolves,-1.96,-2.08,0.12,-1.92,-2.35,0.43,10.388,0.54,6.148,0.341,0.584,1.623,0.694,0.133,0.104,7.073,1.868,0.057,1.617,0.02,1.069
22,28,29,29,TOR,Malachi Flynn,San Diego State,1,47,928,353,116,137,0.374,0.321,0.804,19.7,7.5,2.5,2.9,0.8,0.041,-2.8,-0.2,5.34,,,,1630201,Toronto Raptors,-1.59,-1.22,-0.37,-1.46,-1.14,-0.32,20.363,0.462,9.572,0.337,0.505,4.503,0.812,0.196,0.217,6.202,8.079,0.258,0.309,0.003,3.025
23,29,30,30,BOS,Desmond Bane,TCU,1,68,1519,625,210,118,0.469,0.432,0.816,22.3,9.2,3.1,1.7,2.9,0.093,-1,0.4,10.08,,,10.08,1630217,Memphis Grizzlies,-0.76,-0.46,-0.3,-0.36,-0.35,-0.01,14.41,0.518,8.697,0.382,0.619,1.899,0.793,0.145,0.142,7.121,3.611,0.107,0.71,0.008,1.697
24,30,31,31,DAL,Tyrell Terry,Stanford,1,11,56,11,6,6,0.313,0,0.333,5.1,1,0.5,0.5,-0.1,-0.049,-5.5,-0.1,6.38,,,6.38,1630179,Dallas Mavericks,-1.64,-1.19,-0.45,-1.63,-1.18,-0.45,18.035,0.459,7.962,0.29,0.416,4.413,0.691,0.216,0.184,6.107,5.878,0.184,0.467,0.005,2.865
25,31,32,32,CHO,Vernon Carey Jr.,Duke,1,19,115,46,27,2,0.5,0.143,0.818,6.1,2.4,1.4,0.1,0.2,0.066,-6.2,-0.1,8,,,8,1630176,Charlotte Hornets,-2.42,-2.37,-0.06,-2.41,-2.38,-0.03,17.115,0.5,2.799,0.244,0.161,6.238,0.681,0.323,0.205,12.457,1.564,0.048,1.982,0.022,2.686
26,32,33,33,MIN,Daniel Oturu,Minnesota,1,30,161,54,48,10,0.423,0.2,0.75,5.4,1.8,1.6,0.3,0.3,0.081,-5.6,-0.1,11.41,,,11.41,1630187,Los Angeles Clippers,-2.76,-2.62,-0.15,-2.76,-2.64,-0.12,16.808,0.523,3.893,0.286,0.203,4.871,0.664,0.255,0.195,14.084,1.93,0.064,1.993,0.021,2.648
27,35,36,36,PHI,Tyler Bey,Colorado,1,18,71,18,19,3,0.318,0.25,0.6,3.9,1,1.1,0.2,0,-0.033,-9.6,-0.1,6.31,,,6.31,1630189,Dallas Mavericks,-3.25,-2.53,-0.72,-3.25,-2.54,-0.71,15.963,0.485,4.607,0.272,0.283,4.381,0.657,0.249,0.185,10.77,2.634,0.078,0.852,0.008,2.139
28,37,38,38,UTA,Saben Lee,Vanderbilt,1,48,781,267,97,174,0.471,0.348,0.685,16.3,5.6,2,3.6,1.5,0.091,-1.9,0,8.11,,,8.11,1630240,Detroit Pistons,-0.83,-0.91,0.07,-0.51,-0.7,0.19,13.98,0.484,1.772,0.286,0.113,6.001,0.72,0.436,0.171,6.304,11.046,0.332,0.662,0.007,3.736
29,38,39,39,NOP,Elijah Hughes,Syracuse,1,18,64,31,9,6,0.333,0.348,0.75,3.6,1.7,0.5,0.3,0,-0.013,-3.7,0,6.22,,,,1630190,Utah Jazz,-1.9,-1.34,-0.57,-1.89,-1.34,-0.55,19.334,0.468,13.441,0.319,0.686,4.195,0.726,0.254,0.194,7.791,3.42,0.111,0.608,0.006,2.769
30,39,40,40,MEM,Robert Woodard,Mississippi State,1,13,45,20,16,2,0.4,0.167,0.375,3.5,1.5,1.2,0.2,0,-0.011,-5.4,0,8.02,,,7.08,1630218,Sacramento Kings,-1.75,-1.62,-0.13,-1.74,-1.62,-0.12,17.096,0.499,9.272,0.311,0.556,5.239,0.665,0.211,0.177,10.278,2.56,0.082,1.269,0.015,2.361
31,40,41,41,SAS,Tre Jones,Duke,1,37,269,94,21,39,0.474,0.6,0.895,7.3,2.5,0.6,1.1,0.4,0.066,-3.4,-0.1,9.99,,,9.99,1630200,San Antonio Spurs,-3.53,-1.99,-1.54,-3.56,-1.98,-1.58,13.84,0.488,1.615,0.311,0.095,3.565,0.802,0.21,0.164,4.724,7.027,0.218,0.128,0.001,3
32,41,42,42,NOP,Nick Richards,Kentucky,1,18,63,15,11,2,0.444,0,0.636,3.5,0.8,0.6,0.1,0,0.026,-8.7,-0.1,9.49,,,9.49,1630208,Charlotte Hornets,-2.72,-2.71,-0.01,-2.72,-2.72,0,12.177,0.516,3.358,0.254,0.257,6.127,0.611,0.32,0.158,11.286,2.178,0.065,1.351,0.015,2.473
33,42,43,43,SAC,Jahmi'us Ramsey,Texas Tech,1,13,94,40,10,6,0.395,0.263,1,7.2,3.1,0.8,0.5,0,0.012,-4.7,-0.1,8.41,,,8.41,1630186,Sacramento Kings,-1.94,-1.38,-0.56,-1.93,-1.38,-0.55,17.466,0.487,9.048,0.31,0.516,3.415,0.775,0.193,0.18,5.598,4.07,0.115,0.485,0.006,2.284
34,44,45,45,MIL,Jordan Nwora,Louisville,1,30,274,171,60,7,0.459,0.452,0.76,9.1,5.7,2,0.2,0.4,0.068,-1.3,0,9.22,,,9.22,1629670,Milwaukee Bucks,-1.88,-0.73,-1.16,-1.86,-0.65,-1.21,23.175,0.482,11.16,0.33,0.456,5.822,0.713,0.22,0.257,11.277,1.678,0.045,1.042,0.012,3.317
35,45,46,46,POR,CJ Elleby,Washington State,1,30,192,68,32,10,0.379,0.206,0.733,6.4,2.3,1.1,0.3,0.1,0.032,-5.6,-0.2,3.57,,,3.57,1629604,Portland Trail Blazers,-2.01,-1.62,-0.39,-1.96,-1.61,-0.35,16.868,0.482,8.024,0.313,0.46,4.922,0.708,0.268,0.19,8.375,2.921,0.089,0.663,0.007,2.385
36,47,48,48,GSW,Nico Mannion,Arizona,1,30,364,123,46,70,0.342,0.367,0.821,12.1,4.1,1.5,2.3,0.2,0.029,-4.1,-0.2,8.4,,,8.4,1630185,Golden State Warriors,-2.15,-1.64,-0.5,-2.11,-1.61,-0.5,14.988,0.466,8.16,0.33,0.537,4.045,0.777,0.243,0.179,5.596,8.243,0.245,0.254,0.003,3.842
37,48,49,49,PHI,Isaiah Joe,Arkansas,1,41,383,153,36,20,0.361,0.368,0.75,9.3,3.7,0.9,0.5,0.6,0.078,-3.5,-0.1,8.02,,,8.02,1630198,Philadelphia 76ers,-1.28,-0.7,-0.58,-1.19,-0.63,-0.56,18.98,0.444,13.876,0.334,0.78,4.011,0.722,0.222,0.194,4.972,2.631,0.081,0.316,0.004,1.902
38,49,50,50,ATL,Skylar Mays,LSU,1,33,269,124,35,30,0.449,0.35,0.88,8.2,3.8,1.1,0.9,0.8,0.14,1.6,0.2,8.27,,,8.27,1630219,Atlanta Hawks,-0.17,-0.44,0.27,-0.05,-0.4,0.35,18.795,0.516,5.832,0.287,0.311,5.265,0.754,0.271,0.202,6.63,4.863,0.149,0.347,0.004,2.455
39,52,53,53,OKC,Cassius Winston,Michigan State,1,22,98,41,9,12,0.424,0.471,0.833,4.5,1.9,0.4,0.5,0.1,0.066,-3,0,10.17,,,10.17,1630216,Washington Wizards,-2.11,-1.24,-0.87,-2.09,-1.23,-0.86,19.209,0.461,9.6,0.32,0.461,4.613,0.756,0.194,0.219,5.739,6.456,0.235,0.322,0.004,3.816
40,53,54,54,IND,Cassius Stanley,Duke,1,24,93,36,20,1,0.302,0.231,0.778,3.9,1.5,0.8,0,-0.1,-0.05,-11.2,-0.2,8,,,8,1630199,Indiana Pacers,-2.72,-1.78,-0.94,-2.73,-1.78,-0.95,18.529,0.474,7.07,0.288,0.376,4.551,0.71,0.229,0.18,8.334,2.188,0.062,0.681,0.008,2.059
41,55,56,56,CHO,Grant Riller,College of Charleston,1,7,27,18,1,3,0.667,0.5,,3.9,2.6,0.1,0.4,0.1,0.177,5.4,0.1,-1.82,,,-1.82,1630203,Charlotte Hornets,-1.98,-1.12,-0.86,-1.98,-1.12,-0.86,20.259,0.444,8.402,0.306,0.397,4.073,0.738,0.21,0.219,5.525,6.165,0.195,0.347,0.004,2.923
42,56,57,57,LAC,Reggie Perry,Mississippi State,1,26,211,78,73,14,0.41,0.19,0.769,8.1,3,2.8,0.5,0.2,0.04,-6.7,-0.2,8.02,,,8.02,1629617,Brooklyn Nets,-1.99,-1.35,-0.64,-1.93,-1.33,-0.6,19.505,0.534,7.199,0.294,0.33,5.475,0.678,0.226,0.213,14.348,2.129,0.07,1.228,0.015,3.017
43,57,58,58,PHI,Paul Reed,DePaul,1,26,177,88,61,12,0.538,0,0.5,6.8,3.4,2.3,0.5,0.6,0.162,-0.9,0,7.15,,,7.15,1630194,Philadelphia 76ers,-0.42,-0.19,-0.23,-0.41,-0.14,-0.27,19.345,0.542,1.352,0.239,0.08,5.63,0.629,0.248,0.225,16.455,2.433,0.087,2.686,0.029,3.14
44,59,60,60,NOP,Sam Merrill,Utah State University,1,30,233,89,30,21,0.444,0.447,1,7.8,3,1,0.7,0.5,0.102,-1.4,0,4.04,,,2.51,1630241,Milwaukee Bucks,-1.6,-1.37,-0.23,-1.51,-1.33,-0.18,15.971,0.45,9.765,0.339,0.596,2.675,0.724,0.173,0.159,6.584,2.931,0.087,0.254,0.003,2.321
45,60,1,1,NOP,Zion Williamson,Duke,2,85,2694,2187,591,276,0.604,0.333,0.683,31.7,25.7,7,3.2,10.6,0.189,4.6,4.5,11.98,,,11.98,1629627,New Orleans Pelicans,1.3,2.23,-0.93,1.59,2.84,-1.25,26.352,0.598,1.206,0.245,0.06,13.933,0.672,0.529,0.321,10.29,5.461,0.215,0.99,0.01,4.714
46,61,2,2,MEM,Ja Morant,Murray State,2,130,4127,2397,511,953,0.463,0.317,0.75,31.7,18.4,3.9,7.3,7,0.081,-0.2,1.8,-3.32,,,-3.32,1629630,Memphis Grizzlies,-0.66,1.1,-1.76,-1.17,1.19,-2.36,24.185,0.516,7.107,0.321,0.305,8.714,0.751,0.386,0.274,6.18,10.106,0.314,0.367,0.004,4.054
47,62,3,3,NYK,RJ Barrett,Duke,2,128,4215,2067,693,360,0.425,0.37,0.683,32.9,16.1,5.4,2.8,3.6,0.041,-2.7,-0.7,11.98,,,11.98,1629628,New York Knicks,-0.28,-0.29,0.01,-0.92,-0.62,-0.3,20.739,0.478,8.242,0.352,0.4,5.414,0.733,0.273,0.221,8.176,4.074,0.131,0.476,0.006,2.546
48,63,4,4,LAL,De'Andre Hunter,Virginia,2,86,2696,1122,396,156,0.43,0.348,0.799,31.3,13,4.6,1.8,1.8,0.032,-3.3,-0.9,9.61,,,9.61,1629631,Atlanta Hawks,-1.06,-0.85,-0.21,-2.14,-1.36,-0.78,19.651,0.485,6.196,0.336,0.323,5.795,0.768,0.263,0.213,7.419,2.332,0.074,0.604,0.008,2.352
49,64,5,5,CLE,Darius Garland,Vanderbilt,2,113,3614,1669,240,558,0.428,0.374,0.858,32,14.8,2.1,4.9,-0.1,-0.001,-3.6,-1.5,7.79,,,7.79,1629636,Cleveland Cavaliers,-1.74,-0.32,-1.42,-1.43,0.33,-1.76,24.964,0.473,9.279,0.355,0.371,5.275,0.824,0.231,0.267,4.219,8.641,0.31,0.295,0.004,4.541
50,65,6,6,PHO,Jarrett Culver,Texas Tech,2,97,2005,760,316,134,0.406,0.288,0.503,20.7,7.8,3.3,1.4,-0.2,-0.005,-4.6,-1.3,9.56,,,9.56,1629633,Minnesota Timberwolves,-1.82,-1.88,0.07,-1.64,-1.78,0.14,17.458,0.467,6.71,0.304,0.413,4.825,0.577,0.273,0.196,8.219,2.838,0.097,0.916,0.011,2.691
51,66,7,7,CHI,Coby White,UNC,2,134,3830,1900,514,503,0.406,0.357,0.849,28.6,14.2,3.8,3.8,3.3,0.041,-2.7,-0.7,11.35,,,11.35,1629632,Chicago Bulls,-1.49,-0.58,-0.91,-1.57,-0.47,-1.1,22.052,0.491,11.159,0.362,0.523,4.111,0.859,0.201,0.233,6.058,8.118,0.253,0.342,0.004,3.568
52,67,8,8,ATL,Jaxson Hayes,Texas,2,124,2044,921,516,91,0.647,0.389,0.697,16.5,7.4,4.2,0.7,7.4,0.174,0.1,1.1,11.46,,,11.46,1629637,New Orleans Pelicans,-1,-0.67,-0.32,-0.9,-0.22,-0.68,17.307,0.608,1.478,0.29,0.083,7.893,0.752,0.474,0.202,12.395,1.707,0.065,2.22,0.023,2.161
53,68,9,9,WAS,Rui Hachimura,Gonzaga,2,105,3241,1438,606,169,0.473,0.313,0.797,30.9,13.7,5.8,1.6,3.9,0.058,-3.3,-1.1,3.91,,,3.91,1629060,Washington Wizards,-2.54,-1.36,-1.18,-2.67,-1.15,-1.52,16.792,0.509,4.632,0.332,0.275,3.496,0.783,0.212,0.173,8.432,1.668,0.054,0.455,0.004,1.374
54,69,10,10,ATL,Cam Reddish,Duke,2,84,2301,902,320,122,0.378,0.309,0.808,27.4,10.7,3.8,1.5,0,0.001,-4,-1.2,11.98,,,11.98,1629629,Atlanta Hawks,-1.53,-0.99,-0.53,-1.26,-1.31,0.05,16.517,0.471,5.8,0.326,0.379,5.174,0.786,0.253,0.176,7.235,2.368,0.071,0.699,0.008,2.357
55,70,11,11,MIN,Cameron Johnson,UNC,2,117,2692,1077,386,155,0.427,0.367,0.828,23,9.2,3.3,1.3,5.2,0.093,-0.2,1.2,10.06,,,10.06,1629661,Phoenix Suns,0.86,0.45,0.41,1.23,0.45,0.78,14.069,0.568,8.786,0.369,0.644,2.888,0.82,0.196,0.143,7.152,2.108,0.059,0.456,0.005,1.402
56,71,12,12,CHO,P.J. Washington,Kentucky,2,122,3713,1534,734,284,0.447,0.381,0.698,30.4,12.6,6,2.3,4.7,0.06,-1.4,0.6,10.51,,,10.51,1629023,Charlotte Hornets,-0.65,-1.22,0.57,-1.32,-1.44,0.12,18.058,0.524,8.231,0.359,0.461,3.572,0.726,0.21,0.193,10.044,3.159,0.097,1.538,0.017,2.462
57,72,13,13,MIA,Tyler Herro,Kentucky,2,109,3143,1558,492,305,0.434,0.375,0.834,28.8,14.3,4.5,2.8,3.2,0.05,-1.6,0.3,10.29,,,10.29,1629639,Miami Heat,-1.25,-0.31,-0.94,-0.22,0.24,-0.46,20.476,0.491,9.839,0.362,0.469,3.905,0.825,0.198,0.218,8.204,5.319,0.17,0.515,0.006,2.602
58,73,14,14,BOS,Romeo Langford,Indiana,2,50,653,135,76,26,0.353,0.222,0.73,13.1,2.7,1.5,0.5,0.2,0.016,-5,-0.5,10.1,,,10.1,1629641,Boston Celtics,-2.28,-2.1,-0.18,-2.4,-2.14,-0.26,11.952,0.478,4.709,0.314,0.37,2.487,0.75,0.251,0.121,6.098,2.569,0.075,0.557,0.007,1.535
59,75,16,16,ORL,Chuma Okeke,Auburn,1,45,1133,349,181,101,0.417,0.348,0.75,25.2,7.8,4,2.2,1.3,0.056,-1.4,0.2,9.11,,,9.11,1629643,Orlando Magic,-1.22,-1.65,0.43,-0.85,-1.54,0.69,18.533,0.465,8.246,0.338,0.439,3.27,0.761,0.171,0.205,8.07,4.468,0.152,0.994,0.011,2.313
60,76,17,17,BRK,Nickeil Alexander-Walker,Virginia Tech,2,93,1598,775,228,191,0.401,0.347,0.709,17.2,8.3,2.5,2.1,0.5,0.015,-2.7,-0.3,7.25,,,7.25,1629638,New Orleans Pelicans,-0.92,-0.58,-0.33,-0.61,-0.53,-0.08,24.639,0.472,10.553,0.335,0.44,4.854,0.758,0.215,0.267,6.852,5.417,0.178,1.027,0.011,3.668
61,79,20,20,BOS,Matisse Thybulle,Washington,2,130,2585,560,231,142,0.421,0.33,0.559,19.9,4.3,1.8,1.1,5.1,0.094,0.9,1.9,7,,,7,1629680,Philadelphia 76ers,-0.36,-1.46,1.1,-0.27,-1.32,1.05,10.41,0.576,6.577,0.321,0.634,1.006,0.6,0.102,0.096,4.948,1.964,0.055,2.137,0.026,0.921
62,80,21,21,OKC,Brandon Clarke,Gonzaga,2,117,2715,1310,673,176,0.567,0.305,0.724,23.2,11.2,5.8,1.5,9.1,0.162,2.1,2.8,2.7,,,2.7,1629634,Memphis Grizzlies,0.72,-0.38,1.09,1.61,-0.16,1.77,16.046,0.579,2.562,0.268,0.168,4.323,0.682,0.248,0.169,12.221,2.867,0.086,1.825,0.021,1.546
63,81,22,22,BOS,Grant Williams,Tennessee,2,132,2181,531,356,132,0.426,0.32,0.657,16.5,4,2.7,1,2.7,0.058,-3.4,-0.8,10.15,,,10.15,1629684,Boston Celtics,-2.1,-2.66,0.56,-2.66,-3.09,0.43,11.955,0.535,6.185,0.333,0.487,2.812,0.684,0.208,0.133,8.249,2.819,0.088,1.08,0.012,2.018
64,83,24,24,PHI,Ty Jerome,Virginia,2,64,1116,455,137,164,0.415,0.39,0.76,17.4,7.1,2.1,2.6,1.3,0.055,-1.4,0.2,10.05,,,10.05,1629660,Oklahoma City Thunder,-1.36,-0.72,-0.64,-1.14,-0.45,-0.69,18.657,0.466,11.357,0.36,0.593,3.118,0.781,0.169,0.202,5.709,7.623,0.245,0.43,0.005,3.446
65,84,25,25,POR,Nassir Little,UNC,2,96,1213,392,236,45,0.45,0.302,0.719,12.6,4.1,2.5,0.5,1.7,0.066,-3.3,-0.4,11.35,,,11.35,1629642,Portland Trail Blazers,-1.4,-0.32,-1.09,-1.14,-0.35,-0.79,14.388,0.523,6.367,0.317,0.497,4.38,0.735,0.223,0.156,9.716,1.772,0.053,0.907,0.011,1.638
66,85,26,26,CLE,Dylan Windler,Belmont,1,31,513,161,107,33,0.438,0.338,0.778,16.5,5.2,3.5,1.1,0.5,0.045,-1.7,0,-2.32,,,-2.32,1629685,Cleveland Cavaliers,-1.26,-1.08,-0.19,-1.2,-1.07,-0.13,15.071,0.519,8.07,0.319,0.539,3.306,0.748,0.231,0.168,10.131,3.145,0.095,1.095,0.012,2.421
67,86,27,27,BRK,Mfiondu Kabengele,Florida State,2,51,344,137,71,19,0.388,0.314,0.84,6.7,2.7,1.4,0.4,0.4,0.054,-3.3,-0.1,9.38,,,9.38,1629662,Cleveland Cavaliers,-1.8,-1.56,-0.24,-1.68,-1.53,-0.15,15.113,0.52,9.055,0.319,0.56,4.082,0.745,0.261,0.172,10.367,2.724,0.091,1.535,0.018,2.042
68,87,28,28,GSW,Jordan Poole,Michigan,2,108,2262,1115,210,233,0.381,0.316,0.84,20.9,10.3,1.9,2.2,0.7,0.015,-4,-1.1,9.98,,,9.98,1629673,Golden State Warriors,-0.26,0.87,-1.13,0.32,1.71,-1.39,23.072,0.496,13.677,0.352,0.605,6.187,0.849,0.272,0.241,4.654,4.089,0.143,0.44,0.005,2.375
69,88,29,29,SAS,Keldon Johnson,Kentucky,2,86,2269,1035,469,136,0.492,0.36,0.75,26.4,12,5.5,1.6,4.3,0.092,-1.5,0.3,10.29,,,10.29,1629640,San Antonio Spurs,-1.59,-0.7,-0.89,-1.89,-0.56,-1.33,17.092,0.541,4.906,0.334,0.278,5.22,0.759,0.296,0.185,9.002,2.486,0.075,0.487,0.006,1.768
70,89,30,30,MIL,Kevin Porter Jr.,USC,2,76,1997,929,261,273,0.434,0.323,0.728,26.3,12.2,3.4,3.6,0.3,0.007,-3.8,-0.9,4.96,,,4.96,1629645,Houston Rockets,-1.83,-0.41,-1.42,-1.41,-0.25,-1.16,23.07,0.494,10.197,0.327,0.462,6.842,0.741,0.295,0.261,6.033,8.167,0.297,0.529,0.006,4.872
71,90,31,31,BRK,Nicolas Claxton,Georgia,2,47,781,278,210,44,0.606,0.167,0.494,16.6,5.9,4.5,0.9,2.4,0.145,0.1,0.4,8.5,,,8.5,1629651,Brooklyn Nets,0.41,-1.13,1.54,0.48,-1.27,1.75,11.392,0.613,0.962,0.229,0.049,4.348,0.501,0.377,0.13,13.686,1.891,0.058,3.306,0.039,1.545
72,91,32,32,PHO,KZ Okpala,Stanford,2,42,473,99,73,20,0.386,0.235,0.529,11.3,2.4,1.7,0.5,0.2,0.021,-6.7,-0.6,6.14,,,6.14,1629644,Miami Heat,-1.95,-2.11,0.16,-1.79,-2.1,0.31,12.281,0.565,5.225,0.313,0.447,3.292,0.621,0.265,0.131,8.407,2.03,0.064,1.319,0.014,1.834
73,92,33,33,PHI,Carsen Edwards,Purdue,2,68,627,244,73,38,0.372,0.302,0.75,9.2,3.6,1.1,0.6,0.4,0.03,-4.7,-0.4,9.84,,,9.84,1629035,Boston Celtics,-1.73,-0.8,-0.94,-1.59,-0.66,-0.93,19.208,0.506,11.494,0.343,0.618,3.209,0.785,0.156,0.189,5.252,3.184,0.097,0.329,0.004,1.536
74,93,34,34,PHI,Bruno Fernando,Maryland,2,89,939,291,276,59,0.498,0.128,0.603,10.6,3.3,3.1,0.7,0.7,0.037,-4.8,-0.7,9.02,,,9.02,1628981,Atlanta Hawks,-2.06,-2.36,0.3,-1.99,-2.4,0.41,14.156,0.542,1.201,0.227,0.069,5.758,0.656,0.306,0.173,14.277,1.841,0.063,0.823,0.008,2.952
75,95,36,36,CHO,Cody Martin,Nevada,2,100,1752,445,319,181,0.435,0.252,0.62,17.5,4.5,3.2,1.8,2.1,0.056,-2.2,-0.1,6.59,,,6.59,1628998,Charlotte Hornets,-0.17,-1.35,1.18,-0.29,-1.63,1.34,11.93,0.512,3.843,0.286,0.319,3.278,0.628,0.277,0.146,9.487,5.375,0.154,0.77,0.008,2.229
76,97,38,38,CHI,Daniel Gafford,Arkansas,2,97,1400,600,337,50,0.691,,0.619,14.4,6.2,3.5,0.5,5.3,0.182,0.8,1,9.31,,,9.31,1629655,Washington Wizards,1.72,1.1,0.63,2.58,1.46,1.12,14.572,0.644,1.091,0.241,0.059,6.2,0.66,0.504,0.175,12.809,1.591,0.047,4.061,0.044,2.055
77,99,40,40,SAC,Justin James,Wyoming,2,72,542,228,62,40,0.446,0.343,0.544,7.5,3.2,0.9,0.6,0.3,0.024,-3.2,-0.2,1.62,,,1.62,1629713,Sacramento Kings,-1.97,-1.22,-0.75,-1.96,-1.17,-0.79,19.443,0.504,7.319,0.333,0.352,6.62,0.711,0.322,0.22,5.983,3.377,0.115,0.661,0.008,2.486
78,100,41,41,GSW,Eric Paschall,Villanova,2,100,2349,1218,403,178,0.497,0.301,0.755,23.5,12.2,4,1.8,3,0.062,-2.9,-0.5,7.55,,,7.55,1629672,Golden State Warriors,-2.69,-1.29,-1.4,-2.46,-0.92,-1.54,19.759,0.511,4.354,0.271,0.233,6.316,0.708,0.351,0.238,8.716,3.182,0.118,0.607,0.007,2.968
79,102,43,43,MIN,Jaylen Nowell,Washington,2,57,910,436,108,81,0.415,0.301,0.847,16,7.6,1.9,1.4,0.9,0.045,-3.2,-0.3,6.54,,,6.54,1629669,Minnesota Timberwolves,-1.49,-0.64,-0.85,-1.26,-0.42,-0.84,19.676,0.474,9.712,0.321,0.489,3.754,0.798,0.205,0.198,6.165,3.795,0.13,0.707,0.009,1.777
80,103,44,44,MIA,Bol Bol,Oregon,2,39,247,109,43,13,0.453,0.394,0.72,6.3,2.8,1.1,0.3,0.1,0.02,-3.8,-0.1,6.13,,,6.13,1629626,Denver Nuggets,-1.6,-1.69,0.09,-1.49,-1.7,0.21,18.645,0.492,7.15,0.328,0.382,5.714,0.683,0.309,0.228,9.716,2.081,0.07,2.596,0.027,3.037
81,104,45,45,DET,Isaiah Roby,Nebraska,2,64,1436,533,343,107,0.481,0.294,0.744,22.4,8.3,5.4,1.7,1.2,0.041,-3.6,-0.6,9.79,,,9.79,1629676,Oklahoma City Thunder,-2.51,-2.42,-0.09,-1.84,-2.19,0.35,14.86,0.516,4.374,0.303,0.293,3.734,0.747,0.265,0.17,10.948,3.301,0.116,1.244,0.013,3.396
82,105,46,46,ORL,Talen Horton-Tucker,Iowa State,2,71,1385,619,176,187,0.459,0.285,0.767,19.5,8.7,2.5,2.6,2.2,0.077,-1.2,0.3,9.3,,,9.3,1629659,Los Angeles Lakers,-0.38,-0.63,0.25,-0.1,-0.3,0.2,19.476,0.497,5.533,0.302,0.293,6.255,0.728,0.318,0.227,6.975,7.308,0.222,0.556,0.006,4.251
83,106,47,47,SAC,Ignas Brazdeikis,Michigan,2,22,302,108,50,21,0.39,0.324,0.737,13.7,4.9,2.3,1,0,-0.006,-6.2,-0.3,10.55,,,10.55,1629649,Orlando Magic,-3.11,-2.04,-1.07,-3.16,-2.07,-1.09,16.171,0.499,6.675,0.308,0.388,3.408,0.734,0.243,0.172,8.087,2.946,0.099,0.669,0.008,2.172
84,107,48,48,LAC,Terance Mann,Florida State,2,108,1625,571,297,157,0.501,0.405,0.793,15,5.3,2.8,1.5,4.5,0.133,-0.4,0.6,8.95,,,8.95,1629611,Los Angeles Clippers,-0.9,-0.4,-0.5,-0.99,-0.41,-0.58,14.946,0.551,5.432,0.355,0.355,3.914,0.785,0.263,0.158,7.857,3.208,0.087,0.445,0.005,1.579
85,108,49,49,SAS,Quinndary Weatherspoon,Mississippi State,2,31,199,58,18,19,0.404,0.182,0.778,6.4,1.9,0.6,0.6,-0.1,-0.014,-6,-0.2,6.95,,,6.95,1629683,San Antonio Spurs,-2.2,-1.92,-0.27,-2.16,-1.91,-0.25,14.963,0.475,4.139,0.298,0.275,5.677,0.753,0.301,0.181,5.538,3.909,0.121,0.657,0.007,2.957
86,109,50,50,IND,Jarrell Brantley,College of Charleston,2,37,234,88,47,26,0.438,0.366,0.75,6.3,2.4,1.3,0.7,0.5,0.099,-0.6,0.1,-1.6,,,-1.6,1629714,Utah Jazz,-0.9,-1.03,0.13,-0.71,-0.97,0.26,18.773,0.493,9.837,0.309,0.504,3.743,0.694,0.188,0.213,9.037,5.063,0.141,0.782,0.008,3.313
87,110,51,51,BOS,Tremont Waters,LSU,2,37,357,139,33,78,0.361,0.306,0.96,9.6,3.8,0.9,2.1,0.1,0.019,-2.3,0,8.59,,,8.59,1629682,Boston Celtics,-0.12,0.18,-0.31,0,0.28,-0.28,19.947,0.461,9.769,0.313,0.481,5.135,0.843,0.21,0.227,4.927,10.8,0.364,0.408,0.004,4.09
88,111,52,52,CHO,Jalen McDaniels,San Diego State,2,63,1197,435,234,66,0.469,0.341,0.728,19,6.9,3.7,1,1.6,0.066,-3.3,-0.4,3.19,,,3.19,1629667,Charlotte Hornets,-1.92,-1.4,-0.53,-1.64,-1.35,-0.29,15.065,0.55,6.203,0.318,0.413,3.286,0.721,0.239,0.17,9.849,2.81,0.084,1.096,0.012,2.064
89,114,55,55,NYK,Kyle Guy,Virginia,2,34,245,91,36,33,0.333,0.265,0.8,7.2,2.7,1.1,1,-0.1,-0.016,-6.6,-0.3,10.05,,,10.05,1629657,Sacramento Kings,-2.47,-1.26,-1.21,-2.52,-1.29,-1.23,18.071,0.468,8.981,0.333,0.533,4.05,0.801,0.259,0.192,6.083,7.077,0.203,0.25,0.003,2.788
90,117,58,58,GSW,Miye Oni,Yale,2,64,628,140,101,32,0.359,0.346,0.818,9.8,2.2,1.6,0.5,1,0.078,-2.5,-0.1,-2.08,,,-2.08,1629671,Utah Jazz,-0.9,-1.65,0.75,-0.63,-1.6,0.97,9.141,0.52,7.793,0.324,0.875,0.887,0.736,0.185,0.094,7.128,2.348,0.067,0.569,0.007,1.287
91,120,1,1,PHO,Deandre Ayton,Arizona,3,178,5534,2846,1892,296,0.588,0.189,0.756,31.1,16,10.6,1.7,17.4,0.151,0.5,3.5,6.84,,,6.84,1629028,Phoenix Suns,1.81,0.29,1.52,1.52,0.01,1.51,14.609,0.642,0.704,0.233,0.037,3.593,0.742,0.238,0.163,17.431,1.885,0.048,1.804,0.02,1.941
92,121,2,2,SAC,Marvin Bagley III,Duke,3,118,3013,1716,886,115,0.5,0.314,0.663,25.5,14.5,7.5,1,5.3,0.085,-2.1,-0.1,9.71,,,9.71,1628963,Sacramento Kings,-1.99,-0.37,-1.62,-2.56,-0.48,-2.08,22.596,0.537,4.331,0.25,0.202,6.389,0.629,0.297,0.265,13.757,1.943,0.075,1.088,0.011,2.7
93,123,4,4,MEM,Jaren Jackson Jr.,Michigan State,3,126,3395,1946,596,154,0.48,0.374,0.765,26.9,15.4,4.7,1.2,7.5,0.106,0.1,1.8,7.1,,,7.1,1628991,Memphis Grizzlies,-0.25,0.02,-0.28,0.2,0.42,-0.22,20.557,0.565,10.616,0.368,0.52,6.091,0.802,0.284,0.225,8.972,2.287,0.072,2.506,0.027,2.416
94,124,5,5,DAL,Trae Young,Oklahoma,3,204,6748,4921,801,1807,0.431,0.343,0.861,33.1,24.1,3.9,8.9,16.3,0.116,2.2,7,10.56,,,10.56,1629027,Atlanta Hawks,3.01,5.02,-2.01,2.89,5.33,-2.44,28.699,0.489,10.77,0.34,0.396,12.836,0.86,0.394,0.359,4.872,11.872,0.403,0.047,0,5.499
95,125,6,6,ORL,Mo Bamba,Texas,3,155,2369,991,800,116,0.471,0.325,0.646,15.3,6.4,5.2,0.7,5.9,0.12,-0.3,1,10.67,,,10.67,1628964,Orlando Magic,-1.14,-1.07,-0.07,-0.02,-0.57,0.55,20.173,0.543,7.619,0.33,0.386,4.747,0.715,0.237,0.226,17.22,2.364,0.079,3.682,0.039,2.155
96,126,7,7,CHI,Wendell Carter Jr.,Duke,3,141,3741,1545,1155,233,0.506,0.241,0.749,26.5,11,8.2,1.7,8.6,0.11,-1.9,0.1,9.71,,,9.71,1628976,Orlando Magic,-1.16,-1.61,0.45,-0.24,-0.97,0.73,17.979,0.527,2.546,0.28,0.145,6.745,0.737,0.352,0.214,15.39,3.25,0.107,1.453,0.016,2.524
97,127,8,8,CLE,Collin Sexton,Alabama,3,207,6863,4180,627,697,0.458,0.385,0.831,33.2,20.2,3,3.4,5.4,0.038,-2.3,-0.6,10.64,,,10.64,1629012,Cleveland Cavaliers,-1.28,0.33,-1.61,-0.68,1.46,-2.14,26.46,0.517,6.782,0.357,0.261,9.733,0.83,0.402,0.316,5.099,6.648,0.256,0.378,0.004,4.197
98,128,9,9,NYK,Kevin Knox,Kentucky,3,182,3788,1545,580,162,0.369,0.345,0.703,20.8,8.5,3.2,0.9,-0.6,-0.007,-4.8,-2.6,10.73,,,10.73,1628995,New York Knicks,-1.79,-1.5,-0.28,-1.96,-1.4,-0.56,17.112,0.45,10.875,0.336,0.64,4.369,0.714,0.235,0.181,7.24,2.209,0.073,0.873,0.011,2.097
99,129,10,10,PHI,Mikal Bridges,Villanova,3,227,6807,2321,865,454,0.497,0.376,0.83,30,10.2,3.8,2,15.7,0.111,0.7,4.7,9.74,,,9.74,1628969,Phoenix Suns,1.54,1.1,0.44,2.01,1.62,0.39,13.604,0.605,6.563,0.372,0.474,2.777,0.824,0.198,0.14,6.678,2.56,0.071,0.962,0.012,1.252
100,130,11,11,CHO,Shai Gilgeous-Alexander,Kentucky,3,187,5782,3050,810,709,0.482,0.373,0.805,30.9,16.3,4.3,3.8,13,0.108,1.3,4.8,10.73,,,10.73,1628983,Oklahoma City Thunder,0.65,1.49,-0.84,2.38,2.98,-0.6,26.051,0.512,8.07,0.353,0.311,9.976,0.789,0.414,0.315,6.83,7.742,0.295,0.904,0.011,4.418
101,131,12,12,LAC,Miles Bridges,Michigan State,3,211,5623,2280,1082,356,0.461,0.354,0.816,26.6,10.8,5.1,1.7,8.8,0.075,-1.1,1.3,8.8,,,8.8,1628970,Charlotte Hornets,0.16,0.33,-0.17,1.33,1.07,0.26,18.88,0.552,9.864,0.359,0.486,4.309,0.821,0.23,0.207,9.956,4.269,0.14,1.294,0.014,2.603
102,133,14,14,DEN,Michael Porter Jr.,Missouri,2,116,2815,1674,704,116,0.532,0.439,0.806,24.3,14.4,6.1,1,9.8,0.167,2.5,3.2,9.19,,,9.19,1629008,Denver Nuggets,1.99,2.12,-0.13,1.7,2.12,-0.42,22.046,0.581,11.616,0.4,0.552,3.256,0.801,0.16,0.225,10.795,2.011,0.065,0.972,0.011,1.991
103,134,15,15,WAS,Troy Brown,Oregon,3,155,3036,1125,633,287,0.432,0.33,0.754,19.6,7.3,4.1,1.9,3.5,0.055,-2.1,-0.1,4.84,,,6.99,1628972,Chicago Bulls,-0.66,-0.87,0.21,-1.13,-1.36,0.23,14.739,0.5,6.312,0.332,0.447,3.206,0.758,0.203,0.153,9.921,2.625,0.08,0.512,0.006,1.684
104,136,17,17,MIL,Donte DiVincenzo,Villanova,3,159,3745,1429,763,388,0.432,0.349,0.728,23.6,9,4.8,2.4,8.5,0.108,0.3,2.2,9.74,,,9.74,1628978,Milwaukee Bucks,0.23,-0.4,0.63,-0.78,-0.81,0.03,14.425,0.479,9.33,0.344,0.632,2.345,0.705,0.155,0.16,10.257,4.661,0.125,0.388,0.005,2.558
105,137,18,18,SAS,Lonnie Walker,Miami (FL),3,138,2628,1103,311,178,0.419,0.369,0.773,19,8,2.3,1.3,0.7,0.014,-3.6,-1.1,6.96,,,6.96,1629022,San Antonio Spurs,-2.75,-1.09,-1.67,-2.44,-0.92,-1.52,19.491,0.479,9.182,0.365,0.478,2.554,0.819,0.146,0.197,5.01,3.467,0.105,0.466,0.005,1.948
106,138,19,19,ATL,Kevin Huerter,Maryland,3,200,5934,2233,704,668,0.422,0.376,0.783,29.7,11.2,3.5,3.3,6.6,0.053,-1.5,0.8,8.11,,,8.11,1628989,Atlanta Hawks,-0.41,-0.34,-0.07,-1.11,-0.94,-0.17,16.025,0.499,8.271,0.368,0.512,1.581,0.782,0.101,0.164,5.733,5.206,0.145,0.636,0.008,1.895
107,139,20,20,MIN,Josh Okogie,Georgia Tech,3,195,4501,1419,642,253,0.403,0.273,0.766,23.1,7.3,3.3,1.3,4.7,0.05,-3,-1.2,7.84,,,7.84,1629006,Minnesota Timberwolves,-0.22,-1.31,1.09,0.72,-1.04,1.76,9.988,0.539,4.629,0.295,0.439,5.424,0.763,0.484,0.124,7.439,2.392,0.07,0.991,0.013,1.566
108,140,21,21,UTA,Grayson Allen,Duke,3,126,2393,1073,268,185,0.423,0.381,0.832,19,8.5,2.1,1.5,3.9,0.078,-1.8,0.2,10.27,,,10.27,1628960,Memphis Grizzlies,-0.29,0.33,-0.62,0.29,0.48,-0.19,14.51,0.507,10.477,0.367,0.686,3.14,0.825,0.223,0.149,6.071,3.196,0.089,0.42,0.005,1.278
109,141,22,22,CHI,Chandler Hutchison,Boise State,3,97,1768,554,371,77,0.441,0.309,0.638,18.2,5.7,3.8,0.8,1.2,0.032,-3.9,-0.9,2.57,,,2.57,1628990,Washington Wizards,-2.87,-2.37,-0.49,-2.81,-2.48,-0.33,14.153,0.487,3.315,0.272,0.215,4.224,0.671,0.307,0.16,9.995,2.171,0.07,0.668,0.007,2.1
110,142,23,23,IND,Aaron Holiday,UCLA,3,182,3439,1396,312,435,0.403,0.372,0.832,18.9,7.7,1.7,2.4,3.2,0.045,-2.5,-0.4,7.65,,,7.65,1628988,Indiana Pacers,-0.61,-0.76,0.16,-0.89,-1.15,0.26,18.762,0.454,7.133,0.361,0.412,3.881,0.82,0.234,0.208,4.36,6.016,0.172,0.543,0.006,2.549
111,144,25,25,LAL,Moritz Wagner,Michigan,3,133,2003,910,450,130,0.48,0.315,0.817,15.1,6.8,3.4,1,3.1,0.075,-2.9,-0.4,9.16,,,9.16,1629021,Orlando Magic,-0.98,-0.74,-0.23,0.11,-0.23,0.34,15.806,0.542,7.712,0.34,0.48,4.791,0.811,0.314,0.189,10.03,2.888,0.096,1.069,0.012,2.578
112,145,26,26,PHI,Landry Shamet,Wichita State,3,193,4657,1781,346,315,0.416,0.397,0.834,24.1,9.2,1.8,1.6,8,0.083,-2,0,,,,4.22,1629013,Brooklyn Nets,-0.91,-0.02,-0.89,-0.17,-0.26,0.09,13.279,0.498,8.951,0.381,0.693,2.52,0.82,0.218,0.135,4.201,2.709,0.072,0.273,0.003,1.354
113,146,27,27,BOS,Robert Williams,Texas A&M,3,113,1656,648,567,128,0.72,0,0.623,14.7,5.7,5,1.1,8.5,0.247,5.1,3,,,,9.29,1629057,Boston Celtics,1.55,0.26,1.29,2.79,0.48,2.31,14.608,0.628,1.214,0.233,0.061,4.335,0.575,0.31,0.187,17.253,4.711,0.159,4.184,0.053,2.506
114,151,32,32,MEM,Jevon Carter,West Virginia,3,157,2239,707,276,224,0.386,0.381,0.803,14.3,4.5,1.8,1.4,3.3,0.072,-0.6,0.8,,,,9.53,1628975,Phoenix Suns,0.45,0.05,0.4,1.29,0.32,0.97,17.285,0.441,10.888,0.353,0.61,1.696,0.734,0.108,0.17,6.277,4.111,0.118,0.386,0.005,1.826
115,152,33,33,DAL,Jalen Brunson,Villanova,3,198,4310,2001,534,657,0.489,0.373,0.775,21.8,10.1,2.7,3.3,9.8,0.109,-0.6,1.5,,,,9.74,1628973,Dallas Mavericks,0.62,1.37,-0.74,0.64,1.41,-0.77,19.686,0.538,6.773,0.348,0.351,5.052,0.788,0.27,0.209,6.712,6.582,0.21,0.209,0.002,2.452
116,153,34,34,ATL,Devonte' Graham,Kansas,3,164,4546,2178,423,887,0.376,0.364,0.822,27.7,13.3,2.6,5.4,7.3,0.077,-0.2,2.1,,,,11.86,1628984,Charlotte Hornets,0.19,1.09,-0.89,-0.6,1.23,-1.83,20.781,0.445,16.48,0.357,0.751,5.657,0.84,0.251,0.223,4.672,8.46,0.271,0.332,0.004,2.814
117,156,37,37,SAC,Gary Trent Jr.,Duke,3,134,3245,1469,263,146,0.417,0.393,0.778,24.2,11,2,1.1,3.9,0.058,-2,0,,,,9.71,1629018,Toronto Raptors,-2.09,-0.37,-1.72,-2.5,-0.52,-1.98,23.918,0.452,12.18,0.359,0.511,4.194,0.791,0.174,0.236,4.89,2.19,0.081,0.396,0.005,1.611
118,157,38,38,PHI,Khyri Thomas,Creighton,3,39,409,160,39,36,0.388,0.316,0.75,10.5,4.1,1,0.9,0.5,0.058,-2.7,-0.1,,,,7.83,1629017,Houston Rockets,-0.03,-0.24,0.21,0.09,-0.23,0.32,18.958,0.533,9.354,0.338,0.473,3.826,0.813,0.213,0.208,5.56,6.889,0.199,1.02,0.011,2.461
119,160,41,41,ORL,Jarred Vanderbilt,Kentucky,3,92,1254,380,400,81,0.597,0.143,0.57,13.6,4.1,4.3,0.9,3.2,0.121,-1,0.3,,,,10.73,1629020,Minnesota Timberwolves,1.22,-0.4,1.62,1.52,-0.19,1.71,9.441,0.652,0.974,0.241,0.057,4.617,0.578,0.433,0.116,15.692,2.376,0.066,2.19,0.023,1.837
120,161,42,42,DET,Bruce Brown,Miami (FL),3,197,4534,1409,808,425,0.471,0.298,0.74,23,7.2,4.1,2.2,7.9,0.084,-1.6,0.5,,,,8.26,1628971,Brooklyn Nets,0.19,-0.16,0.36,0.92,-0.09,1.01,14.633,0.567,2.284,0.302,0.133,4.07,0.737,0.249,0.162,11.824,3.476,0.096,0.892,0.01,1.852
121,162,43,43,DEN,Justin Jackson,Maryland,,,,,,,,,,,,,,,,,,,,,8.12,1628382,Milwaukee Bucks,-2.05,-0.72,-1.33,-2.1,-0.29,-1.81,18.922,0.482,10.216,0.339,0.541,3.592,0.772,0.173,0.201,6.687,2.974,0.093,0.253,0.003,2.287
122,194,15,15,POR,Justin Jackson,UNC,4,248,4742,1641,630,274,0.427,0.321,0.797,19.1,6.6,2.5,1.1,5.3,0.053,-2.8,-1,,,,8.12,1628382,Milwaukee Bucks,-2.05,-0.72,-1.33,-2.1,-0.29,-1.81,18.922,0.482,10.216,0.339,0.541,3.592,0.772,0.173,0.201,6.687,2.974,0.093,0.253,0.003,2.287
123,164,45,45,BRK,Hamidou Diallo,Kentucky,3,149,2648,1112,536,154,0.463,0.294,0.627,17.8,7.5,3.6,1,2.8,0.05,-3.3,-0.8,,,,10.73,1628977,Detroit Pistons,-2,-1.4,-0.6,-1.61,-0.96,-0.65,19.508,0.5,5.063,0.311,0.234,7.041,0.658,0.342,0.218,10.847,3.273,0.11,1.086,0.012,2.724
124,165,46,46,HOU,De'Anthony Melton,USC,3,162,3196,1177,515,466,0.412,0.35,0.775,19.7,7.3,3.2,2.9,4,0.06,-0.3,1.4,,,,6.4,1629001,Memphis Grizzlies,1.1,-0.42,1.52,0.87,-0.81,1.68,16.834,0.477,10.883,0.353,0.622,2.78,0.77,0.192,0.178,7.346,5.225,0.162,1.291,0.015,2.455
125,166,47,47,LAL,Sviatoslav Mykhailiuk,Kansas,3,164,3029,1196,303,253,0.4,0.362,0.764,18.5,7.3,1.8,1.5,1.8,0.028,-2.8,-0.6,,,,11.86,1629004,Oklahoma City Thunder,-2.09,-1.17,-0.91,-2.22,-0.89,-1.33,20.138,0.485,11.041,0.349,0.533,3.141,0.778,0.171,0.231,5.896,4.098,0.133,0.416,0.005,3.122
126,167,48,48,MIN,Keita Bates-Diop,Ohio State,3,104,1492,518,259,59,0.429,0.302,0.694,14.3,5,2.5,0.6,1.9,0.061,-2.2,-0.1,,,,7.69,1628966,San Antonio Spurs,-1.76,-1.65,-0.1,-1.43,-1.52,0.09,12.5,0.519,2.677,0.287,0.194,4.432,0.667,0.29,0.141,9.884,2.236,0.072,1.14,0.014,1.571
127,168,49,49,SAS,Chimezie Metu,USC,3,83,738,335,181,51,0.48,0.317,0.74,8.9,4,2.2,0.6,0.6,0.039,-4,-0.4,,,,6.78,1629002,Sacramento Kings,-2.07,-1.5,-0.57,-1.84,-1.46,-0.38,18.702,0.517,5.712,0.321,0.336,4.072,0.756,0.196,0.213,11.059,2.985,0.092,1.841,0.017,2.552
128,169,50,50,IND,Alize Johnson,Missouri State,3,49,371,141,157,22,0.496,0.313,0.774,7.6,2.9,3.2,0.4,1.2,0.155,-0.5,0.1,,,,0.82,1628993,Brooklyn Nets,-0.61,-0.68,0.08,-0.48,-0.64,0.16,15.773,0.584,1.454,0.28,0.092,5.173,0.766,0.288,0.181,20.047,2.555,0.085,1.053,0.013,2.416
129,173,54,54,DAL,Shake Milton,SMU,3,123,2534,1281,271,315,0.454,0.374,0.815,20.6,10.4,2.2,2.6,5.2,0.099,-1.9,0.1,,,,4.22,1629003,Philadelphia 76ers,-1.45,-0.46,-0.99,-1.56,-0.44,-1.12,21.662,0.498,7.894,0.346,0.394,5.592,0.798,0.267,0.234,5.329,6.095,0.198,0.518,0.006,3.211
130,179,60,60,PHI,Kostas Antetokounmpo,Dayton,3,22,87,21,23,3,0.375,,0.474,4,1,1,0.1,-0.2,-0.098,-10.2,-0.2,,,,2.7,1628961,Los Angeles Lakers,-1.69,-2.62,0.93,-1.73,-2.65,0.92,14.615,0.525,2.386,0.255,0.134,6.719,0.582,0.365,0.177,13.147,1.85,0.065,2.153,0.026,3.437
131,180,1,1,PHI,Markelle Fultz,Washington,4,113,2891,1228,376,524,0.447,0.265,0.695,25.6,10.9,3.3,4.6,3.1,0.052,-2.2,-0.2,,,,6.82,1628365,Orlando Magic,-1.52,-0.98,-0.55,-1.67,-0.94,-0.73,21.665,0.476,4.712,0.27,0.22,4.867,0.76,0.231,0.25,6.084,8.758,0.285,0.517,0.006,3.54
132,181,2,2,LAL,Lonzo Ball,UCLA,4,217,6975,2540,1257,1385,0.397,0.353,0.56,32.1,11.7,5.8,6.4,9.2,0.063,0.8,4.8,,,,6.39,1628366,New Orleans Pelicans,0.05,0.09,-0.05,0.49,0.01,0.48,21.358,0.464,13.332,0.354,0.635,2.819,0.702,0.115,0.239,8.054,8.709,0.261,0.898,0.01,3.663
133,182,3,3,BOS,Jayson Tatum,Duke,4,289,9453,5594,1811,772,0.458,0.396,0.84,32.7,19.4,6.3,2.7,25.5,0.129,2.1,9.8,,,,10.91,1628369,Boston Celtics,3,3.21,-0.21,2.21,2.85,-0.64,28.765,0.514,10.481,0.373,0.373,10.134,0.843,0.362,0.314,10.065,5.884,0.204,1.069,0.012,3.556
134,183,4,4,PHO,Josh Jackson,Kansas,4,240,5888,2948,1018,480,0.418,0.298,0.676,24.5,12.3,4.2,2,-1.7,-0.014,-3.8,-2.7,,,,,1628367,Detroit Pistons,-0.67,-1.36,0.68,-1.06,-1.12,0.06,21.227,0.472,7.626,0.333,0.374,6.643,0.771,0.317,0.247,7.779,5.092,0.167,1.375,0.015,3.991
135,184,5,5,SAC,De'Aaron Fox,Kentucky,4,263,8242,4781,907,1675,0.458,0.326,0.718,31.3,18.2,3.4,6.4,13.2,0.077,0.1,4.5,,,,10.49,1628368,Sacramento Kings,0.94,2.37,-1.44,2.02,2.65,-0.63,27.623,0.511,8.126,0.3,0.288,11.101,0.738,0.422,0.341,5.457,8.953,0.33,0.618,0.007,4.734
136,185,6,6,ORL,Jonathan Isaac,Florida State,3,136,3512,1269,741,146,0.435,0.33,0.797,25.8,9.3,5.4,1.1,6.7,0.091,0.2,2,,,,8.87,1628371,Orlando Magic,1.23,-0.22,1.46,1.32,-0.03,1.35,18.034,0.509,5.59,0.309,0.292,4.806,0.768,0.263,0.208,11.615,3,0.095,2.706,0.031,2.27
137,186,7,7,MIN,Lauri Markkanen,Arizona,4,221,6511,3439,1559,273,0.44,0.366,0.845,29.5,15.6,7.1,1.2,11.6,0.086,-0.2,2.8,,,,7.63,1628374,Chicago Bulls,-0.62,-0.29,-0.33,-0.13,0.43,-0.56,19.557,0.54,12.199,0.361,0.602,3.536,0.826,0.205,0.194,9.952,1.773,0.066,0.734,0.008,1.561
138,188,9,9,DAL,Dennis Smith Jr.,NC State,4,179,4514,2111,548,785,0.4,0.316,0.652,25.2,11.8,3.1,4.4,-1,-0.01,-2.4,-0.5,,,,8.09,1628372,Detroit Pistons,-1.58,-1.89,0.3,-0.81,-1.36,0.55,18.749,0.447,7.299,0.309,0.414,3.971,0.63,0.231,0.211,6.927,8.362,0.284,1.1,0.013,3.75
139,189,10,10,SAC,Zach Collins,Gonzaga,3,154,2691,881,614,139,0.444,0.324,0.722,17.5,5.7,4,0.9,3.9,0.069,-2.6,-0.4,,,,4.13,1628380,Portland Trail Blazers,-1.21,-1.32,0.11,-1.32,-1.67,0.35,16.098,0.526,5.181,0.297,0.312,3.774,0.719,0.228,0.173,12.381,2.664,0.088,1.639,0.02,2.588
140,190,11,11,CHO,Malik Monk,Kentucky,4,233,4159,2128,461,409,0.403,0.339,0.843,17.8,9.1,2,1.8,2,0.023,-2.7,-0.7,,,,10.49,1628370,Charlotte Hornets,-0.79,0.5,-1.29,-0.54,1.06,-1.6,21.75,0.499,12.074,0.35,0.548,4.093,0.816,0.217,0.225,5.625,4.816,0.16,0.432,0.005,2.814
141,191,12,12,DET,Luke Kennard,Duke,4,227,5054,2133,618,457,0.449,0.413,0.86,22.3,9.4,2.7,2,9.7,0.092,-0.7,1.6,,,,10.75,1628379,Los Angeles Clippers,-1.32,0.44,-1.76,-0.31,0.78,-1.09,16.115,0.523,10.096,0.396,0.646,1.583,0.83,0.102,0.159,5.438,3.023,0.088,0.152,0.002,1.401
142,192,13,13,DEN,Donovan Mitchell,Louisville,4,278,9371,6501,1151,1184,0.439,0.362,0.829,33.7,23.4,4.1,4.3,21.8,0.112,1.8,9.1,,,,9.44,1628378,Utah Jazz,3.06,4.1,-1.04,3.63,5,-1.37,30.897,0.499,15.448,0.355,0.483,10.011,0.85,0.311,0.337,6.136,7.908,0.266,0.342,0.004,3.921
143,193,14,14,MIA,Bam Adebayo,Kentucky,4,287,7841,3549,2286,999,0.559,0.159,0.738,27.3,12.4,8,3.5,28.3,0.173,2.7,9.4,,,,10.49,1628389,Miami Heat,1.95,0.89,1.05,2.32,1.05,1.27,18.573,0.561,1.094,0.248,0.061,7.768,0.757,0.413,0.236,13.213,8.104,0.247,1.52,0.016,3.703
144,197,18,18,IND,TJ Leaf,UCLA,4,146,1238,477,283,43,0.492,0.341,0.585,8.5,3.3,1.9,0.3,2.7,0.104,-1.8,0.1,,,,6.39,1628388,Portland Trail Blazers,-1.89,-0.94,-0.94,-2,-0.87,-1.13,17.548,0.527,1.586,0.277,0.108,4.648,0.649,0.226,0.193,12.197,1.755,0.059,1.187,0.013,1.902
145,198,19,19,ATL,John Collins,Wake Forest,4,239,6825,3961,2019,357,0.567,0.38,0.777,28.6,16.6,8.4,1.5,23.1,0.162,1.4,5.8,,,,10.16,1628381,Atlanta Hawks,1.22,0.59,0.63,1.56,0.62,0.94,17.252,0.611,5.232,0.363,0.295,4.44,0.807,0.233,0.186,13.136,1.538,0.043,1.31,0.015,1.923
146,201,22,22,BRK,Jarrett Allen,Texas,4,285,7253,3041,2362,375,0.611,0.2,0.696,25.4,10.7,8.3,1.3,26.5,0.175,1.2,5.8,,,,12.75,1628386,Cleveland Cavaliers,-0.07,-0.98,0.91,0.65,-0.53,1.18,13.533,0.63,1.04,0.267,0.061,7.132,0.69,0.526,0.181,16.343,2.797,0.093,1.925,0.02,2.361
147,202,23,23,TOR,OG Anunoby,Indiana,4,253,6332,2322,982,304,0.48,0.375,0.692,25,9.2,3.9,1.2,13.8,0.105,0,3.1,,,,7.53,1628384,Toronto Raptors,1.49,0.49,1,1.73,0.55,1.18,21.811,0.53,10.613,0.356,0.497,5.103,0.758,0.229,0.24,8.429,3.898,0.131,1.101,0.013,2.863
148,206,27,27,BRK,Kyle Kuzma,Utah,4,276,8195,4206,1555,526,0.448,0.338,0.727,29.7,15.2,5.6,1.9,12.2,0.072,-1.2,1.5,,,,6.84,1628398,Los Angeles Lakers,-1.31,-1.2,-0.11,-1.78,-0.76,-1.02,18.681,0.512,9.31,0.344,0.497,3.446,0.716,0.205,0.197,9.143,3.184,0.103,0.883,0.011,2.496
149,207,28,28,LAL,Tony Bradley,UNC,4,112,1412,610,532,62,0.649,0.429,0.676,12.6,5.4,4.8,0.6,6.1,0.208,0.9,1,,,,11.76,1628396,Oklahoma City Thunder,0.01,-0.22,0.24,0.29,-0.1,0.39,15.104,0.623,1.021,0.231,0.054,4.526,0.681,0.332,0.189,16.544,2.161,0.077,1.991,0.023,2.721
150,208,29,29,SAS,Derrick White,Colorado,4,188,4608,2035,603,640,0.452,0.357,0.825,24.5,10.8,3.2,3.4,10.2,0.106,1.1,3.6,,,,6,1628401,San Antonio Spurs,1.61,0.95,0.66,1.42,1.06,0.36,22.549,0.472,12.148,0.351,0.525,7.186,0.809,0.328,0.247,5.71,5.879,0.193,1.485,0.017,2.739
151,209,30,30,UTA,Josh Hart,Villanova,4,242,6280,2111,1313,390,0.432,0.348,0.728,26,8.7,5.4,1.6,11.4,0.087,-0.8,1.9,,,,8.51,1628404,New Orleans Pelicans,-0.85,-0.39,-0.46,-0.65,-0.75,0.1,14.401,0.562,7.902,0.339,0.547,4.166,0.743,0.243,0.173,13.44,3.951,0.127,0.596,0.007,2.063
152,210,31,31,CHO,Frank Jackson,Duke,3,160,2704,1256,303,166,0.431,0.348,0.767,16.9,7.9,1.9,1,1.8,0.031,-4.2,-1.5,,,,10.91,1628402,Detroit Pistons,-1.51,-0.61,-0.9,-1.42,-0.34,-1.08,21.508,0.472,10.15,0.366,0.491,5.201,0.816,0.245,0.223,5.488,2.572,0.097,0.197,0.002,2.326
153,216,37,37,BOS,Semi Ojeleye,SMU,4,254,3705,877,539,117,0.394,0.349,0.701,14.6,3.5,2.1,0.5,5,0.064,-3.3,-1.2,,,,,1628400,Boston Celtics,-2.01,-1.73,-0.28,-1.4,-1.19,-0.21,12.774,0.492,8.417,0.327,0.682,2.312,0.745,0.217,0.129,7.756,1.928,0.059,0.272,0.003,0.932
154,217,38,38,CHI,Jordan Bell,Oregon,4,160,1935,593,496,201,0.552,0.2,0.636,12.1,3.7,3.1,1.3,4.9,0.121,0.2,1.1,,,,8.23,1628395,Golden State Warriors,-1.89,-2.14,0.26,-1.73,-2.38,0.65,12.985,0.488,2.007,0.271,0.131,3.611,0.606,0.267,0.163,13.542,3.71,0.104,2.49,0.028,2.508
155,219,40,40,NOP,Dwayne Bacon,Florida State,4,207,4012,1503,537,230,0.402,0.314,0.78,19.4,7.3,2.6,1.1,0.8,0.01,-5,-3.1,,,,8.52,1628407,Orlando Magic,-3.57,-2.15,-1.42,-3.83,-1.83,-2,20.761,0.459,5.224,0.294,0.25,5.684,0.809,0.276,0.218,6.043,2.964,0.097,0.263,0.003,1.559
156,221,42,42,UTA,Thomas Bryant,Indiana,4,143,2986,1532,863,196,0.6,0.362,0.748,20.9,10.7,6,1.4,10.5,0.169,1.8,2.8,,,,7.53,1628418,Washington Wizards,0.41,0.19,0.23,1.6,0.42,1.18,18.164,0.615,5.205,0.344,0.291,5.089,0.715,0.284,0.195,12.583,2.775,0.092,1.889,0.021,1.918
157,223,44,44,NYK,Damyean Dotson,Oregon,4,211,4221,1590,530,314,0.417,0.346,0.711,20,7.5,2.5,1.5,3,0.034,-2.8,-0.9,,,,,1628422,Cleveland Cavaliers,-2.6,-1.87,-0.73,-2.39,-1.28,-1.11,15.388,0.471,8.933,0.338,0.585,1.938,0.749,0.117,0.152,5.529,4.056,0.136,0.312,0.004,1.332
158,224,45,45,HOU,Dillon Brooks,Oregon,4,240,6789,3365,727,458,0.42,0.353,0.79,28.3,14,3,1.9,3.7,0.026,-4.1,-3.7,,,,8.23,1628415,Memphis Grizzlies,-0.21,0.52,-0.73,-1.42,-0.24,-1.18,24.812,0.485,7.715,0.353,0.307,6.009,0.808,0.251,0.264,5.206,3.479,0.109,0.639,0.007,2.708
159,225,46,46,PHI,Sterling Brown,SMU,4,215,3806,1271,734,232,0.426,0.374,0.781,17.7,5.9,3.4,1.1,5.8,0.073,-2,0,,,,10.11,1628425,Houston Rockets,-1.56,-1.44,-0.12,-1.03,-0.98,-0.05,15.614,0.475,9.511,0.349,0.625,2.065,0.762,0.133,0.161,8.995,2.599,0.093,0.548,0.007,1.684
160,227,48,48,MIL,Sindarius Thornwell,South Carolina,4,160,1721,401,206,111,0.407,0.34,0.672,10.8,2.5,1.3,0.7,1.1,0.032,-3.1,-0.5,,,,7.8,1628414,Orlando Magic,-1.54,-2.26,0.73,-1.79,-2.61,0.82,10.013,0.471,5.113,0.329,0.509,1.831,0.674,0.197,0.114,5.21,4.042,0.13,0.692,0.008,1.846
161,230,51,51,DEN,Monte Morris,Iowa State,4,205,4827,2002,429,709,0.479,0.393,0.816,23.5,9.8,2.1,3.5,13.1,0.13,0.4,2.9,,,,10.28,1628420,Denver Nuggets,-0.44,0.61,-1.05,-0.53,0.68,-1.21,18.851,0.522,7.269,0.355,0.373,4.143,0.811,0.201,0.194,4.258,7.913,0.24,0.407,0.004,2.153
162,231,52,52,NOP,Edmond Sumner,Xavier,4,108,1520,619,165,114,0.474,0.333,0.728,14.1,5.7,1.5,1.1,1.9,0.061,-3.2,-0.5,,,,9.81,1628410,Indiana Pacers,-1.38,-1.06,-0.32,-1.32,-1.1,-0.22,17.599,0.564,5.203,0.311,0.325,4.921,0.774,0.308,0.199,5.556,3.126,0.099,0.59,0.007,2.504
163,240,1,1,PHI,Ben Simmons,LSU,4,275,9326,4382,2217,2127,0.56,0.147,0.597,33.9,15.9,8.1,7.7,30.4,0.156,3.7,13.4,,,,7,1627732,Philadelphia 76ers,2.02,0.67,1.35,2.98,1.47,1.51,13.455,0.6,1.011,0.243,0.051,7.468,0.518,0.546,0.18,10.936,10.293,0.296,1.033,0.011,4.041
164,241,2,2,LAL,Brandon Ingram,Duke,5,313,10211,5566,1576,1105,0.461,0.367,0.756,32.6,17.8,5,3.5,14.8,0.07,-0.7,3.4,,,,10.59,1627742,New Orleans Pelicans,1.43,2.54,-1.1,0.21,1.75,-1.54,25.867,0.486,9.167,0.373,0.36,8.478,0.814,0.321,0.321,6.762,6.943,0.234,0.679,0.008,3.937
165,242,3,3,BOS,Jaylen Brown,California,5,337,9339,5085,1590,591,0.473,0.378,0.699,27.7,15.1,4.7,1.8,18.7,0.096,-0.4,3.9,,,,7.87,1627759,Boston Celtics,1.46,2.33,-0.87,1.8,2.59,-0.79,26.945,0.517,11.957,0.35,0.442,7.034,0.762,0.27,0.301,8.935,4.007,0.153,0.809,0.01,3.594
166,244,5,5,MIN,Kris Dunn,Providence,5,231,5561,1889,766,950,0.42,0.305,0.727,24.1,8.2,3.3,4.1,3.7,0.032,-1.9,0.1,,,,8.09,1627739,Atlanta Hawks,-1.15,-2.1,0.95,-0.73,-1.87,1.14,11.719,0.477,3.009,0.29,0.271,3.084,0.756,0.231,0.148,7.335,6.082,0.172,0.7,0.008,2.946
167,245,6,6,NOP,Buddy Hield,Oklahoma,5,387,11176,6198,1650,951,0.435,0.406,0.863,28.9,16,4.3,2.5,15.2,0.065,0.4,6.7,,,,9.28,1627741,Sacramento Kings,0.21,1.13,-0.92,-0.64,0.27,-0.91,20.732,0.478,14.726,0.378,0.72,2.696,0.844,0.126,0.222,6.955,5.744,0.194,0.643,0.007,3.012
168,246,7,7,DEN,Jamal Murray,Kentucky,5,345,10384,5639,1258,1322,0.446,0.367,0.878,30.1,16.3,3.6,3.8,20.8,0.096,0.2,5.9,,,,8.84,1627750,Denver Nuggets,2.34,3.2,-0.86,2.85,3.29,-0.44,25.871,0.506,10.206,0.361,0.422,5.373,0.828,0.209,0.269,6.022,7.733,0.238,0.382,0.004,3.581
169,248,9,9,TOR,Jakob Poeltl,Utah,5,348,6439,2120,1890,412,0.632,0.5,0.528,18.5,6.1,5.4,1.2,22,0.164,0.8,4.6,,,,8.1,1627751,San Antonio Spurs,1.68,-0.7,2.38,1.14,-1,2.14,11.266,0.628,1.052,0.235,0.058,3.981,0.564,0.333,0.144,14.803,3.387,0.095,3.36,0.037,2.05
170,250,11,11,ORL,Domantas Sabonis,Gonzaga,5,353,9670,4790,3063,1170,0.525,0.321,0.725,27.4,13.6,8.7,3.3,27.5,0.137,1.3,8,,,,4.67,1627734,Indiana Pacers,0.7,0.35,0.35,2.71,1.45,1.26,19.304,0.559,3.733,0.273,0.2,6.999,0.743,0.368,0.249,15.955,9.778,0.325,0.82,0.008,4.461
171,251,12,12,UTA,Taurean Prince,Baylor,5,301,7759,3397,1268,579,0.411,0.37,0.823,25.8,11.3,4.2,1.9,6.1,0.038,-1.9,0.1,,,,9.08,1627752,Cleveland Cavaliers,-1.55,-0.9,-0.64,-1.17,-0.86,-0.31,20.985,0.449,9.831,0.363,0.499,4.462,0.805,0.205,0.223,8.039,4.454,0.151,0.901,0.01,2.836
172,253,14,14,CHI,Denzel Valentine,Michigan State,4,232,4595,1726,815,455,0.394,0.357,0.787,19.8,7.4,3.5,2,4.3,0.045,-1.9,0.1,,,,9.21,1627756,Chicago Bulls,-1.44,-1.4,-0.05,-1.98,-1.34,-0.64,20.8,0.477,11.519,0.348,0.553,1.942,0.817,0.093,0.206,9.241,5.29,0.166,0.45,0.005,2.4
173,258,19,19,DEN,Malik Beasley,Florida State,5,257,5050,2535,598,302,0.446,0.391,0.816,19.6,9.9,2.3,1.2,7.6,0.072,-1.1,1.2,,,,8.16,1627736,Minnesota Timberwolves,-0.84,0.47,-1.32,-0.89,0.97,-1.86,23.527,0.486,13.892,0.377,0.569,4.012,0.797,0.163,0.238,6.109,3.345,0.119,0.32,0.004,2.323
174,259,20,20,IND,Caris LeVert,Michigan,5,260,6980,3663,1002,1009,0.435,0.336,0.732,26.8,14.1,3.9,3.9,9.7,0.066,-0.4,2.7,,,,9.3,1627747,Indiana Pacers,-0.42,0.62,-1.04,0.33,0.9,-0.57,26.169,0.504,8.309,0.338,0.33,6.761,0.79,0.258,0.287,6.998,7.582,0.269,0.863,0.01,3.462
175,260,21,21,ATL,DeAndre' Bembry,Saint Joseph's,5,240,4644,1466,787,467,0.459,0.268,0.612,19.4,6.1,3.3,1.9,2.2,0.023,-2.7,-0.8,,,,4.2,1627761,Toronto Raptors,-1.02,-1.84,0.82,-0.86,-1.53,0.67,13.629,0.542,3.582,0.298,0.261,4.278,0.671,0.293,0.16,7.881,5.635,0.181,0.86,0.01,3.348
176,266,27,27,TOR,Pascal Siakam,New Mexico State,5,332,9202,4739,1942,881,0.488,0.325,0.782,27.7,14.3,5.8,2.7,25.2,0.131,1.2,7.4,,,,-3.6,1627783,Toronto Raptors,1.87,1.32,0.55,-0.12,0.66,-0.78,26.685,0.505,7.017,0.291,0.255,8.663,0.798,0.34,0.299,9.884,5.632,0.2,0.904,0.011,3.6
177,268,29,29,SAS,Dejounte Murray,Washington,4,252,5891,2555,1357,913,0.452,0.332,0.758,23.4,10.1,5.4,3.6,9.1,0.074,0.2,3.3,,,,8.12,1627749,San Antonio Spurs,0.24,-0.13,0.37,-0.85,-0.49,-0.36,22.328,0.493,4.353,0.278,0.2,3.877,0.801,0.176,0.234,10.522,8.45,0.245,0.3,0.003,2.949
178,269,30,30,GSW,Damian Jones,Vanderbilt,5,143,2018,663,439,94,0.669,0.214,0.691,14.1,4.6,3.1,0.7,5.9,0.141,-1.5,0.3,,,,7.13,1627745,Sacramento Kings,-0.91,-1.56,0.65,-0.37,-1.45,1.08,10.04,0.641,1.083,0.268,0.064,5.086,0.729,0.502,0.139,12.188,2.9,0.09,2.363,0.026,2.202
179,275,36,36,MIL,Malcolm Brogdon,Virginia,5,297,8846,4472,1213,1384,0.466,0.386,0.887,29.8,15.1,4.1,4.7,21.5,0.117,0.8,6.4,,,,7.76,1627763,Indiana Pacers,0.46,1,-0.55,1.1,1.92,-0.82,26.053,0.491,10.515,0.358,0.419,6.098,0.841,0.249,0.279,8.313,8.138,0.267,0.481,0.006,3.379
180,286,47,47,ORL,Jake Layman,Maryland,5,209,2868,1094,381,118,0.464,0.306,0.719,13.7,5.2,1.8,0.6,3.7,0.062,-2.3,-0.2,,,,7.17,1627774,Minnesota Timberwolves,-0.59,-1.08,0.49,-0.74,-0.88,0.14,14.46,0.567,6.724,0.311,0.483,3.093,0.706,0.197,0.153,6.128,1.832,0.061,1.244,0.015,1.573
181,289,50,50,IND,Georges Niang,Iowa State,5,229,2718,1157,416,146,0.437,0.404,0.867,11.9,5.1,1.8,0.6,5.4,0.094,-0.6,1,,,,8.83,1627777,Utah Jazz,-0.44,-0.14,-0.3,-1.22,-0.26,-0.96,16.389,0.511,11.934,0.379,0.763,1.327,0.856,0.101,0.164,7.255,2.343,0.065,0.333,0.004,1.782
182,297,58,58,BOS,Abdel Nader,Iowa State,4,188,2438,892,349,103,0.432,0.36,0.725,13,4.7,1.9,0.5,2.8,0.055,-2.5,-0.3,,,,,1627846,Phoenix Suns,-2.22,-1.77,-0.45,-2.35,-1.61,-0.74,14.162,0.508,5.228,0.322,0.396,4.266,0.715,0.233,0.164,7.945,1.692,0.052,0.969,0.011,2.04
183,300,1,1,MIN,Karl-Anthony Towns,Kentucky,6,408,13996,9352,4738,1217,0.527,0.394,0.835,34.3,22.9,11.6,3,55.8,0.191,4.8,23.8,,,,8.67,1626157,Minnesota Timberwolves,2.91,2.97,-0.06,3.7,3.39,0.31,25.498,0.551,9.591,0.384,0.371,9.757,0.834,0.379,0.301,14.97,6.131,0.209,1.508,0.016,4.439
184,301,2,2,LAL,D'Angelo Russell,Ohio State,6,359,10400,6328,1287,1910,0.421,0.36,0.771,29,17.6,3.6,5.3,10,0.046,0.4,6.4,,,,7.37,1626156,Minnesota Timberwolves,-0.63,1.19,-1.82,0.59,2.41,-1.82,23.72,0.505,11.579,0.361,0.521,5.537,0.801,0.259,0.275,4.926,10.068,0.32,0.614,0.007,4.299
185,302,3,3,PHI,Jahlil Okafor,Duke,6,247,4827,2566,1169,225,0.542,0.222,0.676,19.5,10.4,4.7,0.9,7.2,0.071,-2.1,-0.1,,,,9.87,1626143,Detroit Pistons,-2.55,-1.98,-0.57,-2.53,-1.49,-1.04,16.099,0.605,1.889,0.287,0.103,4.262,0.709,0.27,0.192,10.319,2.136,0.072,1.212,0.013,2.884
186,305,6,6,SAC,Willie Cauley-Stein,Kentucky,6,402,9093,3641,2430,588,0.545,0.167,0.612,22.6,9.1,6,1.5,23.1,0.122,-0.1,4.4,,,,8.12,1626161,Dallas Mavericks,0.8,-1.21,2.01,-0.26,-1.6,1.34,9.589,0.632,1.106,0.237,0.066,3.721,0.601,0.386,0.121,13.801,1.912,0.061,2.318,0.027,1.508
187,307,8,8,DET,Stanley Johnson,Arizona,6,371,7316,2312,1154,532,0.375,0.298,0.761,19.7,6.2,3.1,1.4,4.4,0.029,-2.8,-1.5,,,,7.41,1626169,Toronto Raptors,-2.13,-2.29,0.16,-1.17,-2.15,0.98,15.331,0.473,8.059,0.33,0.515,3.531,0.775,0.231,0.177,7.94,4.491,0.145,0.814,0.01,2.543
188,308,9,9,CHO,Frank Kaminsky,Wisconsin,6,368,7744,3446,1486,606,0.427,0.348,0.739,21,9.4,4,1.6,14.4,0.089,-0.5,3,,,,9.61,1626163,Phoenix Suns,-1.63,-1.32,-0.31,-1.14,-1.16,0.02,18.164,0.502,4.538,0.33,0.264,4.977,0.62,0.243,0.194,13.104,5.38,0.156,0.94,0.011,2.34
189,309,10,10,MIA,Justise Winslow,Duke,6,267,7355,2359,1413,707,0.411,0.324,0.64,27.5,8.8,5.3,2.6,7,0.046,-2.1,-0.2,,,,9.87,1626159,Memphis Grizzlies,-2.27,-2.81,0.54,-3.97,-3.53,-0.44,19.627,0.442,5.171,0.295,0.288,4.294,0.584,0.214,0.221,10.794,4.584,0.142,0.903,0.011,3.648
190,310,11,11,IND,Myles Turner,Texas,6,389,11144,4945,2582,469,0.487,0.352,0.77,28.6,12.7,6.6,1.2,29.7,0.128,0.5,7.1,,,,9.07,1626167,Indiana Pacers,0.93,-1.02,1.95,0.75,-0.51,1.26,16.625,0.538,7.321,0.34,0.476,5.562,0.752,0.351,0.19,10.946,1.857,0.068,4.331,0.051,2.29
191,311,12,12,UTA,Trey Lyles,Kentucky,6,374,6680,2717,1574,389,0.435,0.341,0.705,17.9,7.3,4.2,1,10.9,0.079,-1.2,1.3,,,,8.67,1626168,San Antonio Spurs,-2.03,-1.08,-0.95,-1.43,-0.54,-0.89,15.224,0.509,6.688,0.326,0.47,3.701,0.712,0.224,0.16,11.724,1.989,0.071,0.749,0.008,1.521
192,312,13,13,PHO,Devin Booker,Kentucky,6,409,13727,9395,1523,1899,0.455,0.352,0.87,33.6,23,3.7,4.6,22.3,0.078,-0.1,6.4,,,,5.58,1626164,Phoenix Suns,2.87,3.99,-1.12,1.72,3.27,-1.55,27.794,0.516,7.696,0.352,0.284,8.931,0.871,0.341,0.311,6.521,5.313,0.17,0.213,0.003,4.322
193,313,14,14,OKC,Cameron Payne,Murray State,6,221,3716,1506,449,623,0.426,0.372,0.822,16.8,6.8,2,2.8,6.3,0.081,-0.7,1.3,,,,-3.19,1626166,Phoenix Suns,0.67,0.53,0.14,0.9,0.56,0.34,21.395,0.483,8.519,0.358,0.398,3.613,0.835,0.166,0.222,6.587,8.431,0.253,0.734,0.009,3.183
194,314,15,15,ATL,Kelly Oubre,Kansas,6,403,10062,4632,1772,400,0.433,0.326,0.764,25,11.5,4.4,1,14.3,0.068,-1.9,0.2,,,,12.13,1626162,Golden State Warriors,-1.9,-1.39,-0.51,-0.56,-0.34,-0.22,21.57,0.507,9.285,0.335,0.432,6.059,0.712,0.287,0.237,9.078,1.972,0.077,1.071,0.012,2.219
195,315,16,16,BOS,Terry Rozier,Louisville,6,404,9980,4631,1551,1183,0.41,0.376,0.814,24.7,11.5,3.8,2.9,18.1,0.087,0.3,5.8,,,,6.89,1626179,Charlotte Hornets,-0.66,0.59,-1.24,-0.83,0.74,-1.57,22.961,0.504,11.105,0.361,0.489,4.709,0.828,0.214,0.237,6.459,6.234,0.203,0.519,0.006,2.708
196,319,20,20,TOR,Delon Wright,Utah,6,334,7125,2610,1098,1058,0.453,0.35,0.792,21.3,7.8,3.3,3.2,19.2,0.129,2.1,7.3,,,,6.82,1626153,Sacramento Kings,-0.2,-0.54,0.34,0.5,0.06,0.44,17.521,0.485,6.603,0.353,0.387,3.701,0.79,0.228,0.19,7.633,8.149,0.247,0.682,0.008,2.653
197,321,22,22,CHI,Bobby Portis,Arkansas,6,381,7809,3969,2338,451,0.468,0.38,0.752,20.5,10.4,6.1,1.2,15.6,0.096,-0.8,2.3,,,,6.18,1626171,Milwaukee Bucks,-0.05,0.16,-0.22,0.78,0.76,0.02,19.418,0.513,5.964,0.362,0.285,3.265,0.757,0.175,0.193,14.439,2.023,0.059,0.881,0.009,2.006
198,322,23,23,POR,Rondae Hollis-Jefferson,Arizona,6,305,6759,2760,1684,579,0.449,0.212,0.735,22.2,9,5.5,1.9,12.9,0.091,-0.7,2.3,,,,8.23,1626178,Portland Trail Blazers,-0.61,-1.25,0.64,-0.06,-1.24,1.18,10.523,0.505,1.189,0.242,0.069,6.031,0.679,0.475,0.129,11.964,4.028,0.13,1.162,0.013,2.067
199,323,24,24,CLE,Tyus Jones,Duke,6,382,6828,2175,623,1367,0.431,0.34,0.818,17.9,5.7,1.6,3.6,14.2,0.1,0,3.5,,,,9.87,1626145,Memphis Grizzlies,-1.74,-1.34,-0.41,-1.21,-0.73,-0.48,15.508,0.487,5.872,0.327,0.363,2.34,0.837,0.156,0.16,5.632,9.263,0.276,0.308,0.004,1.568
200,326,27,27,LAL,Larry Nance Jr.,Wyoming,6,350,8487,2889,2329,666,0.529,0.333,0.687,24.2,8.3,6.7,1.9,22.2,0.125,1.2,6.8,,,,2.08,1626204,Cleveland Cavaliers,0.4,-1.03,1.43,0.77,-0.17,0.94,15.81,0.552,6.267,0.328,0.428,3.064,0.656,0.198,0.175,11.592,4.873,0.162,0.785,0.009,2.427
201,329,30,30,GSW,Kevon Looney,UCLA,6,285,4282,1230,1154,333,0.566,0.175,0.609,15,4.3,4,1.2,13.7,0.153,-0.8,1.3,,,,8.27,1626172,Golden State Warriors,0.44,-1.34,1.78,-0.55,-1.97,1.42,8.327,0.595,0.929,0.221,0.063,1.764,0.637,0.253,0.094,13.277,4.102,0.118,1.017,0.01,1.535
202,331,32,32,HOU,Montrezl Harrell,Louisville,6,387,8223,4968,1998,497,0.616,0.083,0.65,21.2,12.8,5.2,1.3,33.4,0.195,2.6,9.6,,,,7.64,1626149,Los Angeles Lakers,0.31,0.05,0.26,1.04,1.65,-0.61,19.51,0.621,1.113,0.194,0.058,9.215,0.64,0.494,0.236,13.377,1.992,0.07,1.623,0.018,2.519
203,336,37,37,PHI,Richaun Holmes,Bowling Green,6,331,6849,3137,1850,355,0.597,0.252,0.741,20.7,9.5,5.6,1.1,23.4,0.164,0.5,4.3,,,,-1.07,1626158,Sacramento Kings,1.35,0.68,0.68,0.99,0.19,0.8,18.746,0.618,1.101,0.251,0.056,6.138,0.788,0.323,0.22,13.695,2.564,0.091,2.39,0.026,2.264
204,339,40,40,MIA,Josh Richardson,Tennessee,6,373,11432,4604,1192,1057,0.427,0.358,0.832,30.6,12.3,3.2,2.8,20.3,0.085,-0.6,4.1,,,,1.81,1626196,Dallas Mavericks,-1.44,-0.53,-0.91,-2,-1.11,-0.89,18.662,0.496,7.297,0.353,0.389,4.159,0.846,0.225,0.193,5.793,3.82,0.119,0.692,0.008,2.16
205,340,41,41,BRK,Pat Connaughton,Notre Dame,6,352,6026,1824,1119,439,0.441,0.353,0.787,17.1,5.2,3.2,1.2,13.7,0.109,-0.4,2.4,,,,6.88,1626192,Milwaukee Bucks,-0.53,-0.65,0.12,-0.51,-0.49,-0.02,10.863,0.58,8.537,0.362,0.77,1.138,0.797,0.13,0.107,9.114,2.082,0.051,0.517,0.006,1.025
206,345,46,46,MIL,Norman Powell,UCLA,6,376,7965,3923,943,529,0.463,0.377,0.837,21.2,10.4,2.5,1.4,16.7,0.101,-0.2,3.6,,,,7.25,1626181,Portland Trail Blazers,0.33,1.13,-0.8,0.06,1.05,-0.99,18.412,0.54,7.435,0.38,0.402,5.555,0.843,0.305,0.199,4.67,2.674,0.083,0.562,0.007,2.036
207,361,2,2,ORL,Victor Oladipo,Indiana,8,454,14968,7955,2094,1796,0.438,0.347,0.791,33,17.5,4.6,4,24.6,0.079,0.9,10.9,,,,7.94,203506,Miami Heat,-0.32,-0.64,0.32,1.54,0.13,1.41,24.613,0.477,10.814,0.331,0.442,6.383,0.768,0.27,0.287,7.346,6.962,0.225,0.64,0.007,3.958
208,363,4,4,CHA,Cody Zeller,Indiana,8,467,10618,4062,2824,669,0.518,0.227,0.729,22.7,8.7,6,1.4,31,0.14,-0.5,4.1,,,,8.09,203469,Charlotte Hornets,0.85,-0.1,0.95,1.03,0.42,0.61,16.153,0.588,1.028,0.259,0.051,6.236,0.71,0.376,0.185,16.092,3.491,0.113,0.963,0.01,2.266
209,364,5,5,PHO,Alex Len,Maryland,8,531,10149,4136,3180,444,0.506,0.332,0.685,19.1,7.8,6,0.8,20.7,0.098,-1.9,0.2,,,,5.32,203458,Washington Wizards,-0.52,-1.82,1.3,-0.09,-1.2,1.11,14.004,0.595,1.098,0.274,0.066,5.776,0.605,0.421,0.168,13.709,1.831,0.06,2.264,0.027,2.282
210,365,6,6,NOH,Nerlens Noel,Kentucky,7,425,9524,3218,2648,468,0.549,0.2,0.653,22.4,7.6,6.2,1.1,26.8,0.135,0.9,7,,,,5.78,203457,New York Knicks,-0.01,-1.96,1.95,1.99,0.31,1.68,7.113,0.632,1.129,0.226,0.062,3.252,0.697,0.397,0.097,13.496,1.296,0.043,4.099,0.044,1.623
211,366,7,7,SAC,Ben McLemore,Kansas,8,492,11249,4360,1166,504,0.416,0.363,0.776,22.9,8.9,2.4,1,8.2,0.035,-3.1,-3,,,,7.54,203463,Los Angeles Lakers,-1.06,-0.88,-0.18,-1.33,-0.38,-0.95,17.402,0.47,14.799,0.356,0.819,2.288,0.746,0.144,0.171,5.407,1.73,0.058,0.479,0.006,1.457
212,367,8,8,DET,Kentavious Caldwell-Pope,Georgia,8,606,17645,6893,1887,1005,0.419,0.355,0.803,29.1,11.4,3.1,1.7,31.8,0.087,-0.7,5.6,,,,7.02,203484,Los Angeles Lakers,0.37,-0.64,1.01,1.39,0.25,1.14,12.603,0.503,7.692,0.371,0.644,2.533,0.816,0.209,0.13,4.769,3.332,0.095,0.613,0.007,1.437
213,368,9,9,MIN,Trey Burke,Michigan,8,456,9960,4578,845,1465,0.411,0.346,0.808,21.8,10,1.9,3.2,12.9,0.062,-1.2,2,,,,9.51,203504,Dallas Mavericks,-0.7,0.2,-0.9,-1.15,-0.37,-0.78,20.514,0.482,8.867,0.352,0.455,3.926,0.813,0.191,0.218,4.417,4.111,0.13,0.458,0.005,1.881
214,369,10,10,POR,CJ McCollum,Lehigh,8,528,16479,9971,1772,1729,0.455,0.398,0.826,31.2,18.9,3.4,3.3,36.7,0.107,1.2,13.3,,,,-5.41,203468,Portland Trail Blazers,2.52,2.58,-0.06,1,1.73,-0.73,25.097,0.512,10.54,0.388,0.43,3.776,0.803,0.175,0.251,5.975,6.395,0.201,0.62,0.007,2.057
215,370,11,11,PHI,Michael Carter-Williams,Syracuse,8,391,9898,4023,1713,1701,0.402,0.255,0.706,25.3,10.3,4.4,4.4,6.6,0.032,-1.2,1.9,,,,8.29,203487,Orlando Magic,0.07,-1.6,1.67,-0.14,-1.7,1.56,19.34,0.453,4.691,0.205,0.276,6.294,0.639,0.36,0.217,8.341,7.289,0.24,1.058,0.013,4.292
216,371,12,12,OKC,Steven Adams,Pitt,8,588,15812,5629,4543,726,0.591,0.077,0.548,26.9,9.6,7.7,1.2,49.1,0.149,0.3,9.1,,,,5.63,203500,New Orleans Pelicans,1.03,-0.79,1.82,2.23,0.07,2.16,10.619,0.598,1.14,0.193,0.058,4.891,0.434,0.49,0.145,16.065,3.101,0.095,1.4,0.016,2.479
217,372,13,13,DAL,Kelly Olynyk,Gonzaga,8,570,12644,5781,2910,1137,0.478,0.367,0.783,22.2,10.1,5.1,2,33.6,0.128,0.9,9,,,,4,203482,Houston Rockets,1.41,0.81,0.6,2.27,1.59,0.68,19.152,0.599,7.679,0.355,0.402,7.79,0.825,0.422,0.249,13.237,7.105,0.226,1.026,0.011,3.823
218,379,20,20,CHI,Tony Snell,New Mexico,8,548,12270,3485,1268,641,0.433,0.397,0.844,22.4,6.4,2.3,1.2,18.1,0.071,-1.9,0.3,,,,4.95,203503,Atlanta Hawks,-2.12,-1.4,-0.73,-2.77,-1.75,-1.02,10.242,0.489,5.777,0.381,0.624,1.416,0.859,0.114,0.104,5.112,2.318,0.068,0.359,0.005,1.123
219,380,21,21,UTA,Gorgui Dieng,Louisville,8,553,11896,4316,3306,750,0.501,0.357,0.793,21.5,7.8,6,1.4,29.5,0.119,0.3,6.9,,,,8.78,203476,San Antonio Spurs,-0.56,-1.25,0.69,2.23,0.56,1.67,15.029,0.532,6.306,0.343,0.396,6.534,0.813,0.373,0.189,13.168,3.792,0.118,1.851,0.02,2.842
220,381,22,22,BRK,Mason Plumlee,Duke,8,588,12976,5007,3813,1385,0.579,0.051,0.572,22.1,8.5,6.5,2.4,39.5,0.146,1.4,11.3,,,,8.87,203486,Detroit Pistons,0.36,-1.13,1.49,3.03,0.15,2.88,15.474,0.597,1.122,0.206,0.058,6.705,0.619,0.47,0.205,17.932,7.116,0.238,1.872,0.021,3.633
221,382,23,23,IND,Solomon Hill,Arizona,8,435,9513,2445,1376,650,0.39,0.333,0.797,21.9,5.6,3.2,1.5,11.9,0.06,-2.2,-0.4,,,,7.05,203524,Atlanta Hawks,-2.1,-1.68,-0.42,-2.03,-2.08,0.05,8.695,0.47,5.752,0.332,0.684,1.726,0.71,0.185,0.09,7.538,2.042,0.055,0.244,0.003,1.246
222,383,24,24,NYK,Tim Hardaway Jr.,Michigan,8,544,14592,7551,1494,1003,0.425,0.36,0.816,26.8,13.9,2.7,1.8,23.8,0.078,-0.9,4.1,,,,9.9,203501,Dallas Mavericks,0.17,1.78,-1.61,0.37,2.58,-2.21,21.894,0.507,13.013,0.371,0.593,4.28,0.827,0.216,0.222,5.519,3.056,0.095,0.287,0.004,1.532
223,384,25,25,LAC,Reggie Bullock,UNC,8,366,7873,2799,854,441,0.433,0.392,0.844,21.5,7.6,2.3,1.2,14.9,0.091,-0.6,2.7,,,,8.41,203493,New York Knicks,-0.54,-0.62,0.08,0.57,0.34,0.23,13.801,0.506,10.198,0.395,0.736,1.625,0.854,0.12,0.136,5.332,2.298,0.069,0.256,0.003,0.89
224,403,44,44,DAL,Mike Muscala,Bucknell,8,389,6102,2322,1242,356,0.458,0.368,0.847,15.7,6,3.2,0.9,14.5,0.114,-0.3,2.7,,,,-3.94,203488,Oklahoma City Thunder,-0.26,-0.33,0.07,0.04,0.89,-0.85,20.906,0.538,13.64,0.359,0.655,3.084,0.849,0.182,0.201,10.077,2.191,0.076,0.907,0.011,1.575
225,420,1,1,NOH,Anthony Davis,Kentucky,9,564,19401,13463,5769,1292,0.514,0.312,0.799,34.4,23.9,10.2,2.3,86.8,0.215,6.2,40,,,,7.93,203076,Los Angeles Lakers,3.64,1.27,2.37,3.85,2.11,1.74,25.412,0.543,4.468,0.291,0.188,10.391,0.786,0.421,0.299,12.485,4.441,0.152,2.404,0.026,3.087
226,422,3,3,WAS,Bradley Beal,Florida,9,605,20979,13303,2452,2436,0.456,0.377,0.82,34.7,22,4.1,4,47.4,0.108,1.8,19.9,,,,7.33,203078,Washington Wizards,2.26,4,-1.74,1.52,3.8,-2.28,29.604,0.526,7.879,0.359,0.289,9.944,0.861,0.332,0.318,6.087,5.205,0.181,0.53,0.006,3.641
227,425,6,6,POR,Damian Lillard,Weber State,9,682,24779,16815,2856,4514,0.439,0.375,0.893,36.3,24.7,4.2,6.6,92.3,0.179,4.8,42.6,,,,-2.21,203081,Portland Trail Blazers,4.15,5.77,-1.62,4.23,5.59,-1.36,26.178,0.525,15.038,0.388,0.568,9.827,0.902,0.403,0.3,5.52,10.057,0.327,0.43,0.005,3.569
228,426,7,7,GSW,Harrison Barnes,UNC,9,670,21176,9301,3385,1190,0.452,0.377,0.8,31.6,13.9,5.1,1.8,38.8,0.088,-1,5.5,,,,8.61,203084,Sacramento Kings,0.3,1.19,-0.89,0.36,1.49,-1.13,17.571,0.506,7.721,0.363,0.47,5.984,0.773,0.358,0.223,8.849,4.328,0.143,0.341,0.004,2.115
229,427,8,8,TOR,Terrence Ross,Washington,9,607,15178,6896,1746,725,0.419,0.367,0.835,25,11.4,2.9,1.2,23.1,0.073,-0.7,5.1,,,,6.51,203082,Orlando Magic,-1.62,-0.74,-0.87,-0.51,0.07,-0.58,23.576,0.476,9.805,0.352,0.423,5.649,0.832,0.243,0.253,5.968,4.53,0.156,0.699,0.008,2.628
230,428,9,9,DET,Andre Drummond,UConn,9,645,19832,9358,8839,872,0.538,0.135,0.47,30.7,14.5,13.7,1.4,62.6,0.152,1.3,16.6,,,,8.07,203083,Los Angeles Lakers,0.39,-1,1.39,1.27,-0.96,2.23,17.571,0.562,1.1,0.192,0.062,6.383,0.597,0.376,0.22,22.105,2.28,0.072,2.051,0.025,3.911
231,429,10,10,NOH,Austin Rivers,Duke,9,588,14362,5338,1245,1348,0.418,0.35,0.646,24.4,9.1,2.1,2.3,12.7,0.043,-3,-3.6,,,,8.4,203085,Denver Nuggets,-1.36,-0.56,-0.8,-0.68,-0.48,-0.2,12.322,0.52,8.388,0.364,0.674,1.764,0.725,0.167,0.127,4.121,3.721,0.103,0.227,0.003,1.371
232,431,12,12,HOU,Jeremy Lamb,UConn,9,517,10961,5395,1919,823,0.444,0.344,0.858,21.2,10.4,3.7,1.6,25.5,0.112,0.8,7.6,,,,9.25,203087,Indiana Pacers,0.28,0.24,0.04,1.07,-0.06,1.13,19.279,0.494,8.732,0.359,0.481,5.073,0.881,0.273,0.198,8.442,3.624,0.1,1.22,0.014,1.77
233,434,15,15,PHI,Maurice Harkless,St. John's,9,574,13156,4042,2086,549,0.475,0.321,0.621,22.9,7,3.6,1,22.5,0.082,-0.7,4.3,,,,6.98,203090,Sacramento Kings,-0.21,-1.18,0.97,0.51,-0.74,1.25,12.441,0.538,5.731,0.329,0.465,3.28,0.721,0.238,0.14,6.534,2.901,0.086,1.086,0.013,1.679
234,453,34,34,CLE,Jae Crowder,Marquette,9,668,16676,6424,2787,1058,0.419,0.346,0.777,25,9.6,4.2,1.6,35.9,0.103,0.2,9.3,,,,8,203109,Phoenix Suns,1.09,0.14,0.95,0.39,-0.23,0.62,12.403,0.492,9.281,0.366,0.787,2.356,0.778,0.175,0.133,8.886,2.968,0.074,0.912,0.011,1.468
235,454,35,35,GSW,Draymond Green,Michigan State,9,639,18183,5614,4415,3413,0.436,0.316,0.715,28.5,8.8,6.9,5.3,49,0.129,2.6,21.3,,,,9.76,203110,Golden State Warriors,1.91,-1.13,3.04,1.99,-1.11,3.1,9.65,0.557,3.224,0.303,0.321,2.885,0.744,0.297,0.129,11.297,12.8,0.341,1.323,0.015,4.202
236,458,39,39,DET,Khris Middleton,Texas A&M,9,585,18551,9811,2810,2103,0.46,0.395,0.879,31.7,16.8,4.8,3.6,45.2,0.117,0.6,12.4,,,,7.42,203114,Milwaukee Bucks,2.05,1.79,0.26,1.75,2.22,-0.47,24.405,0.494,8.849,0.387,0.35,5.59,0.885,0.237,0.265,8.921,6.497,0.198,0.206,0.002,3.576
237,459,40,40,POR,Will Barton,Memphis,9,552,13846,6203,2315,1429,0.433,0.352,0.786,25.1,11.2,4.2,2.6,22.8,0.079,-0.2,6.1,,,,4.2,203115,Denver Nuggets,-0.3,0.2,-0.5,-2.17,-1.51,-0.66,18.758,0.469,8.957,0.353,0.494,3.875,0.77,0.206,0.192,6.709,4.98,0.143,0.598,0.007,2.527
238,462,43,43,ATL,Mike Scott,Virginia,9,555,9182,3736,1727,499,0.453,0.362,0.757,16.5,6.7,3.1,0.9,16.8,0.088,-1.8,0.6,,,,6.34,203118,Philadelphia 76ers,-1.8,-2.17,0.37,-1.84,-1.68,-0.16,13.265,0.468,9.969,0.343,0.714,1.275,0.692,0.1,0.129,7.786,2.54,0.073,0.647,0.007,1.138
239,480,1,1,CLE,Kyrie Irving,Duke,10,582,19713,13293,2212,3336,0.47,0.391,0.881,33.9,22.8,3.8,5.7,68.7,0.167,4.6,32.7,,,,8.32,202681,Brooklyn Nets,3.46,4.27,-0.82,4.58,4.14,0.44,27.284,0.54,10.096,0.382,0.364,6.028,0.901,0.206,0.299,6.922,6.794,0.234,0.757,0.009,3.034
240,483,4,4,CLE,Tristan Thompson,Texas,10,673,18659,6248,5832,691,0.518,0.257,0.609,27.7,9.3,8.7,1,46,0.118,-1.6,1.7,,,,7.96,202684,Boston Celtics,-1.18,-1.66,0.49,-1.41,-1.41,0,11.72,0.553,1.133,0.243,0.064,4.631,0.593,0.349,0.148,16.803,2.502,0.071,1.333,0.014,2.253
241,488,9,9,CHA,Kemba Walker,UConn,10,704,23718,13983,2704,3788,0.419,0.36,0.84,33.7,19.9,3.8,5.4,57.7,0.117,2.9,29.1,,,,9.39,202689,Boston Celtics,2.27,2.9,-0.63,1.34,2.37,-1.03,25.692,0.502,12.197,0.356,0.493,6.797,0.848,0.279,0.272,6.322,7.587,0.241,0.496,0.006,3.213
242,490,11,11,GSW,Klay Thompson,Washington State,8,615,20340,11995,2130,1416,0.459,0.419,0.848,33.1,19.5,3.5,2.3,46.8,0.11,0.7,14.2,,,,6.32,202691,Golden State Warriors,0.49,0.58,-0.08,-0.3,0.59,-0.89,18.825,0.49,9.34,0.407,0.467,3.181,0.829,0.137,0.217,5.775,3.216,0.101,0.671,0.008,1.849
243,491,12,12,UTA,Alec Burks,Colorado,10,544,12061,5705,1813,1025,0.422,0.373,0.796,22.2,10.5,3.3,1.9,20,0.079,-0.9,3.4,,,,6.65,202692,New York Knicks,0.41,0.23,0.18,0.76,0.69,0.07,21.431,0.457,10.692,0.358,0.505,5.803,0.845,0.289,0.224,9.381,4.383,0.139,0.531,0.006,2.112
244,492,13,13,PHO,Markieff Morris,Kansas,10,698,17426,7693,3669,1130,0.446,0.341,0.776,25,11,5.3,1.6,26.7,0.074,-1.4,2.7,,,,7.92,202693,Los Angeles Lakers,-1.99,-2.24,0.25,-2.97,-2.23,-0.74,16.257,0.486,8.51,0.332,0.517,2.543,0.745,0.18,0.174,10.337,2.927,0.087,0.871,0.009,2.238
245,494,15,15,IND,Kawhi Leonard,San Diego State,10,576,18025,11085,3689,1672,0.493,0.384,0.858,31.3,19.2,6.4,2.9,83.3,0.222,6.8,40.1,,,,5.29,202695,Los Angeles Clippers,6.13,4.74,1.39,6.96,5.3,1.66,26.809,0.55,7.568,0.36,0.287,9.944,0.836,0.353,0.312,10.222,6.681,0.244,0.672,0.008,3.721
246,498,19,19,CHA,Tobias Harris,Tennessee,10,680,21075,11056,4164,1476,0.475,0.367,0.827,31,16.3,6.1,2.2,52.8,0.12,1.2,16.8,,,,8.73,202699,Philadelphia 76ers,1.95,1.35,0.6,1.63,1.44,0.19,23.1,0.545,4.958,0.363,0.214,5.054,0.855,0.219,0.244,10.068,5.018,0.16,0.857,0.01,2.252
247,503,24,24,OKC,Reggie Jackson,Boston College,10,628,15664,7920,1851,2661,0.43,0.349,0.855,24.9,12.6,2.9,4.2,33.1,0.101,0.4,9.5,,,,7.25,202704,Los Angeles Clippers,0.46,1.15,-0.68,-0.77,0.67,-1.44,21.959,0.495,10.479,0.379,0.511,3.766,0.845,0.171,0.226,5.519,5.189,0.156,0.189,0.002,2.509
248,508,29,29,SAS,Cory Joseph,Texas,10,663,14561,4640,1710,1949,0.444,0.333,0.774,22,7,2.6,2.9,26.2,0.086,-1,3.8,,,,7.96,202709,Detroit Pistons,-1.26,-1.22,-0.04,-1.77,-1.57,-0.2,16.499,0.493,4.597,0.302,0.275,4.18,0.809,0.243,0.188,5.584,8.936,0.266,0.577,0.007,3.227
249,509,30,30,CHI,Jimmy Butler,Marquette,10,633,20933,11003,3322,2524,0.458,0.327,0.838,33.1,17.4,5.2,4,84.4,0.194,4.5,34.2,,,,8.21,202710,Miami Heat,3.94,2.61,1.32,2.92,2.44,0.48,20.5,0.519,4.191,0.288,0.207,10.925,0.826,0.521,0.247,9.537,9.76,0.31,0.678,0.007,2.982
250,534,55,55,BOS,E'Twaun Moore,Purdue,10,598,12564,4743,1208,1055,0.455,0.388,0.742,21,7.9,2,1.8,14.8,0.057,-1.9,0.2,,,,7.64,202734,Phoenix Suns,-2.07,-1.89,-0.18,-1.79,-1.65,-0.14,17.818,0.446,5.535,0.354,0.31,2.387,0.708,0.105,0.193,6.391,4.789,0.144,0.374,0.004,3.046
251,540,1,1,WAS,John Wall,Kentucky,10,613,21833,11702,2612,5557,0.431,0.323,0.779,35.6,19.1,4.3,9.1,44.1,0.097,2.4,24.1,,,,6.82,202322,Houston Rockets,0.28,0.78,-0.5,0.22,0.83,-0.61,28.025,0.448,10.011,0.307,0.358,8.982,0.743,0.317,0.335,5.263,10.308,0.371,1.1,0.013,5.941
252,542,3,3,NJN,Derrick Favors,Georgia Tech,11,751,18549,8148,5424,826,0.534,0.205,0.664,24.7,10.8,7.2,1.1,58.8,0.152,1,13.8,,,,9.02,202324,Utah Jazz,0.18,-0.94,1.12,2.07,-0.23,2.3,10.396,0.663,1.023,0.182,0.053,3.041,0.65,0.284,0.121,17.151,1.675,0.048,2.609,0.029,1.4
253,544,5,5,SAC,DeMarcus Cousins,Kentucky,10,606,18791,12372,6394,1908,0.46,0.334,0.737,31,20.4,10.6,3.1,45.2,0.116,2.6,21.6,,,,6.82,202326,Los Angeles Clippers,-1.29,-1.82,0.53,1.16,-0.31,1.47,25.128,0.522,6.556,0.313,0.238,7.564,0.702,0.325,0.278,17.235,4.429,0.159,1.709,0.02,4.275
254,547,8,8,LAC,Al-Farouq Aminu,Wake Forest,11,711,17698,5350,4280,879,0.42,0.332,0.746,24.9,7.5,6,1.2,27.6,0.075,-0.6,6.4,,,,8.1,202329,Chicago Bulls,0,-1.77,1.78,-0.4,-1.88,1.48,12.621,0.448,4.909,0.315,0.422,3.644,0.733,0.25,0.145,12.394,2.859,0.09,0.922,0.012,2.173
255,548,9,9,UTA,Gordon Hayward,Butler,11,685,21268,10676,3078,2399,0.453,0.37,0.825,31,15.6,4.5,3.5,57.2,0.129,2.1,22.2,,,,3.57,202330,Charlotte Hornets,0.53,0.48,0.05,0.75,0.48,0.27,21.889,0.503,7.076,0.353,0.331,6.462,0.799,0.298,0.248,9.031,6.613,0.191,0.586,0.007,3.014
256,549,10,10,IND,Paul George,Fresno State,11,706,23664,14275,4522,2465,0.436,0.384,0.847,33.5,20.2,6.4,3.5,75.3,0.153,4.1,36.2,,,,1.13,202331,Los Angeles Clippers,5.02,3.46,1.56,3.85,3.27,0.58,27.456,0.499,10.558,0.379,0.398,8.878,0.854,0.328,0.315,11.682,6.939,0.238,0.541,0.006,4.654
257,552,13,13,TOR,Ed Davis,UNC,11,691,13555,4263,4552,532,0.566,0,0.585,19.6,6.2,6.6,0.8,42.8,0.151,-0.2,6.1,,,,9.09,202334,Minnesota Timberwolves,-1.31,-2.36,1.05,0.79,-0.92,1.71,8.285,0.534,0.941,0.203,0.085,3.603,0.614,0.32,0.099,17.982,2.569,0.085,1.775,0.02,1.821
258,553,14,14,HOU,Patrick Patterson,Kentucky,11,719,14923,4782,2799,736,0.447,0.369,0.755,20.8,6.7,3.9,1,31.9,0.102,-0.1,7.4,,,,6.24,202335,Los Angeles Clippers,-1.24,-0.97,-0.26,-0.39,-0.25,-0.14,14.538,0.499,10.308,0.35,0.677,2.049,0.725,0.118,0.139,7.206,2.167,0.059,0.47,0.005,1.099
259,557,18,18,OKC,Eric Bledsoe,Kentucky,11,702,19660,9814,2755,3320,0.453,0.337,0.785,28,14,3.9,4.7,44.7,0.109,1.7,18.3,,,,6.82,202339,New Orleans Pelicans,-0.23,0.38,-0.61,-0.21,0.28,-0.49,18.885,0.504,7.896,0.338,0.432,5.607,0.727,0.303,0.221,5.82,6.4,0.208,0.589,0.007,2.972
260,558,19,19,BOS,Avery Bradley,Texas,11,598,16745,6885,1727,1058,0.435,0.363,0.78,28,11.5,2.9,1.8,16,0.046,-2.3,-1.3,,,,7.38,202340,Houston Rockets,-2.31,-1.64,-0.67,-1.9,-1.84,-0.06,14.467,0.487,8.517,0.359,0.598,1.65,0.793,0.115,0.157,4.912,3.899,0.116,0.385,0.004,1.935
261,572,33,33,SAC,Hassan Whiteside,Marshall,9,446,11483,5916,5029,301,0.581,0.308,0.603,25.7,13.3,11.3,0.7,46.2,0.193,2.6,13.3,,,,1.57,202355,Sacramento Kings,-1.12,-1.45,0.33,-0.68,-1.88,1.2,20.165,0.575,1.052,0.22,0.056,7.732,0.558,0.348,0.242,19.746,1.716,0.06,4.192,0.043,3.35
262,600,1,1,CLE,Andrew Wiggins,Kansas,7,525,18606,10263,2324,1232,0.446,0.341,0.731,35.4,19.5,4.4,2.3,18.9,0.049,-1.8,1,,,,11.4,203952,Golden State Warriors,-0.34,-0.33,-0.01,-0.12,0.03,-0.15,21.803,0.517,7.438,0.345,0.34,5.228,0.713,0.244,0.233,7.188,3.127,0.11,1.236,0.014,2.334
263,601,2,2,MIL,Jabari Parker,Duke,7,298,8423,4327,1675,604,0.494,0.321,0.741,28.3,14.5,5.6,2,13.5,0.077,-0.8,2.5,,,,8.48,203953,Boston Celtics,-0.18,-0.88,0.7,0.52,-0.35,0.87,17.733,0.558,3.521,0.275,0.201,4.229,0.77,0.223,0.197,12.414,3.307,0.106,1.194,0.012,2.738
264,602,3,3,PHI,Joel Embiid,Kansas,5,260,7943,6456,2936,796,0.487,0.329,0.808,30.6,24.8,11.3,3.1,31.6,0.191,4.9,13.8,,,,11.4,203954,Philadelphia 76ers,5.94,3.29,2.65,2.91,2.22,0.69,28.789,0.544,5.541,0.339,0.207,13.978,0.838,0.53,0.354,16.224,4.314,0.159,2.042,0.021,4.951
265,603,4,4,ORL,Aaron Gordon,Arizona,7,453,12901,5761,2871,1125,0.45,0.321,0.695,28.5,12.7,6.3,2.5,23.6,0.088,0,6.4,,,,9.04,203932,Denver Nuggets,0.11,-0.27,0.38,-1.6,-1.11,-0.49,16.001,0.538,4.717,0.304,0.285,4.288,0.67,0.272,0.175,9.716,3.51,0.104,0.968,0.01,2.334
266,605,6,6,BOS,Marcus Smart,Oklahoma State,7,449,13188,4577,1597,1901,0.376,0.32,0.777,29.4,10.2,3.6,4.2,24,0.087,-0.3,5.6,,,,7.53,203935,Boston Celtics,1.46,0.66,0.8,0.93,-0.25,1.18,16.338,0.48,9.558,0.355,0.577,4.988,0.8,0.312,0.186,5.797,8.434,0.244,0.604,0.007,3.07
267,606,7,7,LAL,Julius Randle,Kentucky,7,446,13601,7744,4098,1472,0.485,0.342,0.741,30.5,17.4,9.2,3.3,28.3,0.1,0.3,7.9,,,,9.9,203944,New York Knicks,0.73,1.14,-0.41,0.83,1.15,-0.32,26.275,0.495,8.921,0.359,0.336,9.062,0.791,0.347,0.31,13.301,7.687,0.261,0.422,0.005,4.374
268,609,10,10,PHI,Elfrid Payton,Louisiana,7,450,12834,4886,1919,2769,0.45,0.289,0.63,28.5,10.9,4.3,6.2,15.9,0.06,-0.8,3.8,,,,-1.6,203901,New York Knicks,-1.81,-1.68,-0.13,-1.67,-1.44,-0.23,19.941,0.478,3.007,0.256,0.164,4.601,0.598,0.219,0.229,7.272,7.098,0.226,0.354,0.005,3.458
269,610,11,11,DEN,Doug McDermott,Creighton,7,476,9789,4268,1121,432,0.478,0.407,0.824,20.6,9,2.4,0.9,17.7,0.087,-1.8,0.6,,,,4.29,203926,Indiana Pacers,-0.83,0.08,-0.91,0.61,1.33,-0.72,19.079,0.602,8.283,0.379,0.438,3.365,0.828,0.193,0.199,6.24,2.369,0.075,0.332,0.004,1.312
270,612,13,13,MIN,Zach LaVine,UCLA,7,411,12891,7831,1568,1557,0.458,0.385,0.824,31.4,19.1,3.8,3.8,17.8,0.066,0.1,6.7,,,,7.62,203897,Chicago Bulls,1.41,2.28,-0.87,3.57,4.14,-0.57,27.964,0.53,12.606,0.371,0.445,8.09,0.832,0.286,0.333,6.647,6.708,0.24,0.617,0.007,4.608
271,613,14,14,PHO,TJ Warren,NC State,7,332,9553,5142,1372,397,0.507,0.357,0.78,28.8,15.5,4.1,1.2,19.6,0.099,-0.2,4.2,,,,7.31,203933,Indiana Pacers,0.55,0.63,-0.08,0.98,1.04,-0.06,22.073,0.54,5.696,0.352,0.24,4.787,0.8,0.217,0.254,7.505,2.779,0.094,0.702,0.008,1.949
272,618,19,19,CHI,Gary Harris,Michigan State,7,407,11743,4847,1040,857,0.45,0.359,0.805,28.9,11.9,2.6,2.1,18.6,0.076,-1.3,2.2,,,,9.96,203914,Orlando Magic,-2.33,-1.56,-0.77,-2.85,-1.66,-1.19,17.69,0.469,7.311,0.363,0.43,4.254,0.82,0.238,0.19,4.383,4.043,0.135,0.517,0.006,2.434
273,622,23,23,UTA,Rodney Hood,Duke,7,396,10268,4493,1083,698,0.422,0.367,0.839,25.9,11.3,2.7,1.8,16.7,0.078,-1.1,2.2,,,,,203918,Toronto Raptors,-2.22,-1.38,-0.85,-2.6,-1.71,-0.89,15.146,0.481,6.671,0.352,0.472,2.829,0.826,0.183,0.155,5.943,2.388,0.084,0.438,0.005,1.561
274,629,30,30,SAS,Kyle Anderson,UCLA,7,436,9099,2845,1852,984,0.483,0.335,0.724,20.9,6.5,4.2,2.3,23.5,0.124,1.8,8.7,,,,7.72,203937,Memphis Grizzlies,1.41,0.25,1.16,2.81,0.97,1.84,15.265,0.542,6.259,0.347,0.399,4.306,0.78,0.29,0.172,9.857,6.251,0.175,1.339,0.015,2.271
275,632,33,33,CLE,Joe Harris,Virginia,7,400,10178,4426,1288,665,0.484,0.438,0.779,25.4,11.1,3.2,1.7,20,0.094,-0.6,3.7,,,,5.72,203925,Brooklyn Nets,0.31,0.65,-0.34,-0.48,0.44,-0.92,13.981,0.546,8.758,0.4,0.626,1.326,0.775,0.103,0.136,5.57,2.291,0.059,0.23,0.002,1.318
276,637,38,38,DET,Spencer Dinwiddie,Colorado,7,320,8226,4123,888,1587,0.41,0.318,0.794,25.7,12.9,2.8,5,18.4,0.107,0.3,4.8,,,,7.49,203915,Brooklyn Nets,0.4,1.03,-0.62,-0.12,1.14,-1.26,20.059,0.489,9.401,0.321,0.461,9.298,0.763,0.435,0.24,5.946,9.222,0.28,0.378,0.004,3.979
277,638,39,39,PHI,Jerami Grant,Syracuse,7,508,12954,5425,1998,636,0.457,0.347,0.705,25.5,10.7,3.9,1.3,25.8,0.095,-0.6,4.4,,,,7.91,203924,Detroit Pistons,-0.62,-0.29,-0.32,0.19,0.69,-0.5,27.039,0.467,9.138,0.352,0.346,10.244,0.784,0.392,0.306,6.516,4.298,0.15,1.432,0.017,2.985
278,644,45,45,CHH,Dwight Powell,Stanford,7,429,7922,3209,1945,427,0.569,0.29,0.744,18.5,7.5,4.5,1,29.8,0.18,1.4,6.7,,,,6.38,203939,Dallas Mavericks,1.68,0.07,1.62,3,0.79,2.21,10.395,0.681,1.112,0.24,0.064,6.322,0.742,0.619,0.135,12.975,3.516,0.091,1.489,0.017,1.858
279,645,46,46,WAS,Jordan Clarkson,Missouri,7,521,14050,7950,1698,1332,0.443,0.343,0.827,27,15.3,3.3,2.6,18.1,0.062,-0.5,5.3,,,,,203903,Utah Jazz,0.17,2.04,-1.87,0.58,2.79,-2.21,27.578,0.51,15.973,0.35,0.591,4.008,0.863,0.168,0.27,6.472,3.978,0.129,0.302,0.003,2.743