,index,Rk,Pk,Tm,Player,College,Yrs,G,MP,PTS,TRB,AST,FG%,3P%,FT%,MP.1,PTS.1,TRB.1,AST.1,WS,WS/48,BPM,VORP,College SOS,DARKO,LEBRON,sos,Seasons,Wins Added,WA / Season,Career LEBRON,Career O-LEBRON,Career D-LEBRON
0,0,1,1,MIN,Anthony Edwards,Georgia,1,72,2314,1392,336,211,0.417,0.329,0.776,32.1,19.3,4.7,2.9,0.8,0.017,-2.6,-0.3,8.06,,,8.06,1,2.160370415,2.160370415,-0.903030553,0.908966044,-1.811996598
1,1,2,2,GSW,James Wiseman,Memphis,1,39,836,448,226,26,0.519,0.316,0.628,21.4,11.5,5.8,0.7,0.7,0.042,-5.4,-0.7,5.07,,,5.07,1,-0.527734361,-0.527734361,-3.270920491,-3.033286023,-0.237634467
2,3,4,4,CHI,Patrick Williams,Florida State,1,71,1983,655,327,99,0.483,0.391,0.728,27.9,9.2,4.6,1.4,2.5,0.06,-2.7,-0.3,7.64,,,7.64,1,-1.56328723,-1.56328723,-3.514918176,-3.144005463,-0.370912712
3,4,5,5,CLE,Isaac Okoro,Auburn,1,67,2173,646,206,128,0.42,0.29,0.726,32.4,9.6,3.1,1.9,0.9,0.02,-5,-1.6,7.39,,,7.39,1,-1.794260933,-1.794260933,-3.573370553,-2.639356522,-0.934014031
4,5,6,6,ATL,Onyeka Okongwu,USC,1,50,601,228,163,18,0.644,0,0.632,12,4.6,3.3,0.4,1.9,0.155,-1.3,0.1,7.22,,,7.22,1,0.480165251,0.480165251,-1.103928132,-1.627424099,0.523495967
5,7,8,8,NYK,Obi Toppin,Dayton,1,62,683,253,138,29,0.498,0.306,0.731,11,4.1,2.2,0.5,1.5,0.109,-1,0.2,3.69,,,3.69,1,0.424232611,0.424232611,-1.36905661,-1.074636115,-0.294420495
6,9,10,10,PHO,Jalen Smith,Maryland,1,27,156,53,37,4,0.44,0.235,0.714,5.8,2,1.4,0.1,0.1,0.022,-6.2,-0.2,10.5,,,10.5,1,0.089439584,0.089439584,-1.438918578,-0.964852376,-0.474066201
7,10,11,11,SAS,Devin Vassell,Florida State,1,62,1056,341,174,56,0.406,0.347,0.843,17,5.5,2.8,0.9,1.5,0.069,-1.9,0.1,8.95,,,8.95,1,0.633668891,0.633668891,-1.400413408,-1.49659806,0.096184652
8,11,12,12,SAC,Tyrese Haliburton,Iowa State,1,58,1746,753,173,309,0.472,0.409,0.857,30.1,13,3,5.3,3.5,0.096,1.1,1.4,9.68,,,9.68,1,1.506061853,1.506061853,-1.008451031,0.683574151,-1.692025182
9,12,13,13,NOP,Kira Lewis Jr.,Alabama,1,54,904,343,71,124,0.386,0.333,0.843,16.7,6.4,1.3,2.3,0.9,0.045,-3.8,-0.4,8.56,,,8.56,1,0.773798553,0.773798553,-1.019155279,-0.495773719,-0.52338156
10,13,14,14,BOS,Aaron Nesmith,Vanderbilt,1,46,669,218,127,23,0.438,0.37,0.786,14.5,4.7,2.8,0.5,1.1,0.076,-3.2,-0.2,7.1,,,7.1,1,0.231519521,0.231519521,-1.780986279,-1.613229052,-0.167757227
11,14,15,15,ORL,Cole Anthony,UNC,1,47,1273,605,221,192,0.397,0.337,0.832,27.1,12.9,4.7,4.1,0,-0.001,-3.3,-0.4,10.05,,,10.05,1,-0.002048162,-0.002048162,-2.305966767,-1.425144488,-0.880822279
12,15,16,16,POR,Isaiah Stewart,Washington,1,68,1455,537,453,59,0.553,0.333,0.696,21.4,7.9,6.7,0.9,4,0.132,-1.2,0.3,8.25,,,8.25,1,1.873944104,1.873944104,-0.376200365,-1.916140759,1.539940393
13,17,18,18,DAL,Josh Green,Arizona,1,39,445,101,78,28,0.452,0.16,0.565,11.4,2.6,2,0.7,0.5,0.05,-3.7,-0.2,8.4,,,8.4,1,0.276399764,0.276399764,-1.368190859,-1.232314883,-0.135875977
14,18,19,19,BRK,Saddiq Bey,Villanova,1,70,1909,857,318,95,0.404,0.38,0.844,27.3,12.2,4.5,1.4,3.3,0.082,-0.8,0.6,9,,,9,1,0.380070382,0.380070382,-2.002470157,-0.465216575,-1.537253581
15,19,20,20,MIA,Precious Achiuwa,Memphis,1,61,737,304,208,29,0.544,0,0.509,12.1,5,3.4,0.5,1.3,0.085,-4.5,-0.5,5.07,,,5.07,1,0.431519671,0.431519671,-1.422314961,-2.303444503,0.881129542
16,20,21,21,PHI,Tyrese Maxey,Kentucky,1,61,935,488,104,120,0.462,0.301,0.871,15.3,8,1.7,2,1.9,0.099,-1.9,0,7.46,,,7.46,1,0.769907436,0.769907436,-1.067771033,0.240980623,-1.308751657
17,21,22,22,DEN,Zeke Nnaji,Arizona,1,42,397,136,65,10,0.481,0.407,0.8,9.5,3.2,1.5,0.2,0.9,0.104,-2.1,0,8.4,,,8.4,1,-0.290019927,-0.290019927,-3.42421014,-1.883542325,-1.540667815
18,24,25,25,OKC,Immanuel Quickley,Kentucky,1,64,1243,731,137,127,0.395,0.389,0.891,19.4,11.4,2.1,2,3.2,0.125,0.6,0.8,8.87,,,8.87,1,2.748200029,2.748200029,0.992787526,1.733101838,-0.740314312
19,25,26,26,BOS,Payton Pritchard,Oregon,1,66,1268,510,158,120,0.44,0.411,0.889,19.2,7.7,2.4,1.8,2.5,0.095,-1.1,0.3,7.11,,,7.11,1,0.969805791,0.969805791,-1.15398538,-0.173094038,-0.980891342
20,26,27,27,UTA,Udoka Azubuike,Kansas,1,15,57,16,13,0,0.444,,0.8,3.8,1.1,0.9,0,0.1,0.119,-4.9,0,12.13,,,12.13,1,0.015940366,0.015940366,-1.88255731,-1.060888912,-0.821668398
21,27,28,28,LAL,Jaden McDaniels,Washington,1,63,1511,427,232,71,0.447,0.364,0.6,24,6.8,3.7,1.1,1.4,0.046,-3.8,-0.7,8.25,,,8.25,1,0.676904204,0.676904204,-1.628090811,-2.652018719,1.023927908
22,28,29,29,TOR,Malachi Flynn,San Diego State,1,47,928,353,116,137,0.374,0.321,0.804,19.7,7.5,2.5,2.9,0.8,0.041,-2.8,-0.2,5.34,,,5.34,1,0.572121713,0.572121713,-1.375403444,-1.548348985,0.172945541
23,29,30,30,BOS,Desmond Bane,TCU,1,68,1519,625,210,118,0.469,0.432,0.816,22.3,9.2,3.1,1.7,2.9,0.093,-1,0.4,10.08,,,10.08,1,0.671250423,0.671250423,-1.637292798,-0.754843296,-0.882449502
24,30,31,31,DAL,Tyrell Terry,Stanford,1,11,56,11,6,6,0.313,0,0.333,5.1,1,0.5,0.5,-0.1,-0.049,-5.5,-0.1,6.38,,,6.38,1,0.07796134,0.07796134,-0.233011502,-0.162695696,-0.070315805
25,31,32,32,CHO,Vernon Carey Jr.,Duke,1,19,115,46,27,2,0.5,0.143,0.818,6.1,2.4,1.4,0.1,0.2,0.066,-6.2,-0.1,8,,,8,1,0.111926227,0.111926227,-0.840125749,-0.903319576,0.063193827
26,32,33,33,MIN,Daniel Oturu,Minnesota,1,30,161,54,48,10,0.423,0.2,0.75,5.4,1.8,1.6,0.3,0.3,0.081,-5.6,-0.1,11.41,,,11.41,1,0.181458509,0.181458509,-0.614270639,-0.338348749,-0.27592189
27,35,36,36,PHI,Tyler Bey,Colorado,1,18,71,18,19,3,0.318,0.25,0.6,3.9,1,1.1,0.2,0,-0.033,-9.6,-0.1,6.31,,,6.31,1,0.076875452,0.076875452,-0.679994018,-0.316272236,-0.363721782
28,37,38,38,UTA,Saben Lee,Vanderbilt,1,48,781,267,97,174,0.471,0.348,0.685,16.3,5.6,2,3.6,1.5,0.091,-1.9,0,8.11,,,8.11,1,0.280526663,0.280526663,-1.761197449,-1.325269916,-0.435927534
29,38,39,39,NOP,Elijah Hughes,Syracuse,1,18,64,31,9,6,0.333,0.348,0.75,3.6,1.7,0.5,0.3,0,-0.013,-3.7,0,6.22,,,6.22,1,0.030819208,0.030819208,-1.574636913,-0.109435942,-1.465200971
30,40,41,41,SAS,Tre Jones,Duke,1,37,269,94,21,39,0.474,0.6,0.895,7.3,2.5,0.6,1.1,0.4,0.066,-3.4,-0.1,9.99,,,9.99,1,-0.01754499,-0.01754499,-2.402664602,-1.075767905,-1.326896697
31,41,42,42,NOP,Nick Richards,Kentucky,1,18,63,15,11,2,0.444,0,0.636,3.5,0.8,0.6,0.1,0,0.026,-8.7,-0.1,9.49,,,9.49,1,0.047409412,0.047409412,-1.165888957,-0.69884233,-0.467046627
32,42,43,43,SAC,Jahmi'us Ramsey,Texas Tech,1,13,94,40,10,6,0.395,0.263,1,7.2,3.1,0.8,0.5,0,0.012,-4.7,-0.1,8.41,,,8.41,1,0.126959929,0.126959929,-0.293453712,-0.011391094,-0.282062618
33,44,45,45,MIL,Jordan Nwora,Louisville,1,30,274,171,60,7,0.459,0.452,0.76,9.1,5.7,2,0.2,0.4,0.068,-1.3,0,9.22,,,9.22,1,0.177049237,0.177049237,-1.33007447,-0.946220285,-0.383854185
34,45,46,46,POR,CJ Elleby,Washington State,1,30,192,68,32,10,0.379,0.206,0.733,6.4,2.3,1.1,0.3,0.1,0.032,-5.6,-0.2,3.57,,,3.57,1,0.108770227,0.108770227,-1.452325185,-0.681934459,-0.770390726
35,47,48,48,GSW,Nico Mannion,Arizona,1,30,364,123,46,70,0.342,0.367,0.821,12.1,4.1,1.5,2.3,0.2,0.029,-4.1,-0.2,8.4,,,8.4,1,-0.014523591,-0.014523591,-2.364076177,-1.196909863,-1.167166315
36,48,49,49,PHI,Isaiah Joe,Arkansas,1,41,383,153,36,20,0.361,0.368,0.75,9.3,3.7,0.9,0.5,0.6,0.078,-3.5,-0.1,8.02,,,8.02,1,0.386085441,0.386085441,-0.791482397,0.058704155,-0.850186552
37,49,50,50,ATL,Skylar Mays,LSU,1,33,269,124,35,30,0.449,0.35,0.88,8.2,3.8,1.1,0.9,0.8,0.14,1.6,0.2,8.27,,,8.27,1,0.406520737,0.406520737,-0.046784027,0.551460044,-0.598244071
38,52,53,53,OKC,Cassius Winston,Michigan State,1,22,98,41,9,12,0.424,0.471,0.833,4.5,1.9,0.4,0.5,0.1,0.066,-3,0,10.17,,,10.17,1,0.104490892,0.104490892,-0.70882667,-0.348762477,-0.360064193
39,53,54,54,IND,Cassius Stanley,Duke,1,24,93,36,20,1,0.302,0.231,0.778,3.9,1.5,0.8,0,-0.1,-0.05,-11.2,-0.2,8,,,8,1,0.075749185,0.075749185,-1.084457121,-0.36174969,-0.72270743
40,55,56,56,CHO,Grant Riller,College of Charleston,1,7,27,18,1,3,0.667,0.5,,3.9,2.6,0.1,0.4,0.1,0.177,5.4,0.1,-1.82,,,-1.82,1,0.026243474,0.026243474,-0.858223145,-0.372837881,-0.485385265
41,56,57,57,LAC,Reggie Perry,Mississippi State,1,26,211,78,73,14,0.41,0.19,0.769,8.1,3,2.8,0.5,0.2,0.04,-6.7,-0.2,8.02,,,8.02,1,0.187666245,0.187666245,-0.966648567,-0.2246912,-0.741957366
42,57,58,58,PHI,Paul Reed,DePaul,1,26,177,88,61,12,0.538,0,0.5,6.8,3.4,2.3,0.5,0.6,0.162,-0.9,0,7.15,,,7.15,1,0.342648572,0.342648572,0.580412617,0.343787901,0.236624716
43,58,59,59,TOR,Jalen Harris,Nevada,1,13,172,96,18,17,0.5,0.472,0.778,13.2,7.4,1.4,1.3,0.3,0.079,0.6,0.1,-0.11,,,-0.11,1,0.190647058,0.190647058,-0.644002246,-0.277998194,-0.366004052
44,59,60,60,NOP,Sam Merrill,Utah State University,1,30,233,89,30,21,0.444,0.447,1,7.8,3,1,0.7,0.5,0.102,-1.4,0,4.04,,,4.04,1,0.105781876,0.105781876,-1.617991018,-1.089782231,-0.528208788
45,60,1,1,NOP,Zion Williamson,Duke,2,85,2694,2187,591,276,0.604,0.333,0.683,31.7,25.7,7,3.2,10.6,0.189,4.6,4.5,11.98,,,11.98,2,9.776110681,4.88805534,3.151414002,3.476824236,-0.325410234
46,61,2,2,MEM,Ja Morant,Murray State,2,130,4127,2397,511,953,0.463,0.317,0.75,31.7,18.4,3.9,7.3,7,0.081,-0.2,1.8,-3.32,,,-3.32,2,8.209974826,4.104987413,0.665855636,1.431263824,-0.765408188
47,62,3,3,NYK,RJ Barrett,Duke,2,128,4215,2067,693,360,0.425,0.37,0.683,32.9,16.1,5.4,2.8,3.6,0.041,-2.7,-0.7,11.98,,,11.98,2,2.622056434,1.311028217,-1.370932241,-0.739090388,-0.631841854
48,63,4,4,LAL,De'Andre Hunter,Virginia,2,86,2696,1122,396,156,0.43,0.348,0.799,31.3,13,4.6,1.8,1.8,0.032,-3.3,-0.9,9.61,,,9.61,2,0.8654712,0.4327356,-1.825431022,-1.154820025,-0.670610997
49,64,5,5,CLE,Darius Garland,Vanderbilt,2,113,3614,1669,240,558,0.428,0.374,0.858,32,14.8,2.1,4.9,-0.1,-0.001,-3.6,-1.5,7.79,,,7.79,2,-0.456333406,-0.228166703,-2.512883596,-1.037573297,-1.475310299
50,65,6,6,PHO,Jarrett Culver,Texas Tech,2,97,2005,760,316,134,0.406,0.288,0.503,20.7,7.8,3.3,1.4,-0.2,-0.005,-4.6,-1.3,9.56,,,9.56,2,-0.109551716,-0.054775858,-2.386961953,-1.964315469,-0.422646484
51,66,7,7,CHI,Coby White,UNC,2,134,3830,1900,514,503,0.406,0.357,0.849,28.6,14.2,3.8,3.8,3.3,0.041,-2.7,-0.7,11.35,,,11.35,2,1.444551441,0.72227572,-1.737144012,-0.377798798,-1.359345214
52,67,8,8,ATL,Jaxson Hayes,Texas,2,124,2044,921,516,91,0.647,0.389,0.697,16.5,7.4,4.2,0.7,7.4,0.174,0.1,1.1,11.46,,,11.46,2,2.806337406,1.403168703,-0.2497261,-0.96357134,0.71384524
53,68,9,9,WAS,Rui Hachimura,Gonzaga,2,105,3241,1438,606,169,0.473,0.313,0.797,30.9,13.7,5.8,1.6,3.9,0.058,-3.3,-1.1,3.91,,,3.91,2,1.43992472,0.71996236,-1.636549756,-1.588193926,-0.048355829
54,69,10,10,ATL,Cam Reddish,Duke,2,84,2301,902,320,122,0.378,0.309,0.808,27.4,10.7,3.8,1.5,0,0.001,-4,-1.2,11.98,,,11.98,2,0.060347888,0.030173944,-2.267205761,-1.270153094,-0.997052667
55,70,11,11,MIN,Cameron Johnson,UNC,2,117,2692,1077,386,155,0.427,0.367,0.828,23,9.2,3.3,1.3,5.2,0.093,-0.2,1.2,10.06,,,10.06,2,4.714086092,2.357043046,0.309980388,0.253250178,0.05673021
56,71,12,12,CHO,P.J. Washington,Kentucky,2,122,3713,1534,734,284,0.447,0.381,0.698,30.4,12.6,6,2.3,4.7,0.06,-1.4,0.6,10.51,,,10.51,2,2.709641298,1.354820649,-1.209680418,-2.021843733,0.812163315
57,72,13,13,MIA,Tyler Herro,Kentucky,2,109,3143,1558,492,305,0.434,0.375,0.834,28.8,14.3,4.5,2.8,3.2,0.05,-1.6,0.3,10.29,,,10.29,2,0.352485876,0.176242938,-2.136182935,-0.330421541,-1.805761394
58,73,14,14,BOS,Romeo Langford,Indiana,2,50,653,135,76,26,0.353,0.222,0.73,13.1,2.7,1.5,0.5,0.2,0.016,-5,-0.5,10.1,,,10.1,2,-0.126282621,-0.063141311,-2.598392097,-2.344224899,-0.254167198
59,75,16,16,ORL,Chuma Okeke,Auburn,1,45,1133,349,181,101,0.417,0.348,0.75,25.2,7.8,4,2.2,1.3,0.056,-1.4,0.2,9.11,,,9.11,1,0.840168045,0.840168045,-1.188687086,-1.317032192,0.128345105
60,76,17,17,BRK,Nickeil Alexander-Walker,Virginia Tech,2,93,1598,775,228,191,0.401,0.347,0.709,17.2,8.3,2.5,2.1,0.5,0.015,-2.7,-0.3,7.25,,,7.25,2,1.630881756,0.815440878,-0.774616413,-0.502522654,-0.272093759
61,79,20,20,BOS,Matisse Thybulle,Washington,2,130,2585,560,231,142,0.421,0.33,0.559,19.9,4.3,1.8,1.1,5.1,0.094,0.9,1.9,7,,,7,2,4.234008905,2.117004453,0.142776793,-1.50132286,1.644099653
62,80,21,21,OKC,Brandon Clarke,Gonzaga,2,117,2715,1310,673,176,0.567,0.305,0.724,23.2,11.2,5.8,1.5,9.1,0.162,2.1,2.8,2.7,,,2.7,2,5.955055822,2.977527911,0.968298393,0.22086172,0.747436673
63,81,22,22,BOS,Grant Williams,Tennessee,2,132,2181,531,356,132,0.426,0.32,0.657,16.5,4,2.7,1,2.7,0.058,-3.4,-0.8,10.15,,,10.15,2,1.044701599,0.522350799,-1.581728535,-2.38732439,0.805595855
64,83,24,24,PHI,Ty Jerome,Virginia,2,64,1116,455,137,164,0.415,0.39,0.76,17.4,7.1,2.1,2.6,1.3,0.055,-1.4,0.2,10.05,,,10.05,2,0.138271082,0.069135541,-2.11624349,-0.91111064,-1.20513285
65,84,25,25,POR,Nassir Little,UNC,2,96,1213,392,236,45,0.45,0.302,0.719,12.6,4.1,2.5,0.5,1.7,0.066,-3.3,-0.4,11.35,,,11.35,2,0.609342205,0.304671103,-1.547222172,-0.967798548,-0.579423624
66,85,26,26,CLE,Dylan Windler,Belmont,1,31,513,161,107,33,0.438,0.338,0.778,16.5,5.2,3.5,1.1,0.5,0.045,-1.7,0,-2.32,,,-2.32,1,0.540559929,0.540559929,-0.723211154,-1.166819419,0.443608264
67,86,27,27,BRK,Mfiondu Kabengele,Florida State,2,51,344,137,71,19,0.388,0.314,0.84,6.7,2.7,1.4,0.4,0.4,0.054,-3.3,-0.1,9.38,,,9.38,2,0.271419519,0.13570976,-1.120210597,-0.894226137,-0.225984459
68,87,28,28,GSW,Jordan Poole,Michigan,2,108,2262,1115,210,233,0.381,0.316,0.84,20.9,10.3,1.9,2.2,0.7,0.015,-4,-1.1,9.98,,,9.98,2,-0.865509361,-0.432754681,-2.898123579,-1.349744401,-1.548379178
69,88,29,29,SAS,Keldon Johnson,Kentucky,2,86,2269,1035,469,136,0.492,0.36,0.75,26.4,12,5.5,1.6,4.3,0.092,-1.5,0.3,10.29,,,10.29,2,2.685264568,1.342632284,-0.53107378,-0.347951137,-0.183122644
70,89,30,30,MIL,Kevin Porter Jr.,USC,2,76,1997,929,261,273,0.434,0.323,0.728,26.3,12.2,3.4,3.6,0.3,0.007,-3.8,-0.9,4.96,,,4.96,2,0.181935428,0.090967714,-2.175228431,-1.082223945,-1.093004486
71,90,31,31,BRK,Nicolas Claxton,Georgia,2,47,781,278,210,44,0.606,0.167,0.494,16.6,5.9,4.5,0.9,2.4,0.145,0.1,0.4,8.5,,,8.5,2,1.781526962,0.890763481,1.102263494,-0.879695457,1.981958951
72,91,32,32,PHO,KZ Okpala,Stanford,2,42,473,99,73,20,0.386,0.235,0.529,11.3,2.4,1.7,0.5,0.2,0.021,-6.7,-0.6,6.14,,,6.14,2,0.007469545,0.003734773,-2.280485003,-1.878584374,-0.401900629
73,92,33,33,PHI,Carsen Edwards,Purdue,2,68,627,244,73,38,0.372,0.302,0.75,9.2,3.6,1.1,0.6,0.4,0.03,-4.7,-0.4,9.84,,,9.84,2,0.157620369,0.078810185,-1.925767204,-0.812380379,-1.113386826
74,93,34,34,PHI,Bruno Fernando,Maryland,2,89,939,291,276,59,0.498,0.128,0.603,10.6,3.3,3.1,0.7,0.7,0.037,-4.8,-0.7,9.02,,,9.02,2,0.129955962,0.064977981,-2.094022299,-2.042190199,-0.0518321
75,95,36,36,CHO,Cody Martin,Nevada,2,100,1752,445,319,181,0.435,0.252,0.62,17.5,4.5,3.2,1.8,2.1,0.056,-2.2,-0.1,6.59,,,6.59,2,2.35371415,1.176857075,-0.294362346,-0.605611522,0.311249176
76,97,38,38,CHI,Daniel Gafford,Arkansas,2,97,1400,600,337,50,0.691,,0.619,14.4,6.2,3.5,0.5,5.3,0.182,0.8,1,9.31,,,9.31,2,2.946388202,1.473194101,0.844062982,-0.90134187,1.745404852
77,99,40,40,SAC,Justin James,Wyoming,2,72,542,228,62,40,0.446,0.343,0.544,7.5,3.2,0.9,0.6,0.3,0.024,-3.2,-0.2,1.62,,,1.62,2,0.422615144,0.211307572,-1.139529754,-0.756125078,-0.383404676
78,100,41,41,GSW,Eric Paschall,Villanova,2,100,2349,1218,403,178,0.497,0.301,0.755,23.5,12.2,4,1.8,3,0.062,-2.9,-0.5,7.55,,,7.55,2,-0.01104529,-0.005522645,-2.310733599,-1.057703358,-1.253030241
79,101,42,42,PHI,Admiral Schofield,Tennessee,1,33,368,99,47,15,0.38,0.311,0.667,11.2,3,1.4,0.5,0.1,0.017,-5.5,-0.3,9.58,,,9.58,1,0.005381823,0.005381823,-2.281379174,-1.911514416,-0.369864758
80,102,43,43,MIN,Jaylen Nowell,Washington,2,57,910,436,108,81,0.415,0.301,0.847,16,7.6,1.9,1.4,0.9,0.045,-3.2,-0.3,6.54,,,6.54,2,0.69076841,0.345384205,-1.163476689,-0.260350563,-0.903126126
81,103,44,44,MIA,Bol Bol,Oregon,2,39,247,109,43,13,0.453,0.394,0.72,6.3,2.8,1.1,0.3,0.1,0.02,-3.8,-0.1,6.13,,,6.13,2,0.126782057,0.063391028,-1.530373447,-1.114923823,-0.415449623
82,104,45,45,DET,Isaiah Roby,Nebraska,2,64,1436,533,343,107,0.481,0.294,0.744,22.4,8.3,5.4,1.7,1.2,0.041,-3.6,-0.6,9.79,,,9.79,2,-0.35564258,-0.17782129,-2.680576572,-2.691053896,0.010477324
83,105,46,46,ORL,Talen Horton-Tucker,Iowa State,2,71,1385,619,176,187,0.459,0.285,0.767,19.5,8.7,2.5,2.6,2.2,0.077,-1.2,0.3,9.3,,,9.3,2,1.852378162,0.926189081,-0.303589217,-0.682129502,0.378540285
84,106,47,47,SAC,Ignas Brazdeikis,Michigan,2,22,302,108,50,21,0.39,0.324,0.737,13.7,4.9,2.3,1,0,-0.006,-6.2,-0.3,10.55,,,10.55,2,0.239627685,0.119813843,-1.112623316,-0.704614692,-0.408008624
85,107,48,48,LAC,Terance Mann,Florida State,2,108,1625,571,297,157,0.501,0.405,0.793,15,5.3,2.8,1.5,4.5,0.133,-0.4,0.6,8.95,,,8.95,2,2.111906991,1.055953496,-0.360408671,-0.256638267,-0.103770404
86,108,49,49,SAS,Quinndary Weatherspoon,Mississippi State,2,31,199,58,18,19,0.404,0.182,0.778,6.4,1.9,0.6,0.6,-0.1,-0.014,-6,-0.2,6.95,,,6.95,2,0.123611782,0.061805891,-1.368352519,-0.949273507,-0.419079012
87,109,50,50,IND,Jarrell Brantley,College of Charleston,2,37,234,88,47,26,0.438,0.366,0.75,6.3,2.4,1.3,0.7,0.5,0.099,-0.6,0.1,-1.6,,,-1.6,2,0.17217007,0.086085035,-1.20035257,-0.580696273,-0.619656296
88,110,51,51,BOS,Tremont Waters,LSU,2,37,357,139,33,78,0.361,0.306,0.96,9.6,3.8,0.9,2.1,0.1,0.019,-2.3,0,8.59,,,8.59,2,0.405066339,0.202533169,-0.601579683,0.020448218,-0.622027901
89,111,52,52,CHO,Jalen McDaniels,San Diego State,2,63,1197,435,234,66,0.469,0.341,0.728,19,6.9,3.7,1,1.6,0.066,-3.3,-0.4,3.19,,,3.19,2,0.406464481,0.20323224,-1.790921165,-1.318504042,-0.472417124
90,112,53,53,UTA,Justin Wright-Foreman,Hofstra,1,4,45,19,5,7,0.35,0.2,0.75,11.3,4.8,1.3,1.8,0,-0.008,-9,-0.1,-1.81,,,-1.81,1,0.051635741,0.051635741,-0.590650871,-0.222280169,-0.368370702
91,113,54,54,PHI,Marial Shayok,Iowa State,1,4,28,11,7,1,0.25,0.333,0.75,7,2.8,1.8,0.3,-0.1,-0.13,-13,-0.1,9.79,,,9.79,1,0.028935256,0.028935256,-0.747042059,-0.291763613,-0.455278446
92,114,55,55,NYK,Kyle Guy,Virginia,2,34,245,91,36,33,0.333,0.265,0.8,7.2,2.7,1.1,1,-0.1,-0.016,-6.6,-0.3,10.05,,,10.05,2,0.250883736,0.125441868,-0.766985625,0.100924556,-0.867910181
93,116,57,57,NOP,Jordan Bone,Tennessee,2,24,249,68,28,26,0.378,0.286,,10.4,2.8,1.2,1.1,0.1,0.01,-5.9,-0.2,10.15,,,10.15,2,0.118511166,0.059255583,-1.587544722,-1.101589528,-0.485955195
94,117,58,58,GSW,Miye Oni,Yale,2,64,628,140,101,32,0.359,0.346,0.818,9.8,2.2,1.6,0.5,1,0.078,-2.5,-0.1,-2.08,,,-2.08,2,-0.040010251,-0.020005126,-2.403730089,-1.652568673,-0.751161417
95,118,59,59,TOR,Dewan Hernandez,Miami (FL),1,6,28,14,14,3,0.357,0.5,0.6,4.7,2.3,2.3,0.5,0,0.043,-9.6,-0.1,8.26,,,8.26,1,0.029068865,0.029068865,-0.760238053,-0.294834011,-0.465404042
96,120,1,1,PHO,Deandre Ayton,Arizona,3,178,5534,2846,1892,296,0.588,0.189,0.756,31.1,16,10.6,1.7,17.4,0.151,0.5,3.5,6.84,,,6.84,3,9.422992284,3.140997428,0.239656409,0.026239004,0.213417405
97,121,2,2,SAC,Marvin Bagley III,Duke,3,118,3013,1716,886,115,0.5,0.314,0.663,25.5,14.5,7.5,1,5.3,0.085,-2.1,-0.1,9.71,,,9.71,3,2.680749431,0.893583144,-0.969390037,-0.055607081,-0.913782957
98,123,4,4,MEM,Jaren Jackson Jr.,Michigan State,3,126,3395,1946,596,154,0.48,0.374,0.765,26.9,15.4,4.7,1.2,7.5,0.106,0.1,1.8,7.1,,,7.1,3,5.337425667,1.779141889,0.045129015,-0.950398582,0.995527597
99,124,5,5,DAL,Trae Young,Oklahoma,3,204,6748,4921,801,1807,0.431,0.343,0.861,33.1,24.1,3.9,8.9,16.3,0.116,2.2,7,10.56,,,10.56,3,12.77647918,4.258826394,0.525606001,3.624517712,-3.098911711
100,125,6,6,ORL,Mo Bamba,Texas,3,155,2369,991,800,116,0.471,0.325,0.646,15.3,6.4,5.2,0.7,5.9,0.12,-0.3,1,10.67,,,10.67,3,3.692782788,1.230927596,0.02501558,-1.492290354,1.517305934
101,126,7,7,CHI,Wendell Carter Jr.,Duke,3,141,3741,1545,1155,233,0.506,0.241,0.749,26.5,11,8.2,1.7,8.6,0.11,-1.9,0.1,9.71,,,9.71,3,5.792591051,1.930863684,0.010087934,-1.674976198,1.685064132
102,127,8,8,CLE,Collin Sexton,Alabama,3,207,6863,4180,627,697,0.458,0.385,0.831,33.2,20.2,3,3.4,5.4,0.038,-2.3,-0.6,10.64,,,10.64,3,-1.577329965,-0.525776655,-2.676065076,-0.03723657,-2.638828506
103,128,9,9,NYK,Kevin Knox,Kentucky,3,182,3788,1545,580,162,0.369,0.345,0.703,20.8,8.5,3.2,0.9,-0.6,-0.007,-4.8,-2.6,10.73,,,10.73,3,-4.534118822,-1.511372941,-4.168497906,-2.38435656,-1.784141345
104,129,10,10,PHI,Mikal Bridges,Villanova,3,227,6807,2321,865,454,0.497,0.376,0.83,30,10.2,3.8,2,15.7,0.111,0.7,4.7,9.74,,,9.74,3,12.87519877,4.291732923,0.520680352,-0.169352796,0.690033148
105,130,11,11,CHO,Shai Gilgeous-Alexander,Kentucky,3,187,5782,3050,810,709,0.482,0.373,0.805,30.9,16.3,4.3,3.8,13,0.108,1.3,4.8,10.73,,,10.73,3,7.845948923,2.615316308,-0.275177875,0.108206861,-0.383384736
106,131,12,12,LAC,Miles Bridges,Michigan State,3,211,5623,2280,1082,356,0.461,0.354,0.816,26.6,10.8,5.1,1.7,8.8,0.075,-1.1,1.3,8.8,,,8.8,3,2.038035943,0.679345314,-1.763331898,-0.880788401,-0.882543497
107,132,13,13,LAC,Jerome Robinson,Boston College,3,113,1604,514,208,131,0.363,0.31,0.721,14.2,4.5,1.8,1.2,-0.1,-0.003,-4.8,-1.1,7.65,,,7.65,3,0.043073675,0.014357892,-2.263028627,-1.921402544,-0.341626083
108,133,14,14,DEN,Michael Porter Jr.,Missouri,2,116,2815,1674,704,116,0.532,0.439,0.806,24.3,14.4,6.1,1,9.8,0.167,2.5,3.2,9.19,,,9.19,2,8.358794295,4.179397147,2.133764823,1.864165624,0.269599199
109,135,16,16,PHO,Zhaire Smith,Texas Tech,2,13,143,48,15,12,0.378,0.316,0.667,11,3.7,1.2,0.9,0,0.011,-6.1,-0.2,9.6,,,9.6,2,0.153544813,0.076772407,-0.693946113,-0.108074129,-0.585871984
110,136,17,17,MIL,Donte DiVincenzo,Villanova,3,159,3745,1429,763,388,0.432,0.349,0.728,23.6,9,4.8,2.4,8.5,0.108,0.3,2.2,9.74,,,9.74,3,8.594661868,2.864887289,1.119214889,0.014779037,1.104435852
111,137,18,18,SAS,Lonnie Walker,Miami (FL),3,138,2628,1103,311,178,0.419,0.369,0.773,19,8,2.3,1.3,0.7,0.014,-3.6,-1.1,6.96,,,6.96,3,-0.965859996,-0.321953332,-2.869993596,-1.187261652,-1.682731944
112,138,19,19,ATL,Kevin Huerter,Maryland,3,200,5934,2233,704,668,0.422,0.376,0.783,29.7,11.2,3.5,3.3,6.6,0.053,-1.5,0.8,8.11,,,8.11,3,4.47801198,1.49267066,-1.172844408,-0.479163612,-0.693680796
113,139,20,20,MIN,Josh Okogie,Georgia Tech,3,195,4501,1419,642,253,0.403,0.273,0.766,23.1,7.3,3.3,1.3,4.7,0.05,-3,-1.2,7.84,,,7.84,3,3.577900101,1.192633367,-1.113638904,-1.305959107,0.192320203
114,140,21,21,UTA,Grayson Allen,Duke,3,126,2393,1073,268,185,0.423,0.381,0.832,19,8.5,2.1,1.5,3.9,0.078,-1.8,0.2,10.27,,,10.27,3,1.138977228,0.379659076,-1.600276014,-0.509541907,-1.090734107
115,141,22,22,CHI,Chandler Hutchison,Boise State,3,97,1768,554,371,77,0.441,0.309,0.638,18.2,5.7,3.8,0.8,1.2,0.032,-3.9,-0.9,2.57,,,2.57,3,-0.042040331,-0.014013444,-2.343646096,-2.269369194,-0.074276902
116,142,23,23,IND,Aaron Holiday,UCLA,3,182,3439,1396,312,435,0.403,0.372,0.832,18.9,7.7,1.7,2.4,3.2,0.045,-2.5,-0.4,7.65,,,7.65,3,2.364593481,0.788197827,-1.270824227,-0.616584345,-0.654239882
117,144,25,25,LAL,Moritz Wagner,Michigan,3,133,2003,910,450,130,0.48,0.315,0.817,15.1,6.8,3.4,1,3.1,0.075,-2.9,-0.4,9.16,,,9.16,3,1.327093353,0.442364451,-1.308053439,-1.565629808,0.257576369
118,145,26,26,PHI,Landry Shamet,Wichita State,3,193,4657,1781,346,315,0.416,0.397,0.834,24.1,9.2,1.8,1.6,8,0.083,-2,0,,,,4.22,3,2.317025868,0.772341956,-1.555005274,-0.326466076,-1.228539198
119,146,27,27,BOS,Robert Williams,Texas A&M,3,113,1656,648,567,128,0.72,0,0.623,14.7,5.7,5,1.1,8.5,0.247,5.1,3,,,,9.29,3,4.029593711,1.343197904,1.32659325,-0.182719568,1.509312818
120,147,28,28,GSW,Jacob Evans,Cincinnati,2,59,622,168,66,54,0.337,0.315,0.833,10.5,2.8,1.1,0.9,-0.6,-0.047,-7.4,-0.8,,,,4.76,2,-0.323577392,-0.161788696,-3.099963563,-2.85369775,-0.246265813
121,149,30,30,ATL,Omari Spellman,Villanova,2,95,1691,642,413,94,0.417,0.366,0.766,17.8,6.8,4.3,1,2.4,0.068,-1.5,0.2,,,,10.24,2,0.480794718,0.240397359,-1.873938597,-1.462234217,-0.41170438
122,151,32,32,MEM,Jevon Carter,West Virginia,3,157,2239,707,276,224,0.386,0.381,0.803,14.3,4.5,1.8,1.4,3.3,0.072,-0.6,0.8,,,,9.53,3,2.312517147,0.770839049,-0.755488164,-0.995953941,0.240465777
123,152,33,33,DAL,Jalen Brunson,Villanova,3,198,4310,2001,534,657,0.489,0.373,0.775,21.8,10.1,2.7,3.3,9.8,0.109,-0.6,1.5,,,,9.74,3,6.995609889,2.331869963,0.120841635,0.766434876,-0.645593241
124,153,34,34,ATL,Devonte' Graham,Kansas,3,164,4546,2178,423,887,0.376,0.364,0.822,27.7,13.3,2.6,5.4,7.3,0.077,-0.2,2.1,,,,11.86,3,7.343427075,2.447809025,0.109082231,1.487566112,-1.378483881
125,156,37,37,SAC,Gary Trent Jr.,Duke,3,134,3245,1469,263,146,0.417,0.393,0.778,24.2,11,2,1.1,3.9,0.058,-2,0,,,,9.71,3,1.729598223,0.576532741,-1.500806299,0.305279175,-1.806085475
126,157,38,38,PHI,Khyri Thomas,Creighton,3,39,409,160,39,36,0.388,0.316,0.75,10.5,4.1,1,0.9,0.5,0.058,-2.7,-0.1,,,,7.83,3,0.430541943,0.143513981,-0.728714197,-0.491965407,-0.23674879
127,160,41,41,ORL,Jarred Vanderbilt,Kentucky,3,92,1254,380,400,81,0.597,0.143,0.57,13.6,4.1,4.3,0.9,3.2,0.121,-1,0.3,,,,10.73,3,2.277029881,0.75900996,0.404517497,-1.795497113,2.200014609
128,161,42,42,DET,Bruce Brown,Miami (FL),3,197,4534,1409,808,425,0.471,0.298,0.74,23,7.2,4.1,2.2,7.9,0.084,-1.6,0.5,,,,8.26,3,4.03041015,1.34347005,-0.974267775,-1.475596728,0.501328953
129,162,43,43,DEN,Justin Jackson,Maryland,,,,,,,,,,,,,,,,,,,,,8.12,4,1.664612757,0.416153189,-1.774051047,-0.859426375,-0.914624672
130,194,15,15,POR,Justin Jackson,UNC,4,248,4742,1641,630,274,0.427,0.321,0.797,19.1,6.6,2.5,1.1,5.3,0.053,-2.8,-1,,,,11.4,4,1.664612757,0.416153189,-1.774051047,-0.859426375,-0.914624672
131,164,45,45,BRK,Hamidou Diallo,Kentucky,3,149,2648,1112,536,154,0.463,0.294,0.627,17.8,7.5,3.6,1,2.8,0.05,-3.3,-0.8,,,,10.73,3,0.025168351,0.00838945,-2.296761962,-1.866817692,-0.429944269
132,165,46,46,HOU,De'Anthony Melton,USC,3,162,3196,1177,515,466,0.412,0.35,0.775,19.7,7.3,3.2,2.9,4,0.06,-0.3,1.4,,,,6.4,3,6.7290372,2.2430124,0.840469193,-0.359292103,1.199761296
133,166,47,47,LAL,Sviatoslav Mykhailiuk,Kansas,3,164,3029,1196,303,253,0.4,0.362,0.764,18.5,7.3,1.8,1.5,1.8,0.028,-2.8,-0.6,,,,11.86,3,2.24986136,0.749953787,-1.188634577,-0.535828899,-0.652805678
134,167,48,48,MIN,Keita Bates-Diop,Ohio State,3,104,1492,518,259,59,0.429,0.302,0.694,14.3,5,2.5,0.6,1.9,0.061,-2.2,-0.1,,,,7.69,3,0.007751444,0.002583815,-2.300295651,-1.702084002,-0.598211649
135,168,49,49,SAS,Chimezie Metu,USC,3,83,738,335,181,51,0.48,0.317,0.74,8.9,4,2.2,0.6,0.6,0.039,-4,-0.4,,,,6.78,3,0.475428236,0.158476079,-1.336313555,-1.102262124,-0.234051431
136,169,50,50,IND,Alize Johnson,Missouri State,3,49,371,141,157,22,0.496,0.313,0.774,7.6,2.9,3.2,0.4,1.2,0.155,-0.5,0.1,,,,0.82,3,0.632569174,0.210856391,0.244058798,0.285163742,-0.041104945
137,172,53,53,OKC,Devon Hall,Virginia,1,11,81,20,7,13,0.2,0.235,0.5,7.4,1.8,0.6,1.2,-0.2,-0.116,-6.4,-0.1,,,,9.73,1,0.084990096,0.084990096,-0.725854189,-0.312879742,-0.412974447
138,173,54,54,DAL,Shake Milton,SMU,3,123,2534,1281,271,315,0.454,0.374,0.815,20.6,10.4,2.2,2.6,5.2,0.099,-1.9,0.1,,,,4.22,3,1.501889852,0.500629951,-1.413141986,-0.087190441,-1.325951545
139,175,56,56,PHI,Ray Spalding,Louisville,2,16,167,58,52,5,0.529,0,0.286,10.4,3.6,3.3,0.3,0.1,0.024,-5.7,-0.2,,,,9.32,2,0.242720674,0.121360337,-0.122631248,-0.550258755,0.427627507
140,176,57,57,OKC,Kevin Hervey,UT Arlington,1,10,52,17,12,5,0.259,0.15,,5.2,1.7,1.2,0.5,-0.1,-0.085,-5.1,0,,,,-2.12,1,0.059361387,0.059361387,-0.597920641,-0.292339611,-0.30558103
141,177,58,58,DEN,Thomas Welsh,UCLA,1,11,36,18,4,5,0.538,0.429,0.5,3.3,1.6,0.4,0.5,0.1,0.162,1.2,0,,,,7.8,1,0.035199336,0.035199336,-0.849522703,-0.349238237,-0.500284466
142,178,59,59,PHO,George King,Colorado,1,1,6,0,1,0,,,,6,0,1,0,0,-0.001,-7.9,0,,,,7.36,1,0.007674372,0.007674372,-0.357419225,0.03824594,-0.395665164
143,179,60,60,PHI,Kostas Antetokounmpo,Dayton,3,22,87,21,23,3,0.375,,0.474,4,1,1,0.1,-0.2,-0.098,-10.2,-0.2,,,,2.7,3,0.112881163,0.037627054,-0.350919607,-0.418528096,0.067608489
144,180,1,1,PHI,Markelle Fultz,Washington,4,113,2891,1228,376,524,0.447,0.265,0.695,25.6,10.9,3.3,4.6,3.1,0.052,-2.2,-0.2,,,,6.82,4,3.049275762,0.76231894,-0.723689452,-0.721034046,-0.002655407
145,181,2,2,LAL,Lonzo Ball,UCLA,4,217,6975,2540,1257,1385,0.397,0.353,0.56,32.1,11.7,5.8,6.4,9.2,0.063,0.8,4.8,,,,6.39,4,13.58451292,3.39612823,0.60392066,-0.240450428,0.844371088
146,182,3,3,BOS,Jayson Tatum,Duke,4,289,9453,5594,1811,772,0.458,0.396,0.84,32.7,19.4,6.3,2.7,25.5,0.129,2.1,9.8,,,,10.91,4,32.01555209,8.003888024,2.787193073,1.45301519,1.334177883
147,183,4,4,PHO,Josh Jackson,Kansas,4,240,5888,2948,1018,480,0.418,0.298,0.676,24.5,12.3,4.2,2,-1.7,-0.014,-3.8,-2.7,,,,12.23,4,0.767372378,0.191843094,-2.114920711,-1.732098906,-0.382821805
148,184,5,5,SAC,De'Aaron Fox,Kentucky,4,263,8242,4781,907,1675,0.458,0.326,0.718,31.3,18.2,3.4,6.4,13.2,0.077,0.1,4.5,,,,10.49,4,12.80265758,3.200664394,0.010488851,0.91867292,-0.908184068
149,185,6,6,ORL,Jonathan Isaac,Florida State,3,136,3512,1269,741,146,0.435,0.33,0.797,25.8,9.3,5.4,1.1,6.7,0.091,0.2,2,,,,8.87,3,6.841526794,2.280508931,0.607098465,-1.578900095,2.185998561
150,186,7,7,MIN,Lauri Markkanen,Arizona,4,221,6511,3439,1559,273,0.44,0.366,0.845,29.5,15.6,7.1,1.2,11.6,0.086,-0.2,2.8,,,,7.63,4,8.333117606,2.083279401,-0.388788075,-0.028718906,-0.360069169
151,188,9,9,DAL,Dennis Smith Jr.,NC State,4,179,4514,2111,548,785,0.4,0.316,0.652,25.2,11.8,3.1,4.4,-1,-0.01,-2.4,-0.5,,,,8.09,4,1.33954763,0.334886907,-1.859404974,-1.135195681,-0.724209293
152,189,10,10,SAC,Zach Collins,Gonzaga,3,154,2691,881,614,139,0.444,0.324,0.722,17.5,5.7,4,0.9,3.9,0.069,-2.6,-0.4,,,,4.13,3,1.545609945,0.515203315,-1.441370732,-1.583972632,0.1426019
153,190,11,11,CHO,Malik Monk,Kentucky,4,233,4159,2128,461,409,0.403,0.339,0.843,17.8,9.1,2,1.8,2,0.023,-2.7,-0.7,,,,10.49,4,0.233965461,0.058491365,-2.227133236,-0.341314904,-1.885818332
154,191,12,12,DET,Luke Kennard,Duke,4,227,5054,2133,618,457,0.449,0.413,0.86,22.3,9.4,2.7,2,9.7,0.092,-0.7,1.6,,,,10.75,4,2.141825364,0.535456341,-1.666575043,-0.438293322,-1.228281721
155,192,13,13,DEN,Donovan Mitchell,Louisville,4,278,9371,6501,1151,1184,0.439,0.362,0.829,33.7,23.4,4.1,4.3,21.8,0.112,1.8,9.1,,,,9.44,4,22.72403542,5.681008854,1.316609427,1.785579115,-0.468969688
156,193,14,14,MIA,Bam Adebayo,Kentucky,4,287,7841,3549,2286,999,0.559,0.159,0.738,27.3,12.4,8,3.5,28.3,0.173,2.7,9.4,,,,10.49,4,21.58010069,5.395025172,1.810948116,0.179817124,1.631130992
157,195,16,16,CHI,Justin Patton,Creighton,4,22,296,86,60,19,0.404,0.25,0.667,13.5,3.9,2.7,0.9,0.4,0.066,-2.6,0,,,,8.95,4,0.337351286,0.084337822,-0.592727667,-1.029398755,0.436671089
158,196,17,17,MIL,DJ Wilson,Michigan,4,142,1749,617,436,103,0.411,0.329,0.598,12.3,4.3,3.1,0.7,2.4,0.067,-2.9,-0.4,,,,9.23,4,1.462923738,0.365730935,-1.048337576,-1.421020653,0.372683077
159,197,18,18,IND,TJ Leaf,UCLA,4,146,1238,477,283,43,0.492,0.341,0.585,8.5,3.3,1.9,0.3,2.7,0.104,-1.8,0.1,,,,6.39,4,0.552416145,0.138104036,-1.647097067,-0.758881994,-0.888215073
160,198,19,19,ATL,John Collins,Wake Forest,4,239,6825,3961,2019,357,0.567,0.38,0.777,28.6,16.6,8.4,1.5,23.1,0.162,1.4,5.8,,,,10.16,4,14.14204678,3.535511695,0.789301702,0.813238065,-0.023936362
161,199,20,20,POR,Harry Giles,Duke,3,142,1835,832,543,174,0.511,0.258,0.671,12.9,5.9,3.8,1.2,3,0.079,-2.5,-0.2,,,,10.91,3,0.921822019,0.307274006,-1.547366058,-1.585421251,0.038055193
162,201,22,22,BRK,Jarrett Allen,Texas,4,285,7253,3041,2362,375,0.611,0.2,0.696,25.4,10.7,8.3,1.3,26.5,0.175,1.2,5.8,,,,12.75,4,16.38071015,4.095177538,1.070391702,-0.213779542,1.284171244
163,202,23,23,TOR,OG Anunoby,Indiana,4,253,6332,2322,982,304,0.48,0.375,0.692,25,9.2,3.9,1.2,13.8,0.105,0,3.1,,,,7.53,4,8.205444157,2.051361039,-0.369006382,-1.069910317,0.700903935
164,203,24,24,UTA,Tyler Lydon,Syracuse,2,26,96,23,18,6,0.5,0.4,0.333,3.7,0.9,0.7,0.2,0.2,0.084,-4.3,-0.1,,,,9.11,2,0.060633837,0.030316918,-1.350407101,-0.707384157,-0.643022943
165,205,26,26,POR,Caleb Swanigan,Purdue,3,75,655,169,218,56,0.438,0.118,0.614,8.7,2.3,2.9,0.7,-0.2,-0.015,-6.2,-0.7,,,,8.12,3,0.255451618,0.085150539,-1.716260305,-1.681018866,-0.035241439
166,206,27,27,BRK,Kyle Kuzma,Utah,4,276,8195,4206,1555,526,0.448,0.338,0.727,29.7,15.2,5.6,1.9,12.2,0.072,-1.2,1.5,,,,6.84,4,9.37180234,2.342950585,-0.59273153,-0.158921067,-0.433810463
167,207,28,28,LAL,Tony Bradley,UNC,4,112,1412,610,532,62,0.649,0.429,0.676,12.6,5.4,4.8,0.6,6.1,0.208,0.9,1,,,,11.76,4,2.451513852,0.612878463,0.28897513,0.04182661,0.24714852
168,208,29,29,SAS,Derrick White,Colorado,4,188,4608,2035,603,640,0.452,0.357,0.825,24.5,10.8,3.2,3.4,10.2,0.106,1.1,3.6,,,,6,4,12.67360496,3.168401241,1.803243116,0.862415772,0.940827344
169,209,30,30,UTA,Josh Hart,Villanova,4,242,6280,2111,1313,390,0.432,0.348,0.728,26,8.7,5.4,1.6,11.4,0.087,-0.8,1.9,,,,8.51,4,6.887605537,1.721901384,-0.660720458,-0.816278567,0.155558109
170,210,31,31,CHO,Frank Jackson,Duke,3,160,2704,1256,303,166,0.431,0.348,0.767,16.9,7.9,1.9,1,1.8,0.031,-4.2,-1.5,,,,10.91,3,-0.456117383,-0.152039128,-2.560459705,-0.783638212,-1.776821493
171,211,32,32,PHO,Davon Reed,Miami (FL),2,31,289,75,45,16,0.307,0.31,0.667,9.3,2.4,1.5,0.5,-0.2,-0.039,-6.3,-0.3,,,,8.24,2,0.304223551,0.152111775,-0.726248835,-0.876351886,0.150103051
172,213,34,34,SAC,Frank Mason,Kansas,4,103,1616,695,204,272,0.396,0.301,0.755,15.7,6.7,2,2.6,1.2,0.035,-2.7,-0.3,,,,11.74,4,1.143232331,0.285808083,-1.241039437,-0.318181413,-0.922858024
173,214,35,35,ORL,Ivan Rabb,California,2,85,1237,485,364,86,0.555,0.2,0.743,14.6,5.7,4.3,1,3.2,0.125,-1.7,0.1,,,,7.1,2,0.827810937,0.413905469,-1.296534386,-1.088458037,-0.208076349
174,216,37,37,BOS,Semi Ojeleye,SMU,4,254,3705,877,539,117,0.394,0.349,0.701,14.6,3.5,2.1,0.5,5,0.064,-3.3,-1.2,,,,,4,-2.018312556,-0.504578139,-3.140905118,-2.491569698,-0.649335419
175,217,38,38,CHI,Jordan Bell,Oregon,4,160,1935,593,496,201,0.552,0.2,0.636,12.1,3.7,3.1,1.3,4.9,0.121,0.2,1.1,,,,8.23,4,3.246958624,0.811739656,0.204976496,-0.709518436,0.914494933
176,218,39,39,PHI,Jawun Evans,Oklahoma State,2,56,843,237,96,110,0.345,0.263,0.776,15.1,4.2,1.7,2,-0.4,-0.022,-5.4,-0.7,,,,10.51,2,0.079494244,0.039747122,-2.161649157,-1.832909567,-0.32873959
177,219,40,40,NOP,Dwayne Bacon,Florida State,4,207,4012,1503,537,230,0.402,0.314,0.78,19.4,7.3,2.6,1.1,0.8,0.01,-5,-3.1,,,,8.52,4,-2.556824522,-0.639206131,-3.28603143,-2.254005416,-1.032026014
178,220,41,41,ATL,Tyler Dorsey,Oregon,2,104,1672,701,243,135,0.389,0.35,0.669,16.1,6.7,2.3,1.3,1,0.03,-3.1,-0.5,,,,8.51,2,0.835014819,0.41750741,-1.552903157,-0.489636576,-1.063266581
179,221,42,42,UTA,Thomas Bryant,Indiana,4,143,2986,1532,863,196,0.6,0.362,0.748,20.9,10.7,6,1.4,10.5,0.169,1.8,2.8,,,,7.53,4,5.314848123,1.328712031,0.354012725,0.069448704,0.284564022
180,223,44,44,NYK,Damyean Dotson,Oregon,4,211,4221,1590,530,314,0.417,0.346,0.711,20,7.5,2.5,1.5,3,0.034,-2.8,-0.9,,,,,4,-0.397658659,-0.099414665,-2.448968218,-1.336849495,-1.112118722
181,224,45,45,HOU,Dillon Brooks,Oregon,4,240,6789,3365,727,458,0.42,0.353,0.79,28.3,14,3,1.9,3.7,0.026,-4.1,-3.7,,,,8.23,4,4.808866008,1.202216502,-1.243784381,-0.896327857,-0.347456525
182,225,46,46,PHI,Sterling Brown,SMU,4,215,3806,1271,734,232,0.426,0.374,0.781,17.7,5.9,3.4,1.1,5.8,0.073,-2,0,,,,10.11,4,0.476012807,0.119003202,-2.115965862,-2.038979015,-0.076986848
183,226,47,47,IND,Ike Anigbogu,UCLA,2,14,36,13,12,1,0.333,,0.833,2.6,0.9,0.9,0.1,0,0.057,-1.1,0,,,,6.39,2,0.035558896,0.017779448,-0.819946444,-0.137300329,-0.682646115
184,227,48,48,MIL,Sindarius Thornwell,South Carolina,4,160,1721,401,206,111,0.407,0.34,0.672,10.8,2.5,1.3,0.7,1.1,0.032,-3.1,-0.5,,,,7.8,4,1.222216394,0.305554099,-1.238710676,-2.219027299,0.980316623
185,230,51,51,DEN,Monte Morris,Iowa State,4,205,4827,2002,429,709,0.479,0.393,0.816,23.5,9.8,2.1,3.5,13.1,0.13,0.4,2.9,,,,10.28,4,6.848337268,1.712084317,-0.182945488,0.688509705,-0.871455193
186,231,52,52,NOP,Edmond Sumner,Xavier,4,108,1520,619,165,114,0.474,0.333,0.728,14.1,5.7,1.5,1.1,1.9,0.061,-3.2,-0.5,,,,9.81,4,-0.036413983,-0.009103496,-2.340235603,-1.16004507,-1.180190533
187,232,53,53,BOS,Kadeem Allen,Arizona,3,47,640,258,71,109,0.435,0.349,0.757,13.6,5.5,1.5,2.3,1,0.075,-1,0.2,,,,7.43,3,0.791342434,0.263780811,-0.452392029,0.02076619,-0.473158219
188,233,54,54,PHO,Alec Peters,Valparaiso,1,20,225,82,37,12,0.378,0.31,0.8,11.3,4.1,1.9,0.6,0.3,0.055,-2.8,0,,,,-0.95,1,0.415765508,0.415765508,0.456044322,0.704129573,-0.248085252
189,234,55,55,UTA,Nigel Williams-Goss,Gonzaga,1,10,50,14,6,6,0.313,0.286,1,5,1.4,0.6,0.6,0,0.017,-3.9,0,,,,,1,0.065056387,0.065056387,-0.349285267,-0.167105788,-0.182179479
190,235,56,56,BOS,Jabari Bird,California,1,13,115,39,19,8,0.577,0.429,0.462,8.8,3,1.5,0.6,0.2,0.098,-3.1,0,,,,6.95,1,0.125403447,0.125403447,-0.663017601,-0.227134317,-0.435883284
191,238,59,59,SAS,Jaron Blossomgame,Clemson,1,27,439,114,98,13,0.443,0.256,0.769,16.3,4.2,3.6,0.5,0.3,0.03,-3.8,-0.2,,,,7.5,1,0.300325533,0.300325533,-1.275219571,-1.498421746,0.223202174
192,240,1,1,PHI,Ben Simmons,LSU,4,275,9326,4382,2217,2127,0.56,0.147,0.597,33.9,15.9,8.1,7.7,30.4,0.156,3.7,13.4,,,,7,4,25.46515761,6.366289402,1.772569892,0.61526198,1.157307912
193,241,2,2,LAL,Brandon Ingram,Duke,5,313,10211,5566,1576,1105,0.461,0.367,0.756,32.6,17.8,5,3.5,14.8,0.07,-0.7,3.4,,,,10.59,5,12.47854174,2.495708349,-0.477488491,0.180360112,-0.657848603
194,242,3,3,BOS,Jaylen Brown,California,5,337,9339,5085,1590,591,0.473,0.378,0.699,27.7,15.1,4.7,1.8,18.7,0.096,-0.4,3.9,,,,7.87,5,14.27187477,2.854374953,-0.021099969,-0.177383224,0.156283255
195,244,5,5,MIN,Kris Dunn,Providence,5,231,5561,1889,766,950,0.42,0.305,0.727,24.1,8.2,3.3,4.1,3.7,0.032,-1.9,0.1,,,,8.09,5,5.917514405,1.183502881,-0.710874594,-1.445960649,0.735086056
196,245,6,6,NOP,Buddy Hield,Oklahoma,5,387,11176,6198,1650,951,0.435,0.406,0.863,28.9,16,4.3,2.5,15.2,0.065,0.4,6.7,,,,9.28,5,10.785441,2.157088201,-0.862611877,0.582817346,-1.445429224
197,246,7,7,DEN,Jamal Murray,Kentucky,5,345,10384,5639,1258,1322,0.446,0.367,0.878,30.1,16.3,3.6,3.8,20.8,0.096,0.2,5.9,,,,8.84,5,20.04584976,4.009169952,0.577312514,1.34933449,-0.772021977
198,247,8,8,SAC,Marquese Chriss,Washington,5,258,4992,2052,1263,281,0.455,0.289,0.667,19.3,8,4.9,1.1,5.7,0.055,-2.3,-0.4,,,,8.12,5,5.795938921,1.159187784,-0.565596181,-1.294148146,0.728551966
199,248,9,9,TOR,Jakob Poeltl,Utah,5,348,6439,2120,1890,412,0.632,0.5,0.528,18.5,6.1,5.4,1.2,22,0.164,0.8,4.6,,,,8.1,5,14.87856711,2.975713422,1.148483233,-0.48694623,1.635429463
200,250,11,11,ORL,Domantas Sabonis,Gonzaga,5,353,9670,4790,3063,1170,0.525,0.321,0.725,27.4,13.6,8.7,3.3,27.5,0.137,1.3,8,,,,4.67,5,19.48128935,3.896257869,0.705193112,-0.243922365,0.949115477
201,251,12,12,UTA,Taurean Prince,Baylor,5,301,7759,3397,1268,579,0.411,0.37,0.823,25.8,11.3,4.2,1.9,6.1,0.038,-1.9,0.1,,,,9.08,5,6.725341145,1.345068229,-1.004398073,-0.941653904,-0.062744169
202,253,14,14,CHI,Denzel Valentine,Michigan State,4,232,4595,1726,815,455,0.394,0.357,0.787,19.8,7.4,3.5,2,4.3,0.045,-1.9,0.1,,,,9.21,4,2.225293989,0.556323497,-1.577090582,-1.230388177,-0.346702405
203,256,17,17,MEM,Wade Baldwin,Vanderbilt,3,56,579,174,69,78,0.355,0.25,0.776,10.3,3.1,1.2,1.4,-0.3,-0.028,-5.3,-0.5,,,,7.45,3,-0.217571219,-0.07252374,-2.890020969,-2.390745646,-0.499275323
204,257,18,18,DET,Henry Ellenson,Marquette,5,83,787,342,206,49,0.371,0.336,0.773,9.5,4.1,2.5,0.6,0.4,0.023,-3.7,-0.3,,,,5.57,5,0.85538185,0.17107637,-0.677304425,-0.424133819,-0.253170605
205,258,19,19,DEN,Malik Beasley,Florida State,5,257,5050,2535,598,302,0.446,0.391,0.816,19.6,9.9,2.3,1.2,7.6,0.072,-1.1,1.2,,,,8.16,5,3.27426229,0.654852458,-1.328731559,-0.138739275,-1.189992284
206,259,20,20,IND,Caris LeVert,Michigan,5,260,6980,3663,1002,1009,0.435,0.336,0.732,26.8,14.1,3.9,3.9,9.7,0.066,-0.4,2.7,,,,9.3,5,8.96961012,1.793922024,-0.38102676,0.387176147,-0.768202907
207,260,21,21,ATL,DeAndre' Bembry,Saint Joseph's,5,240,4644,1466,787,467,0.459,0.268,0.612,19.4,6.1,3.3,1.9,2.2,0.023,-2.7,-0.8,,,,4.2,5,2.558940945,0.511788189,-1.476184938,-1.719901397,0.243716459
208,261,22,22,CHO,Malachi Richardson,Syracuse,3,70,625,198,70,24,0.358,0.301,0.783,8.9,2.8,1,0.3,-0.1,-0.009,-6.1,-0.7,,,,9.75,3,0.407372422,0.135790807,-1.323131893,-1.009950187,-0.313181705
209,264,25,25,LAC,Brice Johnson,UNC,2,21,107,47,34,3,0.449,0,0.6,5.1,2.2,1.6,0.1,0.1,0.062,-0.6,0,,,,9.72,2,0.135457945,0.067728973,-0.412261032,-0.278740325,-0.133520707
210,266,27,27,TOR,Pascal Siakam,New Mexico State,5,332,9202,4739,1942,881,0.488,0.325,0.782,27.7,14.3,5.8,2.7,25.2,0.131,1.2,7.4,,,,-3.6,5,23.64005736,4.728011473,1.532898167,0.497225504,1.035672662
211,267,28,28,PHO,Skal Labissiere,Kentucky,4,148,2595,1069,662,152,0.492,0.353,0.748,17.5,7.2,4.5,1,4.4,0.081,-2.3,-0.2,,,,8.84,4,2.340192546,0.585048136,-0.950969605,-1.0467808,0.095811194
212,268,29,29,SAS,Dejounte Murray,Washington,4,252,5891,2555,1357,913,0.452,0.332,0.758,23.4,10.1,5.4,3.6,9.1,0.074,0.2,3.3,,,,8.12,4,13.37586519,3.343966298,1.08694173,-0.26635332,1.35329505
213,269,30,30,GSW,Damian Jones,Vanderbilt,5,143,2018,663,439,94,0.669,0.214,0.691,14.1,4.6,3.1,0.7,5.9,0.141,-1.5,0.3,,,,7.13,5,1.20838455,0.24167691,-1.40217062,-1.523562841,0.121392221
214,270,31,31,BOS,Deyonta Davis,Michigan State,3,107,1299,454,346,47,0.599,0,0.635,12.1,4.2,3.2,0.4,3.6,0.131,-2.1,0,,,,6.94,3,0.535907516,0.178635839,-1.683957433,-1.216287181,-0.467670252
215,272,33,33,LAC,Cheick Diallo,Kansas,4,180,2155,947,747,78,0.598,0.286,0.772,12,5.3,4.2,0.4,6.3,0.14,-1.3,0.4,,,,11.22,4,2.267155376,0.566788844,-0.726744926,-1.197123908,0.470378983
216,273,34,34,PHO,Tyler Ulis,Kentucky,3,133,2782,998,223,537,0.403,0.28,0.808,20.9,7.5,1.7,4,0.5,0.008,-3.6,-1.1,,,,8.76,3,2.03853882,0.67951294,-1.202535117,-0.394488975,-0.808046142
217,275,36,36,MIL,Malcolm Brogdon,Virginia,5,297,8846,4472,1213,1384,0.466,0.386,0.887,29.8,15.1,4.1,4.7,21.5,0.117,0.8,6.4,,,,7.76,5,17.85168514,3.570337028,0.709638581,1.100509714,-0.390871133
218,276,37,37,HOU,Chinanu Onuaku,Louisville,2,6,74,18,14,4,0.583,,1,12.3,3,2.3,0.7,0.1,0.043,-5.4,-0.1,,,,8.36,2,0.061732795,0.030866397,-1.036818799,-0.468902422,-0.567916377
219,277,38,38,MIL,Patrick McCaw,UNLV,5,199,3373,760,319,270,0.42,0.305,0.785,16.9,3.8,1.6,1.4,4.4,0.062,-2.8,-0.6,,,,3.28,5,-2.043886809,-0.408777362,-3.236979727,-2.392154801,-0.844824926
220,279,40,40,NOP,Diamond Stone,Maryland,1,7,24,10,6,0,0.231,,1,3.4,1.4,0.9,0,-0.1,-0.211,-20.8,-0.1,,,,8.31,1,0.017248784,0.017248784,-1.234490291,-0.653339906,-0.581150384
221,280,41,41,ORL,Stephen Zimmerman Jr.,UNLV,1,19,108,23,35,4,0.323,,0.6,5.7,1.2,1.8,0.2,0,-0.005,-8.3,-0.2,,,,3.17,1,0.123595319,0.123595319,-0.585747364,-0.739682486,0.153935122
222,281,42,42,UTA,Isaiah Whitehead,Seton Hall,2,89,1823,643,210,212,0.411,0.305,0.788,20.5,7.2,2.4,2.4,-0.9,-0.025,-5,-1.4,,,,7.92,2,0.661264624,0.330632312,-1.756336801,-1.536833491,-0.21950331
223,284,45,45,BOS,Demetrius Jackson,Notre Dame,3,26,136,48,19,17,0.486,0.286,0.667,5.2,1.8,0.7,0.7,0.2,0.087,-0.5,0.1,,,,7.79,3,0.131274007,0.043758002,-0.860333789,-0.31617708,-0.544156709
224,285,46,46,DAL,AJ Hammons,Purdue,1,22,163,48,36,4,0.405,0.5,0.45,7.4,2.2,1.6,0.2,0,-0.001,-6.6,-0.2,,,,7.64,1,0.17621639,0.17621639,-0.685891137,-1.300763577,0.61487244
225,286,47,47,ORL,Jake Layman,Maryland,5,209,2868,1094,381,118,0.464,0.306,0.719,13.7,5.2,1.8,0.6,3.7,0.062,-2.3,-0.2,,,,7.17,5,2.091969794,0.418393959,-1.207449065,-1.206603644,-0.000845421
226,288,49,49,DET,Michael Gbinije,Syracuse,1,9,32,4,3,2,0.1,0,1,3.6,0.4,0.3,0.2,-0.1,-0.136,-12.1,-0.1,,,,,1,0.046896282,0.046896282,-0.081958676,-0.18611952,0.104160844
227,289,50,50,IND,Georges Niang,Iowa State,5,229,2718,1157,416,146,0.437,0.404,0.867,11.9,5.1,1.8,0.6,5.4,0.094,-0.6,1,,,,8.83,5,2.773053453,0.554610691,-0.776290479,-0.207042725,-0.569247754
228,290,51,51,BOS,Ben Bentil,Providence,1,3,10,0,2,0,0,0,,3.3,0,0.7,0,-0.1,-0.473,-25.9,-0.1,,,,8.98,1,0.013164451,0.013164451,-0.307716163,-0.294635301,-0.013080862
229,291,52,52,UTA,Joel Bolomboy,Weber State,2,18,91,31,27,2,0.545,0.2,0.5,5.1,1.7,1.5,0.1,0.3,0.132,-0.1,0,,,,-4.62,2,0.120180847,0.060090423,-0.310401249,-0.137845559,-0.172555691
230,293,54,54,ATL,Kay Felder,Oakland,2,58,526,223,59,78,0.364,0.268,0.754,9.1,3.8,1,1.3,-0.4,-0.041,-4.7,-0.4,,,,0.81,2,0.290949695,0.145474848,-1.470171321,-1.366742762,-0.103428559
231,294,55,55,BRK,Marcus Paige,UNC,1,5,28,12,4,3,0.286,0.25,1,5.6,2.4,0.8,0.6,0,-0.006,-8.8,0,,,,9.72,1,0.042340573,0.042340573,-0.04509562,-0.061339821,0.0162442
232,295,56,56,DEN,Daniel Hamilton,UConn,2,25,232,69,52,30,0.394,0.357,0.5,9.3,2.8,2.1,1.2,0,0,-3.3,-0.1,,,,5.25,2,0.191160788,0.095580394,-1.065753698,-0.962707771,-0.103045927
233,297,58,58,BOS,Abdel Nader,Iowa State,4,188,2438,892,349,103,0.432,0.36,0.725,13,4.7,1.9,0.5,2.8,0.055,-2.5,-0.3,,,,,4,-1.162822673,-0.290705668,-3.038873569,-2.484536868,-0.5543367
234,299,60,60,UTA,Tyrone Wallace,California,3,106,1639,549,228,126,0.425,0.203,0.671,15.5,5.2,2.2,1.2,0.2,0.006,-5.1,-1.3,,,,7.31,3,0.33863089,0.112876963,-1.992489275,-1.443506009,-0.548983266
235,300,1,1,MIN,Karl-Anthony Towns,Kentucky,6,408,13996,9352,4738,1217,0.527,0.394,0.835,34.3,22.9,11.6,3,55.8,0.191,4.8,23.8,,,,8.67,6,51.07647717,8.512746194,3.185428586,2.875617317,0.309811269
236,301,2,2,LAL,D'Angelo Russell,Ohio State,6,359,10400,6328,1287,1910,0.421,0.36,0.771,29,17.6,3.6,5.3,10,0.046,0.4,6.4,,,,7.37,6,12.53912355,2.089853925,-0.505473598,0.933717955,-1.439191553
237,302,3,3,PHI,Jahlil Okafor,Duke,6,247,4827,2566,1169,225,0.542,0.222,0.676,19.5,10.4,4.7,0.9,7.2,0.071,-2.1,-0.1,,,,9.87,6,0.909762237,0.151627039,-2.027227866,-1.797223346,-0.23000452
238,305,6,6,SAC,Willie Cauley-Stein,Kentucky,6,402,9093,3641,2430,588,0.545,0.167,0.612,22.6,9.1,6,1.5,23.1,0.122,-0.1,4.4,,,,8.12,6,15.15318721,2.525531201,0.186673596,-1.049192406,1.235866002
239,307,8,8,DET,Stanley Johnson,Arizona,6,371,7316,2312,1154,532,0.375,0.298,0.761,19.7,6.2,3.1,1.4,4.4,0.029,-2.8,-1.5,,,,7.41,6,4.888163983,0.814693997,-1.30040542,-1.966654363,0.666248943
240,308,9,9,CHO,Frank Kaminsky,Wisconsin,6,368,7744,3446,1486,606,0.427,0.348,0.739,21,9.4,4,1.6,14.4,0.089,-0.5,3,,,,9.61,6,8.479785295,1.413297549,-0.663396991,-0.04069791,-0.62269908
241,309,10,10,MIA,Justise Winslow,Duke,6,267,7355,2359,1413,707,0.411,0.324,0.64,27.5,8.8,5.3,2.6,7,0.046,-2.1,-0.2,,,,9.87,6,9.760983997,1.626830666,-0.319465341,-1.408875834,1.089410493
242,310,11,11,IND,Myles Turner,Texas,6,389,11144,4945,2582,469,0.487,0.352,0.77,28.6,12.7,6.6,1.2,29.7,0.128,0.5,7.1,,,,9.07,6,25.59607844,4.266013073,1.125293172,-1.316238604,2.441531777
243,311,12,12,UTA,Trey Lyles,Kentucky,6,374,6680,2717,1574,389,0.435,0.341,0.705,17.9,7.3,4.2,1,10.9,0.079,-1.2,1.3,,,,8.67,6,7.924548378,1.320758063,-0.530478925,-0.362583462,-0.167895463
244,312,13,13,PHO,Devin Booker,Kentucky,6,409,13727,9395,1523,1899,0.455,0.352,0.87,33.6,23,3.7,4.6,22.3,0.078,-0.1,6.4,,,,5.58,6,18.21418753,3.035697922,-0.322877948,1.731955521,-2.054833469
245,313,14,14,OKC,Cameron Payne,Murray State,6,221,3716,1506,449,623,0.426,0.372,0.822,16.8,6.8,2,2.8,6.3,0.081,-0.7,1.3,,,,-3.19,6,3.923703438,0.653950573,-0.723254191,-0.312760544,-0.410493647
246,315,16,16,BOS,Terry Rozier,Louisville,6,404,9980,4631,1551,1183,0.41,0.376,0.814,24.7,11.5,3.8,2.9,18.1,0.087,0.3,5.8,,,,6.89,6,9.944250311,1.657375052,-0.817081171,-0.105646996,-0.711434174
247,316,17,17,MIL,Rashad Vaughn,UNLV,3,139,1671,423,158,75,0.337,0.313,0.692,12,3,1.1,0.5,-0.6,-0.017,-4.7,-1.2,,,,3.38,3,-0.335559843,-0.111853281,-2.611095222,-1.770208961,-0.840886261
248,317,18,18,HOU,Sam Dekker,Wisconsin,4,200,3096,1094,607,160,0.478,0.288,0.606,15.5,5.5,3,0.8,5.4,0.083,-1.4,0.5,,,,10.07,4,2.524171224,0.631042806,-1.080551185,-0.521514045,-0.55903714
249,318,19,19,WAS,Jerian Grant,Notre Dame,5,279,4998,1692,530,805,0.411,0.323,0.77,17.9,6.1,1.9,2.9,8.3,0.08,-1.6,0.5,,,,6.88,5,4.160199167,0.832039833,-1.055646861,-0.773613225,-0.282033636
250,319,20,20,TOR,Delon Wright,Utah,6,334,7125,2610,1098,1058,0.453,0.35,0.792,21.3,7.8,3.3,3.2,19.2,0.129,2.1,7.3,,,,6.82,6,14.06884763,2.344807938,0.64307641,0.383228871,0.259847539
251,320,21,21,DAL,Justin Anderson,Virginia,5,226,2964,1182,575,151,0.413,0.296,0.774,13.1,5.2,2.5,0.7,4.6,0.074,-1.4,0.5,,,,6.64,5,2.947723872,0.589544774,-0.814051518,-0.252020511,-0.562031006
252,321,22,22,CHI,Bobby Portis,Arkansas,6,381,7809,3969,2338,451,0.468,0.38,0.752,20.5,10.4,6.1,1.2,15.6,0.096,-0.8,2.3,,,,6.18,6,7.263164444,1.210527407,-0.910723381,-0.104277889,-0.806445492
253,322,23,23,POR,Rondae Hollis-Jefferson,Arizona,6,305,6759,2760,1684,579,0.449,0.212,0.735,22.2,9,5.5,1.9,12.9,0.091,-0.7,2.3,,,,8.23,6,10.73318757,1.788864596,0.068587377,-0.851353264,0.919940641
254,323,24,24,CLE,Tyus Jones,Duke,6,382,6828,2175,623,1367,0.431,0.34,0.818,17.9,5.7,1.6,3.6,14.2,0.1,0,3.5,,,,9.87,6,12.85514036,2.142523393,0.507488177,0.545688513,-0.038200336
255,324,25,25,MEM,Jarell Martin,LSU,4,184,2927,998,639,114,0.434,0.346,0.766,15.9,5.4,3.5,0.6,3.2,0.053,-4.3,-1.7,,,,6.12,4,0.488981565,0.122245391,-2.053377609,-2.146686929,0.093309319
256,326,27,27,LAL,Larry Nance Jr.,Wyoming,6,350,8487,2889,2329,666,0.529,0.333,0.687,24.2,8.3,6.7,1.9,22.2,0.125,1.2,6.8,,,,2.08,6,15.75374349,2.625623915,0.467582714,-0.629146597,1.096729312
257,327,28,28,BOS,RJ Hunter,Georgia State University,4,45,395,133,46,19,0.371,0.295,0.818,8.8,3,1,0.4,0.4,0.051,-2,0,,,,-2.33,4,0.192300106,0.048075027,-1.570293003,-1.366477315,-0.203815688
258,328,29,29,BRK,Chris McCullough,Syracuse,3,59,532,194,112,15,0.426,0.306,0.548,9,3.3,1.9,0.3,0.6,0.054,-2.5,-0.1,,,,7.68,3,0.511942728,0.170647576,-0.862770095,-0.857085549,-0.005684545
259,329,30,30,GSW,Kevon Looney,UCLA,6,285,4282,1230,1154,333,0.566,0.175,0.609,15,4.3,4,1.2,13.7,0.153,-0.8,1.3,,,,8.27,6,6.675294762,1.112549127,0.025327166,-0.607373157,0.632700324
260,331,32,32,HOU,Montrezl Harrell,Louisville,6,387,8223,4968,1998,497,0.616,0.083,0.65,21.2,12.8,5.2,1.3,33.4,0.195,2.6,9.6,,,,7.64,6,17.7094087,2.951568117,0.91175963,0.900168223,0.011591407
261,332,33,33,BOS,Jordan Mickey,LSU,3,64,482,152,128,17,0.449,0.118,0.605,7.5,2.4,2,0.3,0.5,0.05,-4.8,-0.3,,,,6.12,3,0.45565801,0.151886003,-0.886502735,-1.269304701,0.382801966
262,333,34,34,LAL,Anthony Brown,Stanford,3,41,762,161,103,28,0.328,0.286,0.85,18.6,3.9,2.5,0.7,-0.2,-0.016,-5.1,-0.6,,,,7.55,3,0.314377635,0.104792545,-1.681582862,-1.322030677,-0.359552186
263,335,36,36,MIN,Rakeem Christmas,Syracuse,2,30,225,63,57,4,0.467,,0.724,7.5,2.1,1.9,0.1,0.5,0.105,-4.7,-0.2,,,,7.88,2,0.085277974,0.042638987,-1.733140463,-1.319827627,-0.413312837
264,336,37,37,PHI,Richaun Holmes,Bowling Green,6,331,6849,3137,1850,355,0.597,0.252,0.741,20.7,9.5,5.6,1.1,23.4,0.164,0.5,4.3,,,,-1.07,6,15.5119391,2.585323184,1.079762115,0.237075075,0.84268704
265,337,38,38,DET,Darrun Hilliard,Villanova,3,91,859,295,85,71,0.377,0.304,0.747,9.4,3.2,0.9,0.8,0.3,0.016,-4.7,-0.6,,,,7.8,3,0.399318543,0.133106181,-1.605319753,-1.346629397,-0.258690356
266,339,40,40,MIA,Josh Richardson,Tennessee,6,373,11432,4604,1192,1057,0.427,0.358,0.832,30.6,12.3,3.2,2.8,20.3,0.085,-0.6,4.1,,,,7.15,6,16.91724565,2.819540942,-0.092018376,-0.49589735,0.403878974
267,340,41,41,BRK,Pat Connaughton,Notre Dame,6,352,6026,1824,1119,439,0.441,0.353,0.787,17.1,5.2,3.2,1.2,13.7,0.109,-0.4,2.4,,,,6.88,6,8.418427615,1.403071269,-0.215920869,-0.216873542,0.000952673
268,342,43,43,IND,Joe Young,Oregon,3,127,1077,429,130,119,0.393,0.296,0.768,8.5,3.4,1,0.9,0.4,0.016,-4.1,-0.6,,,,3.04,3,-0.14031859,-0.046772863,-2.51283556,-0.871982134,-1.640853427
269,343,44,44,PHO,Andrew Harrison,Kentucky,3,145,2987,1012,287,399,0.373,0.294,0.779,20.6,7,2,2.8,3.2,0.051,-2.8,-0.6,,,,9.28,3,2.638440968,0.879480323,-0.977641259,-1.090600405,0.112959146
270,344,45,45,BOS,Marcus Thornton,William & Mary,,,,,,,,,,,,,,,,,,,,,4.46,8,9.889282102,1.236160263,-0.99523785,0.759301547,-1.754539397
271,345,46,46,MIL,Norman Powell,UCLA,6,376,7965,3923,943,529,0.463,0.377,0.837,21.2,10.4,2.5,1.4,16.7,0.101,-0.2,3.6,,,,7.25,6,6.277442661,1.046240444,-1.121154458,-0.446578879,-0.674575579
272,347,48,48,OKC,Dakari Johnson,Kentucky,1,31,161,55,34,8,0.564,,0.55,5.2,1.8,1.1,0.3,0.6,0.178,-0.3,0.1,,,,9.28,1,0.190765356,0.190765356,-0.533451481,-0.736671433,0.203219952
273,355,56,56,NOP,Branden Dawson,Michigan State,1,6,29,5,4,0,0.4,,1,4.8,0.8,0.7,0,0,0.069,-5.7,0,,,,9.93,1,0.015829277,0.015829277,-1.477756119,-0.447771058,-1.029985061
274,360,1,1,CLE,Anthony Bennett,UNLV,4,151,1905,658,472,77,0.392,0.261,0.67,12.6,4.4,3.1,0.5,0.5,0.013,-4.8,-1.3,,,,5.71,4,-0.316741731,-0.079185433,-2.564908971,-1.748532348,-0.816376623
275,361,2,2,ORL,Victor Oladipo,Indiana,8,454,14968,7955,2094,1796,0.438,0.347,0.791,33,17.5,4.6,4,24.6,0.079,0.9,10.9,,,,7.94,8,33.86076336,4.23259542,1.088450215,0.37599066,0.712459556
276,363,4,4,CHA,Cody Zeller,Indiana,8,467,10618,4062,2824,669,0.518,0.227,0.729,22.7,8.7,6,1.4,31,0.14,-0.5,4.1,,,,8.09,8,19.61690155,2.452112693,0.454401482,-0.544448182,0.998849663
277,364,5,5,PHO,Alex Len,Maryland,8,531,10149,4136,3180,444,0.506,0.332,0.685,19.1,7.8,6,0.8,20.7,0.098,-1.9,0.2,,,,5.32,8,10.90614236,1.363267795,-0.697897251,-1.773497661,1.07560041
278,365,6,6,NOH,Nerlens Noel,Kentucky,7,425,9524,3218,2648,468,0.549,0.2,0.653,22.4,7.6,6.2,1.1,26.8,0.135,0.9,7,,,,5.78,7,13.74038167,1.962911668,-0.146019108,-2.652138161,2.506119052
279,366,7,7,SAC,Ben McLemore,Kansas,8,492,11249,4360,1166,504,0.416,0.363,0.776,22.9,8.9,2.4,1,8.2,0.035,-3.1,-3,,,,7.54,8,5.57829482,0.697286852,-1.561279602,-0.764094294,-0.797185308
280,367,8,8,DET,Kentavious Caldwell-Pope,Georgia,8,606,17645,6893,1887,1005,0.419,0.355,0.803,29.1,11.4,3.1,1.7,31.8,0.087,-0.7,5.6,,,,7.02,8,26.3420612,3.29275765,-0.072361573,0.216475767,-0.28883734
281,368,9,9,MIN,Trey Burke,Michigan,8,456,9960,4578,845,1465,0.411,0.346,0.808,21.8,10,1.9,3.2,12.9,0.062,-1.2,2,,,,9.51,8,7.810795203,0.9763494,-1.132815783,0.689583119,-1.822398902
282,369,10,10,POR,CJ McCollum,Lehigh,8,528,16479,9971,1772,1729,0.455,0.398,0.826,31.2,18.9,3.4,3.3,36.7,0.107,1.2,13.3,,,,-5.41,8,36.30664906,4.538331133,0.983653217,1.597368852,-0.613715634
283,370,11,11,PHI,Michael Carter-Williams,Syracuse,8,391,9898,4023,1713,1701,0.402,0.255,0.706,25.3,10.3,4.4,4.4,6.6,0.032,-1.2,1.9,,,,8.29,8,14.27419397,1.784274246,-0.147940967,-0.76582565,0.617884683
284,371,12,12,OKC,Steven Adams,Pitt,8,588,15812,5629,4543,726,0.591,0.077,0.548,26.9,9.6,7.7,1.2,49.1,0.149,0.3,9.1,,,,5.63,8,34.03312113,4.254140141,0.908274059,-0.225978599,1.134252659
285,372,13,13,DAL,Kelly Olynyk,Gonzaga,8,570,12644,5781,2910,1137,0.478,0.367,0.783,22.2,10.1,5.1,2,33.6,0.128,0.9,9,,,,4,8,25.06494914,3.133118642,0.656978559,0.066636498,0.590342061
286,373,14,14,UTA,Shabazz Muhammad,UCLA,5,278,4772,2504,770,151,0.473,0.319,0.751,17.2,9,2.8,0.5,8.5,0.085,-2,0,,,,7.82,5,0.033264435,0.006652887,-2.296599022,0.273202977,-2.569801999
287,377,18,18,ATL,Shane Larkin,Miami (FL),4,256,4880,1399,490,737,0.422,0.336,0.777,19.1,5.5,1.9,2.9,4.4,0.044,-2.4,-0.6,,,,7.03,4,0.224913946,0.056228486,-2.235816655,-1.583354829,-0.652461826
288,379,20,20,CHI,Tony Snell,New Mexico,8,548,12270,3485,1268,641,0.433,0.397,0.844,22.4,6.4,2.3,1.2,18.1,0.071,-1.9,0.3,,,,4.95,8,1.304278162,0.16303477,-2.14647821,-1.358564001,-0.787914209
289,380,21,21,UTA,Gorgui Dieng,Louisville,8,553,11896,4316,3306,750,0.501,0.357,0.793,21.5,7.8,6,1.4,29.5,0.119,0.3,6.9,,,,8.78,8,17.99792095,2.249740118,-0.043251577,-1.210779339,1.167527762
290,381,22,22,BRK,Mason Plumlee,Duke,8,588,12976,5007,3813,1385,0.579,0.051,0.572,22.1,8.5,6.5,2.4,39.5,0.146,1.4,11.3,,,,8.87,8,26.11091834,3.263864793,0.700341528,-0.362236076,1.062577605
291,382,23,23,IND,Solomon Hill,Arizona,8,435,9513,2445,1376,650,0.39,0.333,0.797,21.9,5.6,3.2,1.5,11.9,0.06,-2.2,-0.4,,,,7.05,8,4.592257519,0.57403219,-1.581391669,-1.272583239,-0.30880843
292,383,24,24,NYK,Tim Hardaway Jr.,Michigan,8,544,14592,7551,1494,1003,0.425,0.36,0.816,26.8,13.9,2.7,1.8,23.8,0.078,-0.9,4.1,,,,9.9,8,15.66310856,1.95788857,-0.701969167,0.63368451,-1.335653676
293,384,25,25,LAC,Reggie Bullock,UNC,8,366,7873,2799,854,441,0.433,0.392,0.844,21.5,7.6,2.3,1.2,14.9,0.091,-0.6,2.7,,,,8.41,8,4.517379159,0.564672395,-1.441460891,-0.951313942,-0.490146949
294,385,26,26,MIN,Andre Roberson,Colorado,7,307,6801,1382,1230,265,0.473,0.253,0.468,22.2,4.5,4,0.9,12.6,0.089,-0.6,2.3,,,,6.43,7,12.33865726,1.762665323,0.403835419,-1.312953317,1.716788736
295,388,29,29,OKC,Archie Goodwin,Kentucky,4,165,2396,1040,331,206,0.429,0.236,0.7,14.5,6.3,2,1.2,1.1,0.022,-3,-0.6,,,,5.78,4,-0.060702232,-0.015175558,-2.34926197,-1.01987099,-1.329390979
296,390,31,31,CLE,Allen Crabbe,California,7,381,9125,3453,1073,434,0.425,0.387,0.831,24,9.1,2.8,1.1,13.7,0.072,-1.6,0.9,,,,7.16,7,3.392495206,0.484642172,-1.746591556,-0.724068845,-1.022522711
297,392,33,33,CLE,Carrick Felix,Arizona State,1,7,38,19,6,4,0.5,0.4,0.75,5.4,2.7,0.9,0.6,0,0.057,-3.4,0,,,,5.37,1,0.068257829,0.068257829,0.370704344,0.063934977,0.306769367
298,393,34,34,HOU,Isaiah Canaan,Murray State,6,235,4799,1913,438,454,0.371,0.351,0.836,20.4,8.1,1.9,1.9,4.3,0.043,-2.4,-0.5,,,,-3.56,6,0.07780672,0.012967787,-2.288676837,-0.947100128,-1.341576709
299,395,36,36,SAC,Ray McCallum,Detroit Mercy,3,154,2808,920,306,368,0.408,0.335,0.711,18.2,6,2,2.4,2.1,0.035,-2.6,-0.4,,,,0.84,3,0.780808643,0.260269548,-1.88430069,-0.316971693,-1.567328997
300,396,37,37,DET,Tony Mitchell,University of North Texas,1,21,79,22,26,2,0.417,1,0.579,3.8,1,1.2,0.1,0.2,0.151,0.4,0,,,,-2.64,2,0.143556487,0.071778244,0.109074428,-0.054869027,0.163943455
301,397,38,38,WAS,Nate Wolters,South Dakota State,3,84,1575,461,185,209,0.423,0.261,0.635,18.8,5.5,2.2,2.5,0.9,0.028,-2.6,-0.2,,,,-3.55,3,1.871316151,0.62377205,-0.524647977,-0.780839481,0.256191504
302,398,39,39,POR,Jeff Withey,Kansas,5,206,2072,666,518,64,0.525,0.143,0.716,10.1,3.2,2.5,0.3,6.8,0.157,0.5,1.3,,,,8.34,5,4.507184337,0.901436867,0.941060011,-0.68876007,1.629820081
303,399,40,40,POR,Grant Jerrett,Arizona,1,8,51,16,9,3,0.269,0.067,1,6.4,2,1.1,0.4,-0.1,-0.128,-10.8,-0.1,,,,7.47,1,0.071228632,0.071228632,-0.212346688,0.325244685,-0.537591374
304,400,41,41,MEM,Jamaal Franklin,San Diego State,2,24,174,42,25,9,0.415,0.462,1,7.3,1.8,1,0.4,0,-0.006,-5.9,-0.2,,,,5.45,2,0.119491502,0.059745751,-1.275317549,-1.151336661,-0.123980888
305,401,42,42,PHI,Pierre Jackson,Baylor,1,8,84,35,9,19,0.333,0.273,0.857,10.5,4.4,1.1,2.4,0,0.021,-4.4,-0.1,,,,7.58,1,0.161299584,0.161299584,0.548187338,0.372366164,0.175821174
306,403,44,44,DAL,Mike Muscala,Bucknell,8,389,6102,2322,1242,356,0.458,0.368,0.847,15.7,6,3.2,0.9,14.5,0.114,-0.3,2.7,,,,-3.94,8,7.142150298,0.892768787,-0.551447777,-0.767703719,0.216255941
307,405,46,46,UTA,Erick Green,Virginia Tech,2,52,452,159,37,42,0.377,0.288,0.857,8.7,3.1,0.7,0.8,0.1,0.011,-4,-0.2,,,,5.97,2,-0.055567068,-0.027783534,-2.494417464,-0.662759033,-1.831658431
308,407,48,48,LAL,Ryan Kelly,Duke,4,163,3125,981,504,215,0.378,0.316,0.797,19.2,6,3.1,1.3,3,0.046,-2.6,-0.5,,,,8.87,4,3.287773003,0.821943251,-0.727094946,-0.739235267,0.012140321
309,408,49,49,CHI,Erik Murphy,Florida,1,24,62,6,8,2,0.231,0,,2.6,0.3,0.3,0.1,-0.1,-0.055,-8.6,-0.1,,,,7.22,1,0.037557802,0.037557802,-1.394122893,-0.899367525,-0.494755368
310,411,52,52,MIN,Lorenzo Brown,NC State,5,103,1185,293,151,183,0.364,0.17,0.707,11.5,2.8,1.5,1.8,-0.2,-0.007,-3.5,-0.5,,,,6.92,5,1.199140343,0.239828069,-0.785887459,-0.719921008,-0.065966451
311,415,56,56,DET,Peyton Siva,Louisville,1,24,224,54,14,34,0.316,0.28,0.733,9.3,2.3,0.6,1.4,-0.2,-0.032,-6.4,-0.2,,,,8.58,1,0.130882828,0.130882828,-1.425350563,-0.931938607,-0.493411956
312,420,1,1,NOH,Anthony Davis,Kentucky,9,564,19401,13463,5769,1292,0.514,0.312,0.799,34.4,23.9,10.2,2.3,86.8,0.215,6.2,40,,,,7.93,9,83.81313604,9.312570671,4.260151428,2.297945628,1.9622058
313,421,2,2,CHA,Michael Kidd-Gilchrist,Kentucky,8,446,10978,3750,2420,515,0.474,0.272,0.715,24.6,8.4,5.4,1.2,21,0.092,-1.8,0.6,,,,7.93,8,21.3084278,2.663553475,0.59554824,-1.046467026,1.642015266
314,422,3,3,WAS,Bradley Beal,Florida,9,605,20979,13303,2452,2436,0.456,0.377,0.82,34.7,22,4.1,4,47.4,0.108,1.8,19.9,,,,7.33,9,46.28246874,5.142496527,0.992670226,1.866486504,-0.873816278
315,423,4,4,CLE,Dion Waiters,Syracuse,8,419,11835,5505,1108,1163,0.412,0.346,0.694,28.2,13.1,2.6,2.8,8.8,0.036,-2.1,-0.4,,,,8.4,8,9.259906392,1.157488299,-1.129912713,-0.29489197,-0.835020743
316,424,5,5,SAC,Thomas Robinson,Kansas,5,313,4204,1528,1507,190,0.47,0,0.505,13.4,4.9,4.8,0.6,4.6,0.053,-3.5,-1.6,,,,8.6,5,3.180170299,0.63603406,-1.169317436,-1.229210921,0.059893485
317,425,6,6,POR,Damian Lillard,Weber State,9,682,24779,16815,2856,4514,0.439,0.375,0.893,36.3,24.7,4.2,6.6,92.3,0.179,4.8,42.6,,,,-2.21,9,90.03046232,10.0033847,3.169884963,4.346492296,-1.176607333
318,426,7,7,GSW,Harrison Barnes,UNC,9,670,21176,9301,3385,1190,0.452,0.377,0.8,31.6,13.9,5.1,1.8,38.8,0.088,-1,5.5,,,,8.61,9,23.60661923,2.622957693,-0.636435051,-0.457913584,-0.178521467
319,427,8,8,TOR,Terrence Ross,Washington,9,607,15178,6896,1746,725,0.419,0.367,0.835,25,11.4,2.9,1.2,23.1,0.073,-0.7,5.1,,,,6.51,9,15.93351187,1.770390208,-0.732571606,0.098195324,-0.830766931
320,428,9,9,DET,Andre Drummond,UConn,9,645,19832,9358,8839,872,0.538,0.135,0.47,30.7,14.5,13.7,1.4,62.6,0.152,1.3,16.6,,,,8.07,9,57.64092948,6.40454772,2.045672212,0.201681614,1.843990598
321,429,10,10,NOH,Austin Rivers,Duke,9,588,14362,5338,1245,1348,0.418,0.35,0.646,24.4,9.1,2.1,2.3,12.7,0.043,-3,-3.6,,,,8.4,9,4.847881817,0.538653535,-1.803075184,-0.404897041,-1.398178143
322,430,11,11,POR,Meyers Leonard,Illinois,9,447,7158,2502,1737,395,0.482,0.39,0.809,16,5.6,3.9,0.9,15.5,0.104,-1.4,1,,,,9.55,9,3.020439609,0.335604401,-1.674514968,-1.465060552,-0.209454417
323,431,12,12,HOU,Jeremy Lamb,UConn,9,517,10961,5395,1919,823,0.444,0.344,0.858,21.2,10.4,3.7,1.6,25.5,0.112,0.8,7.6,,,,9.25,9,16.82955818,1.869950909,-0.009205593,0.128433791,-0.137639385
324,432,13,13,PHO,Kendall Marshall,UNC,4,160,3083,802,253,779,0.399,0.37,0.611,19.3,5,1.6,4.9,1,0.015,-3.5,-1.1,,,,8.61,4,2.13164958,0.532912395,-1.268377079,-0.111373917,-1.157003162
325,433,14,14,MIL,John Henson,UNC,8,445,8752,3383,2368,496,0.54,0.25,0.568,19.7,7.6,5.3,1.1,20.7,0.113,-0.4,3.4,,,,9.02,8,11.17659112,1.39707389,-0.396261234,-1.275441521,0.879180288
326,434,15,15,PHI,Maurice Harkless,St. John's,9,574,13156,4042,2086,549,0.475,0.321,0.621,22.9,7,3.6,1,22.5,0.082,-0.7,4.3,,,,6.98,9,12.45859694,1.384288549,-0.886998982,-1.18621619,0.299217208
327,435,16,16,HOU,Royce White,Iowa State,1,3,9,0,0,0,0,,,3,0,0,0,0,-0.121,-16.9,0,,,,7.32,1,0.014057397,0.014057397,0.054337838,-0.003687364,0.058025202
328,436,17,17,DAL,Tyler Zeller,UNC,8,414,7254,2873,1820,367,0.508,0.286,0.764,17.5,6.9,4.4,0.9,17.1,0.113,-2,0,,,,8.85,8,4.240786259,0.530098282,-1.431486617,-1.462590469,0.031103851
329,437,18,18,HOU,Terrence Jones,Kentucky,6,234,5562,2431,1334,238,0.501,0.297,0.621,23.8,10.4,5.7,1,14.7,0.127,0.5,3.6,,,,8.42,6,7.291062188,1.215177031,-0.351576285,-0.42539537,0.073819086
330,438,19,19,ORL,Andrew Nicholson,St. Bonaventure,5,285,4080,1700,857,126,0.467,0.321,0.773,14.3,6,3,0.4,3.8,0.045,-3.6,-1.6,,,,1.35,5,1.398760449,0.27975209,-1.789630028,-1.839991164,0.050361136
331,440,21,21,BOS,Jared Sullinger,Ohio State,5,269,6532,2893,2006,477,0.436,0.272,0.723,24.3,10.8,7.5,1.8,15.3,0.113,-0.4,2.7,,,,8.73,5,12.89572144,2.579144288,0.643913979,-0.088533498,0.732447477
332,441,22,22,BOS,Fab Melo,Syracuse,1,6,36,7,3,0,0.5,,0.25,6,1.2,0.5,0,0,0.021,-7.6,-0.1,,,,8.4,1,0.037404313,0.037404313,-0.745935325,-0.432055517,-0.313879808
333,442,23,23,ATL,John Jenkins,Vanderbilt,6,171,2183,855,250,138,0.441,0.367,0.847,12.8,5,1.5,0.8,3,0.065,-1.9,0.1,,,,7.59,6,0.625489244,0.104248207,-1.872457004,-0.71446354,-1.157993464
334,443,24,24,CLE,Jared Cunningham,Oregon State,4,84,605,197,56,39,0.347,0.306,0.674,7.2,2.3,0.7,0.5,0.2,0.017,-5.7,-0.6,,,,2.12,4,0.240462557,0.060115639,-1.706520036,-1.285841488,-0.420678548
335,444,25,25,MEM,Tony Wroten,Washington,4,145,3076,1604,363,437,0.413,0.231,0.647,21.2,11.1,2.5,3,-1.3,-0.021,-3.4,-1.1,,,,5.27,4,-0.628976205,-0.157244051,-2.620854209,-0.840372457,-1.780481752
336,445,26,26,IND,Miles Plumlee,Duke,7,346,5658,1697,1562,178,0.542,,0.543,16.4,4.9,4.5,0.5,10.6,0.09,-1.9,0.2,,,,8.75,7,4.858318106,0.694045444,-1.017902045,-2.022384365,1.00448232
337,446,27,27,MIA,Arnett Moultrie,Mississippi State,2,59,729,210,180,12,0.547,,0.667,12.4,3.6,3.1,0.2,1.7,0.113,-2.8,-0.1,,,,,2,0.518516253,0.259258127,-1.234013041,-0.763196376,-0.470816665
338,448,29,29,CHI,Marquis Teague,Kentucky,3,91,909,217,90,134,0.343,0.222,0.661,10,2.4,1,1.5,-0.9,-0.045,-6.5,-1,,,,7.93,3,0.123135449,0.04104515,-2.102078991,-1.851025776,-0.251053215
339,449,30,30,GSW,Festus Ezeli,Vanderbilt,3,170,2394,712,725,63,0.513,,0.557,14.1,4.2,4.3,0.4,5.9,0.119,-2,0,,,,6.64,3,2.150587683,0.716862561,-0.958078844,-2.425483225,1.467404381
340,450,31,31,CHA,Jeffery Taylor,Vanderbilt,3,132,2566,807,263,107,0.409,0.319,0.665,19.4,6.1,2,0.8,1.3,0.024,-4.2,-1.5,,,,6.64,3,-1.615164185,-0.538388062,-3.26935681,-2.44987856,-0.819478249
341,452,33,33,CLE,Bernard James,Florida State,3,92,761,203,212,13,0.497,0,0.68,8.3,2.2,2.3,0.1,1.9,0.117,-1.8,0,,,,7.04,3,0.856704899,0.2855683,-0.617649376,-1.424114369,0.806464993
342,453,34,34,CLE,Jae Crowder,Marquette,9,668,16676,6424,2787,1058,0.419,0.346,0.777,25,9.6,4.2,1.6,35.9,0.103,0.2,9.3,,,,8,9,33.40174894,3.711305437,0.68682539,0.302854247,0.383971144
343,454,35,35,GSW,Draymond Green,Michigan State,9,639,18183,5614,4415,3413,0.436,0.316,0.715,28.5,8.8,6.9,5.3,49,0.129,2.6,21.3,,,,9.76,9,66.58102978,7.397892198,3.235730755,0.223936378,3.011794377
344,455,36,36,SAC,Orlando Johnson,UC Santa Barbara,3,103,1112,329,180,69,0.358,0.311,0.727,10.8,3.2,1.7,0.7,1.4,0.059,-2.4,-0.1,,,,,3,0.590121966,0.196707322,-1.506672979,-0.956037082,-0.550635897
345,456,37,37,TOR,Quincy Acy,Baylor,7,337,5392,1642,1179,217,0.444,0.35,0.759,16,4.9,3.5,0.6,8.7,0.078,-2,-0.1,,,,7.2,7,4.16705234,0.595293191,-1.145605082,-1.57408709,0.428482008
346,457,38,38,DEN,Quincy Miller,Baylor,3,69,934,295,169,37,0.35,0.292,0.706,13.5,4.3,2.4,0.5,-0.1,-0.003,-3.9,-0.5,,,,8.03,3,0.453057897,0.151019299,-1.575726237,-1.375047422,-0.200678815
347,458,39,39,DET,Khris Middleton,Texas A&M,9,585,18551,9811,2810,2103,0.46,0.395,0.879,31.7,16.8,4.8,3.6,45.2,0.117,0.6,12.4,,,,7.42,9,46.88099356,5.208999285,1.480547741,1.113921939,0.366625802
348,459,40,40,POR,Will Barton,Memphis,9,552,13846,6203,2315,1429,0.433,0.352,0.786,25.1,11.2,4.2,2.6,22.8,0.079,-0.2,6.1,,,,4.2,9,14.79567344,1.643963716,-0.704575305,0.148715557,-0.853290862
349,460,41,41,POR,Tyshawn Taylor,Kansas,2,61,491,174,33,57,0.354,0.36,0.684,8,2.9,0.5,0.9,-0.9,-0.088,-8.1,-0.8,,,,8.42,2,-0.240453202,-0.120226601,-3.056011892,-1.751158555,-1.304853336
350,461,42,42,MIL,Doron Lamb,Kentucky,2,100,1272,345,95,75,0.381,0.394,0.7,12.7,3.5,1,0.8,0.1,0.005,-5.8,-1.2,,,,8.42,2,-0.013126273,-0.006563137,-2.319247811,-1.508774241,-0.81047357
351,462,43,43,ATL,Mike Scott,Virginia,9,555,9182,3736,1727,499,0.453,0.362,0.757,16.5,6.7,3.1,0.9,16.8,0.088,-1.8,0.6,,,,6.34,9,2.91029516,0.323366129,-1.830474617,-0.850478537,-0.97999608
352,463,44,44,DET,Kim English,Missouri,1,41,407,119,37,26,0.375,0.28,0.724,9.9,2.9,0.9,0.6,0.2,0.021,-4.2,-0.2,,,,6.32,1,0.275761375,0.275761375,-1.283575249,-0.691765293,-0.591809956
353,464,45,45,PHI,Justin Hamilton,LSU,3,113,1961,687,403,91,0.464,0.309,0.798,17.4,6.1,3.6,0.8,3.7,0.091,-0.9,0.5,,,,8.03,3,1.51403736,0.50467912,-1.143719899,-0.977461949,-0.166257951
354,465,46,46,NOH,Darius Miller,Kentucky,6,271,5358,1597,447,367,0.419,0.383,0.84,19.8,5.9,1.6,1.4,6.5,0.059,-2.3,-0.4,,,,7.12,6,1.640955303,0.27349255,-1.846484039,-0.630604739,-1.2158793
355,466,47,47,UTA,Kevin Murphy,Tennessee Technological University,1,17,52,15,4,2,0.25,0.2,,3.1,0.9,0.2,0.1,-0.3,-0.272,-16.8,-0.2,,,,-4.01,1,0.041295254,0.041295254,-1.119454715,-0.371781576,-0.74767314
356,468,49,49,ORL,Kyle O'Quinn,Norfolk State,8,472,6714,2568,2166,643,0.517,0.218,0.74,14.2,5.4,4.6,1.4,17.8,0.128,0.9,5,,,,-7.19,8,13.92320475,1.740400594,0.792574188,-0.596334767,1.388908955
357,470,51,51,BOS,Kris Joseph,Syracuse,1,10,54,9,7,1,0.143,0,0.625,5.4,0.9,0.7,0.1,-0.1,-0.127,-9.9,-0.1,,,,8.37,1,0.051184315,0.051184315,-0.879152091,-0.337381406,-0.541770685
358,474,55,55,DAL,Darius Johnson-Odom,Marquette,2,7,21,0,6,2,0,0,0,3,0,0.9,0.3,-0.3,-0.597,-25.5,-0.1,,,,8.08,2,0.030931668,0.015465834,-0.092328459,-0.196043841,0.103715383
359,477,58,58,MIN,Robbie Hummel,Purdue,2,98,1397,379,266,50,0.418,0.343,0.867,14.3,3.9,2.7,0.5,1.9,0.066,-3.1,-0.4,,,,7.48,2,0.702562003,0.351281001,-1.546457775,-0.830371437,-0.716086338
360,479,60,60,LAL,Robert Sacre,Gonzaga,4,189,2745,787,593,126,0.436,0,0.671,14.5,4.2,3.1,0.7,2.4,0.042,-4,-1.4,,,,3.36,4,0.551620569,0.137905142,-2.000366875,-2.309504609,0.309137734
361,480,1,1,CLE,Kyrie Irving,Duke,10,582,19713,13293,2212,3336,0.47,0.391,0.881,33.9,22.8,3.8,5.7,68.7,0.167,4.6,32.7,,,,8.32,10,59.26067487,5.926067487,2.196825031,3.183568707,-0.986743676
362,481,2,2,MIN,Derrick Williams,Arizona,7,428,8864,3809,1693,293,0.434,0.3,0.71,20.7,8.9,4,0.7,14.1,0.076,-1.6,0.8,,,,8.05,7,2.956520605,0.422360086,-1.803116028,-0.758068939,-1.045047089
363,483,4,4,CLE,Tristan Thompson,Texas,10,673,18659,6248,5832,691,0.518,0.257,0.609,27.7,9.3,8.7,1,46,0.118,-1.6,1.7,,,,7.96,10,22.96376692,2.296376692,-0.467454271,-0.56123106,0.093776789
364,487,8,8,DET,Brandon Knight,Kentucky,8,446,13137,6269,1377,1769,0.411,0.353,0.806,29.5,14.1,3.1,4,11.5,0.042,-1.6,1.5,,,,8.91,8,8.796559483,1.099569935,-1.302862297,-0.190104888,-1.112757409
365,488,9,9,CHA,Kemba Walker,UConn,10,704,23718,13983,2704,3788,0.419,0.36,0.84,33.7,19.9,3.8,5.4,57.7,0.117,2.9,29.1,,,,9.39,10,68.10056819,6.810056819,1.993585524,2.396837929,-0.403252405
366,489,10,10,MIL,Jimmer Fredette,BYU,6,241,3213,1438,243,331,0.409,0.372,0.879,13.3,6,1,1.4,2.2,0.033,-2.5,-0.4,,,,3.56,6,1.145426301,0.190904384,-1.767688404,0.575282295,-2.342970698
367,490,11,11,GSW,Klay Thompson,Washington State,8,615,20340,11995,2130,1416,0.459,0.419,0.848,33.1,19.5,3.5,2.3,46.8,0.11,0.7,14.2,,,,6.32,8,46.38964802,5.798706003,1.103777842,1.548800514,-0.445022672
368,491,12,12,UTA,Alec Burks,Colorado,10,544,12061,5705,1813,1025,0.422,0.373,0.796,22.2,10.5,3.3,1.9,20,0.079,-0.9,3.4,,,,6.65,10,9.291695659,0.929169566,-1.146670491,-0.119111679,-1.027558812
369,492,13,13,PHO,Markieff Morris,Kansas,10,698,17426,7693,3669,1130,0.446,0.341,0.776,25,11,5.3,1.6,26.7,0.074,-1.4,2.7,,,,7.92,10,18.12450302,1.812450302,-0.74834512,-0.932238614,0.183893494
370,493,14,14,HOU,Marcus Morris,Kansas,10,664,17887,8091,3059,972,0.435,0.379,0.763,26.9,12.2,4.6,1.5,34,0.091,-0.5,6.8,,,,7.92,10,22.31525302,2.231525302,-0.437697444,-0.152021592,-0.285675852
371,493,14,14,HOU,Marcus Morris,Kansas,10,664,17887,8091,3059,972,0.435,0.379,0.763,26.9,12.2,4.6,1.5,34,0.091,-0.5,6.8,,,,7.92,0,0,#DIV/0!,#VALUE!,,
372,494,15,15,IND,Kawhi Leonard,San Diego State,10,576,18025,11085,3689,1672,0.493,0.384,0.858,31.3,19.2,6.4,2.9,83.3,0.222,6.8,40.1,,,,5.29,10,81.74110517,8.174110517,4.623152418,2.787508037,1.835644381
373,496,17,17,NYK,Iman Shumpert,Georgia Tech,10,461,11470,3320,1534,845,0.391,0.337,0.764,24.9,7.2,3.3,1.8,12.9,0.054,-1.7,0.9,,,,7.34,10,13.836767,1.3836767,-0.500648025,-0.656076784,0.155428759
374,497,18,18,WAS,Chris Singleton,Florida State,3,148,2605,612,472,92,0.376,0.319,0.633,17.6,4.1,3.2,0.6,2.3,0.042,-3.2,-0.8,,,,7.05,3,1.989671609,0.66322387,-1.1572424,-2.32378463,1.16654223
375,498,19,19,CHA,Tobias Harris,Tennessee,10,680,21075,11056,4164,1476,0.475,0.367,0.827,31,16.3,6.1,2.2,52.8,0.12,1.2,16.8,,,,8.73,10,37.17909735,3.717909735,0.331556779,0.331956405,-0.000399626
376,500,21,21,POR,Nolan Smith,Duke,2,84,829,277,83,97,0.371,0.26,0.714,9.9,3.3,1,1.2,-0.8,-0.047,-6,-0.8,,,,8.97,2,-0.25569083,-0.127845415,-2.780280637,-1.551721848,-1.228558789
377,501,22,22,DEN,Kenneth Faried,Morehead State University,8,478,11728,5430,3884,470,0.546,0.222,0.654,24.5,11.4,8.1,1,38.8,0.159,0.5,7.5,,,,-4.03,8,25.12605635,3.140757044,0.893070615,0.81454008,0.078530534
378,503,24,24,OKC,Reggie Jackson,Boston College,10,628,15664,7920,1851,2661,0.43,0.349,0.855,24.9,12.6,2.9,4.2,33.1,0.101,0.4,9.5,,,,7.25,10,29.20366084,2.920366084,0.47954305,1.13884453,-0.65930148
379,504,25,25,BOS,MarShon Brooks,Providence,5,200,3456,1592,424,282,0.447,0.345,0.751,17.3,8,2.1,1.4,3.3,0.046,-1.6,0.4,,,,7.44,5,-0.483286439,-0.096657288,-2.522505845,-0.850794996,-1.67171085
380,505,26,26,DAL,Jordan Hamilton,Texas,5,151,2100,890,429,127,0.408,0.357,0.67,13.9,5.9,2.8,0.8,3,0.069,-0.1,1,,,,7.96,5,1.758985389,0.351797078,-1.047500056,-0.354541891,-0.692958166
381,506,27,27,NJN,JaJuan Johnson,Purdue,1,36,298,114,58,6,0.446,,0.667,8.3,3.2,1.6,0.2,0.2,0.032,-3.9,-0.1,,,,7.64,1,0.075785121,0.075785121,-1.919452028,-2.040097096,0.120645068
382,507,28,28,CHI,Norris Cole,Cleveland State University,6,360,8018,2506,702,981,0.407,0.324,0.743,22.3,7,2,2.7,3,0.018,-4.1,-4.1,,,,1.92,6,-1.759168727,-0.293194788,-2.639918311,-1.332419032,-1.307499279
383,508,29,29,SAS,Cory Joseph,Texas,10,663,14561,4640,1710,1949,0.444,0.333,0.774,22,7,2.6,2.9,26.2,0.086,-1,3.8,,,,7.96,10,18.09553259,1.809553259,-0.444600009,-0.301461601,-0.143138408
384,509,30,30,CHI,Jimmy Butler,Marquette,10,633,20933,11003,3322,2524,0.458,0.327,0.838,33.1,17.4,5.2,4,84.4,0.194,4.5,34.2,,,,8.21,10,75.68078126,7.568078126,3.149875902,2.334873888,0.815002014
385,511,32,32,CLE,Justin Harper,Richmond,3,22,150,45,18,4,0.34,0.276,0.333,6.8,2,0.8,0.2,-0.3,-0.093,-8.7,-0.2,,,,2.46,3,0.136947887,0.045649296,-0.934763344,-0.67221666,-0.262546684
386,512,33,33,DET,Kyle Singler,Duke,6,356,7794,2326,1026,272,0.418,0.362,0.786,21.9,6.5,2.9,0.8,10,0.062,-2.5,-0.9,,,,8.97,6,1.704816999,0.284136166,-1.976855314,-1.291950137,-0.684905177
387,513,34,34,WAS,Shelvin Mack,Butler,8,456,8392,2997,894,1421,0.423,0.33,0.731,18.4,6.6,2,3.1,10.3,0.059,-1.9,0.1,,,,4.05,8,5.672063688,0.709007961,-1.289935432,-0.505550491,-0.784384941
388,514,35,35,SAC,Tyler Honeycutt,UCLA,2,24,120,28,24,9,0.314,0.2,0.714,5,1.2,1,0.4,-0.1,-0.049,-5.1,-0.1,,,,7.9,2,0.167516242,0.083758121,-0.207882277,-0.253225348,0.045343071
389,515,36,36,NJN,Jordan Williams,Maryland,1,43,635,197,156,11,0.507,,0.652,14.8,4.6,3.6,0.3,1.3,0.101,-2.1,0,,,,6.85,1,0.871081743,0.871081743,-0.251406798,-0.534771622,0.283364823
390,516,37,37,LAC,Trey Thompkins,Georgia,1,24,119,57,24,3,0.393,0.308,0.714,5,2.4,1,0.1,0,0.004,-5.7,-0.1,,,,6.56,1,0.031442897,0.031442897,-1.90439285,-0.920426426,-0.983966424
391,517,38,38,HOU,Chandler Parsons,Florida,9,440,13246,5571,1972,1201,0.462,0.373,0.713,30.1,12.7,4.5,2.7,28.9,0.105,1.1,10.2,,,,5.9,9,25.16864302,2.796515891,0.531847711,0.543876776,-0.012029065
392,519,40,40,MIL,Jon Leuer,Wisconsin,8,377,5945,2395,1426,301,0.484,0.328,0.767,15.8,6.4,3.8,0.8,13.2,0.107,-0.7,2,,,,8.06,8,6.399229319,0.799903665,-0.691072456,-1.086038494,0.394966038
393,520,41,41,LAL,Darius Morris,Michigan,4,132,1464,430,126,189,0.384,0.322,0.63,11.1,3.3,1,1.4,-0.3,-0.01,-5.1,-1.2,,,,10.03,4,-0.189356089,-0.047339022,-2.504472575,-1.748304876,-0.756167699
394,522,43,43,CHI,Malcolm Lee,UCLA,3,36,534,140,65,51,0.382,0.294,0.703,14.8,3.9,1.8,1.4,0.4,0.04,-2.5,-0.1,,,,7.66,3,0.473309003,0.157769668,-0.972787119,-1.053080974,0.080293855
395,523,44,44,GSW,Charles Jenkins,Hofstra,2,110,1334,408,100,214,0.434,0.182,0.754,12.1,3.7,0.9,1.9,0.5,0.017,-4.5,-0.8,,,,-1.45,2,0.294424442,0.147212221,-1.969851239,-1.22990435,-0.739946889
396,524,45,45,NOH,Josh Harrellson,Kentucky,3,75,888,265,227,26,0.438,0.347,0.629,11.8,3.5,3,0.3,2.1,0.116,-0.4,0.4,,,,6.85,3,1.552987346,0.517662449,0.308146304,-0.868358799,1.176505103
397,525,46,46,LAL,Andrew Goudelock,College of Charleston,3,49,475,197,34,24,0.393,0.345,0.875,9.7,4,0.7,0.5,0,0.003,-5,-0.3,,,,-2.92,3,-0.377437003,-0.125812334,-3.537711878,-1.396876321,-2.140835557
398,526,47,47,LAC,Travis Leslie,Georgia,1,10,45,14,9,5,0.357,,0.444,4.5,1.4,0.9,0.5,0.1,0.06,-0.3,0,,,,6.56,1,0.032404542,0.032404542,-1.22784514,-0.801139658,-0.426705481
399,527,48,48,ATL,Keith Benson,Oakland,1,3,9,0,3,0,0,,,3,0,1,0,0,-0.005,-7.7,0,,,,-1.32,1,0.010654756,0.010654756,-0.556592464,-0.179123924,-0.37746854
400,528,49,49,MEM,Josh Selby,Kansas,2,38,296,83,20,34,0.33,0.143,0.72,7.8,2.2,0.5,0.9,-0.7,-0.113,-9.5,-0.6,,,,7.62,2,-0.049990165,-0.024995082,-2.564295939,-1.31823007,-1.246065869
401,529,50,50,PHI,Lavoy Allen,Temple,6,388,6905,1847,1843,384,0.471,0.133,0.682,17.8,4.8,4.8,1,13.8,0.096,-2.1,-0.1,,,,4.24,6,5.864754373,0.977459062,-1.033030264,-1.562206708,0.529176444
402,531,52,52,DET,Vernon Macklin,Florida,1,23,135,46,34,5,0.543,,0.571,5.9,2,1.5,0.2,0.5,0.161,1.2,0.1,,,,,1,0.212591131,0.212591131,0.04119544,0.237555948,-0.196360509
403,532,53,53,ORL,DeAndre Liggins,Kentucky,5,177,1907,346,252,122,0.402,0.352,0.549,10.8,2,1.4,0.7,1.6,0.04,-2.2,-0.1,,,,6.85,5,0.127241819,0.025448364,-2.202766859,-2.597092556,0.394325697
404,534,55,55,BOS,E'Twaun Moore,Purdue,10,598,12564,4743,1208,1055,0.455,0.388,0.742,21,7.9,2,1.8,14.8,0.057,-1.9,0.2,,,,7.64,10,5.219379416,0.521937942,-1.680074457,-1.113613241,-0.566461216
405,539,60,60,SAC,Isaiah Thomas,Washington,10,528,15230,9531,1292,2604,0.435,0.363,0.872,28.8,18.1,2.4,4.9,45.2,0.142,2.2,16.3,,,,7.81,10,35.21445255,3.521445255,1.152183417,3.097889861,-1.945706444
406,540,1,1,WAS,John Wall,Kentucky,10,613,21833,11702,2612,5557,0.431,0.323,0.779,35.6,19.1,4.3,9.1,44.1,0.097,2.4,24.1,,,,6.82,10,59.09243759,5.909243759,1.745590248,1.517947897,0.227642351
407,541,2,2,PHI,Evan Turner,Ohio State,10,705,18938,6824,3278,2462,0.434,0.294,0.782,26.9,9.7,4.6,3.5,20.2,0.051,-1.9,0.5,,,,7.86,10,10.71188713,1.071188713,-1.455232498,-1.341659394,-0.113573105
408,542,3,3,NJN,Derrick Favors,Georgia Tech,11,751,18549,8148,5424,826,0.534,0.205,0.664,24.7,10.8,7.2,1.1,58.8,0.152,1,13.8,,,,9.02,11,40.95278086,3.722980078,0.994466884,-0.350734551,1.345201434
409,543,4,4,MIN,Wesley Johnson,Syracuse,9,609,13472,4235,1924,645,0.404,0.337,0.741,22.1,7,3.2,1.1,10.7,0.038,-1.6,1.2,,,,6.79,9,8.252353276,0.916928142,-1.384564072,-1.644686217,0.260122145
410,544,5,5,SAC,DeMarcus Cousins,Kentucky,10,606,18791,12372,6394,1908,0.46,0.334,0.737,31,20.4,10.6,3.1,45.2,0.116,2.6,21.6,,,,6.82,10,53.76933396,5.376933396,1.992341291,0.892579455,1.099761836
411,545,6,6,GSW,Ekpe Udoh,Baylor,7,384,5694,1353,1100,260,0.453,0,0.718,14.8,3.5,2.9,0.7,10.4,0.088,-1.4,0.8,,,,,7,7.181146537,1.025878077,-0.422986507,-2.29571631,1.872729802
412,546,7,7,DET,Greg Monroe,Georgetown,9,632,17475,8326,5229,1354,0.514,0.059,0.704,27.7,13.2,8.3,2.1,49.7,0.136,1.4,15.2,,,,9.26,9,31.24284128,3.471426809,0.366103379,0.550353681,-0.184250302
413,547,8,8,LAC,Al-Farouq Aminu,Wake Forest,11,711,17698,5350,4280,879,0.42,0.332,0.746,24.9,7.5,6,1.2,27.6,0.075,-0.6,6.4,,,,8.1,11,31.8342537,2.894023063,0.385439826,-0.825884795,1.211324621
414,548,9,9,UTA,Gordon Hayward,Butler,11,685,21268,10676,3078,2399,0.453,0.37,0.825,31,15.6,4.5,3.5,57.2,0.129,2.1,22.2,,,,3.57,11,48.29448263,4.390407512,1.091036136,1.326841971,-0.235805835
415,549,10,10,IND,Paul George,Fresno State,11,706,23664,14275,4522,2465,0.436,0.384,0.847,33.5,20.2,6.4,3.5,75.3,0.153,4.1,36.2,,,,1.13,11,86.99996898,7.909088089,3.23240161,1.939337516,1.293064094
416,550,11,11,NOH,Cole Aldrich,Kansas,8,339,3389,1050,1131,183,0.527,,0.738,10,3.1,3.3,0.5,9.6,0.135,0.1,1.8,,,,8.12,8,5.307538554,0.663442319,0.038025456,-1.557790252,1.595815708
417,551,12,12,MEM,Xavier Henry,Kansas,5,185,2905,1050,351,120,0.406,0.325,0.635,15.7,5.7,1.9,0.6,0.8,0.013,-4.4,-1.7,,,,8.25,5,0.631724082,0.126344816,-1.989121082,-1.530030697,-0.459090385
418,552,13,13,TOR,Ed Davis,UNC,11,691,13555,4263,4552,532,0.566,0,0.585,19.6,6.2,6.6,0.8,42.8,0.151,-0.2,6.1,,,,9.09,11,16.63549153,1.512317412,-0.467894332,-1.238842574,0.770948242
419,553,14,14,HOU,Patrick Patterson,Kentucky,11,719,14923,4782,2799,736,0.447,0.369,0.755,20.8,6.7,3.9,1,31.9,0.102,-0.1,7.4,,,,6.24,11,21.53557299,1.957779362,-0.149404756,0.067680728,-0.217085483
420,554,15,15,MIL,Larry Sanders,VCU,6,238,4635,1520,1345,174,0.48,0,0.553,19.5,6.4,5.7,0.7,10.3,0.107,-1.1,1.1,,,,-0.69,6,10.19943916,1.699906527,0.984566954,-2.269088708,3.253655662
421,555,16,16,MIN,Luke Babbitt,Nevada,8,381,5332,1818,846,224,0.408,0.402,0.747,14,4.8,2.2,0.6,7.2,0.065,-2.1,-0.1,,,,1.98,8,2.693075564,0.336634445,-1.549041913,-0.80863303,-0.740408882
422,557,18,18,OKC,Eric Bledsoe,Kentucky,11,702,19660,9814,2755,3320,0.453,0.337,0.785,28,14,3.9,4.7,44.7,0.109,1.7,18.3,,,,6.82,11,50.42878428,4.584434934,1.53391702,0.836781765,0.697135255
423,558,19,19,BOS,Avery Bradley,Texas,11,598,16745,6885,1727,1058,0.435,0.363,0.78,28,11.5,2.9,1.8,16,0.046,-2.3,-1.3,,,,7.38,11,13.29578693,1.208707902,-1.116645922,-0.915036868,-0.201609054
424,559,20,20,SAS,James Anderson,Oklahoma State,5,247,4320,1422,560,291,0.411,0.321,0.755,17.5,5.8,2.3,1.2,3.3,0.037,-2.7,-0.8,,,,4.3,5,-0.738179215,-0.147635843,-2.580563943,-1.584142328,-0.996421615
425,560,21,21,OKC,Craig Brackins,Iowa State,2,17,121,30,19,9,0.265,0.214,0.5,7.1,1.8,1.1,0.5,-0.2,-0.089,-9.9,-0.2,,,,7.34,2,0.055403854,0.027701927,-1.613810288,-0.640104737,-0.97370555
426,561,22,22,POR,Elliot Williams,Memphis,4,109,1470,537,161,94,0.421,0.31,0.669,13.5,4.9,1.5,0.9,0.7,0.024,-4.9,-1.1,,,,,4,-1.408383226,-0.352095806,-3.814793211,-2.317875456,-1.496917755
427,562,23,23,MIN,Trevor Booker,Clemson,8,532,10872,3679,2932,566,0.515,0.305,0.636,20.4,6.9,5.5,1.1,26.2,0.116,-0.5,4.2,,,,7.85,8,10.48297112,1.310371389,-0.859979136,-0.833822123,-0.026157013
428,563,24,24,ATL,Damion James,Texas,4,39,623,150,131,26,0.415,0,0.667,16,3.8,3.4,0.7,0,-0.001,-3.7,-0.3,,,,7.54,3,0.653180197,0.217726732,-0.734256292,-2.085023842,1.35076755
429,564,25,25,MEM,Dominique Jones,South Florida,3,80,741,246,114,144,0.366,0.095,0.729,9.3,3.1,1.4,1.8,0.3,0.017,-2.4,-0.1,,,,7.32,3,0.614561379,0.204853793,-1.059305843,-0.611774432,-0.447531411
430,565,26,26,OKC,Quincy Pondexter,Washington,7,355,5530,1609,640,263,0.423,0.356,0.746,15.6,4.5,1.8,0.7,9.7,0.084,-1.8,0.3,,,,7.55,7,1.288199044,0.184028435,-1.95272439,-1.042494773,-0.910229617
431,566,27,27,NJN,Jordan Crawford,Xavier,6,281,6843,3432,703,883,0.411,0.317,0.826,24.4,12.2,2.5,3.1,6.3,0.044,-1.3,1.3,,,,,6,2.800944504,0.466824084,-1.687570609,0.387786332,-2.075356941
432,567,28,28,MEM,Greivis Vasquez,Maryland,7,401,9520,3591,1021,1935,0.418,0.349,0.817,23.7,9,2.5,4.8,12.6,0.064,-1.2,1.9,,,,7.95,7,10.57964646,1.511378065,-0.641075643,0.814781128,-1.45585677
433,568,29,29,ORL,Daniel Orton,Kentucky,3,51,542,143,126,24,0.485,0,0.597,10.6,2.8,2.5,0.5,1,0.093,-3.5,-0.2,,,,6.82,3,0.520344034,0.173448011,-0.862142225,-1.567819508,0.705677283
434,569,30,30,WAS,Lazar Hayward,Marquette,3,72,591,207,90,35,0.347,0.269,0.767,8.2,2.9,1.3,0.5,0.2,0.02,-4.2,-0.3,,,,7.79,3,0.452628128,0.150876043,-1.154930521,-0.403017608,-0.751912914
435,571,32,32,MIA,Dexter Pittman,Texas,4,50,347,116,89,9,0.45,,0.545,6.9,2.3,1.8,0.2,0.5,0.068,-7.7,-0.5,,,,7.54,4,0.130850647,0.032712662,-1.734771773,-1.803232644,0.068460872
436,572,33,33,SAC,Hassan Whiteside,Marshall,9,446,11483,5916,5029,301,0.581,0.308,0.603,25.7,13.3,11.3,0.7,46.2,0.193,2.6,13.3,,,,1.57,9,40.73518848,4.526132053,3.021678455,0.320711652,2.700966803
437,573,34,34,POR,Armon Johnson,Nevada,2,47,401,157,49,56,0.458,0.4,0.679,8.5,3.3,1,1.2,-0.1,-0.015,-4.1,-0.2,,,,1.28,2,0.095018517,0.047509259,-1.952726816,-1.285656042,-0.667070774
438,576,37,37,MIL,Darington Hobson,New Mexico,1,5,39,4,3,6,0.154,0,,7.8,0.8,0.6,1.2,-0.2,-0.225,-13,-0.1,,,,3.84,1,0.050774412,0.050774412,-0.349724184,-0.21263642,-0.137087764
439,577,38,38,NYK,Andy Rautins,Syracuse,1,5,24,8,1,3,0.429,0.25,0.5,4.8,1.6,0.2,0.6,-0.2,-0.314,-13.2,-0.1,,,,7.83,1,0.020684272,0.020684272,-1.015108942,-0.522962811,-0.49214613
440,578,39,39,NYK,Landry Fields,Stanford,5,255,6010,1731,1092,419,0.473,0.332,0.666,23.6,6.8,4.3,1.6,10.5,0.084,-0.3,2.6,,,,7.35,5,8.459002588,1.691800518,-0.20075915,-0.111746921,-0.089012228
441,579,40,40,IND,Lance Stephenson,Cincinnati,9,508,11866,4354,2124,1456,0.444,0.315,0.685,23.4,8.6,4.2,2.9,16.7,0.068,-1.2,2.5,,,,8.45,9,10.96301841,1.218113156,-0.922953173,-0.553846478,-0.369106695
442,580,41,41,MIA,Jarvis Varnado,Mississippi State,2,37,397,107,72,16,0.582,,0.518,10.7,2.9,1.9,0.4,0.7,0.089,-3.3,-0.1,,,,5.47,2,0.494351052,0.247175526,-0.442987552,-1.739529667,1.296542115
443,582,43,43,LAL,Devin Ebanks,West Virginia,3,63,711,224,122,24,0.385,0.222,0.722,11.3,3.6,1.9,0.4,0.5,0.035,-4.8,-0.5,,,,9.3,3,0.350894543,0.116964848,-1.560091556,-1.326014365,-0.234077191
444,583,44,44,MIL,Jerome Jordan,Tulsa,2,65,491,180,132,17,0.528,,0.852,7.6,2.8,2,0.3,1.7,0.168,-1,0.1,,,,2.63,2,0.290666701,0.145333351,-1.413199278,-1.004844724,-0.408354554
445,585,46,46,PHO,Gani Lawal,Georgia Tech,1,1,2,0,0,0,,,,2,0,0,0,0,-0.009,-15,0,,,,8.64,1,0.002434798,0.002434798,-0.418809674,-0.293506937,-0.125302737
446,589,50,50,DAL,Solomon Alabi,Florida State,2,26,181,39,61,5,0.314,,0.7,7,1.5,2.3,0.2,0,0.01,-4.4,-0.1,,,,7.34,2,0.232541218,0.116270609,-0.382994138,-0.460091834,0.077097696
447,591,52,52,BOS,Luke Harangody,Notre Dame,2,70,871,253,196,36,0.376,0.241,0.737,12.4,3.6,2.8,0.5,0.9,0.048,-3.5,-0.3,,,,6.73,2,0.667710928,0.333855464,-1.152298156,-0.821946177,-0.33035198
448,593,54,54,LAC,Willie Warren,Oklahoma,1,19,134,37,12,27,0.371,0.333,0.75,7.1,1.9,0.6,1.4,0.2,0.065,-2.7,0,,,,7.33,1,0.234982615,0.234982615,0.31825529,-0.080240826,0.398496116
449,594,55,55,UTA,Jeremy Evans,Western Kentucky,7,250,2626,879,641,107,0.569,0.231,0.687,10.5,3.5,2.6,0.4,8.2,0.15,0.9,1.9,,,,-1.72,7,4.176889429,0.59669849,0.072004,-0.666548683,0.738552683
450,596,57,57,IND,Ryan Reid,Florida State,1,5,17,8,2,0,0.8,,,3.4,1.6,0.4,0,0.1,0.142,-2,0,,,,7.66,1,0.014034105,0.014034105,-1.038900225,-0.07924504,-0.959655185
451,597,58,58,LAL,Derrick Caracter,Texas-El Paso,1,41,215,81,43,7,0.485,,0.739,5.2,2,1,0.2,0.3,0.057,-7.1,-0.3,,,,,1,-0.103570918,-0.103570918,-3.039632653,-1.99322746,-1.046405193
452,600,1,1,CLE,Andrew Wiggins,Kansas,7,525,18606,10263,2324,1232,0.446,0.341,0.731,35.4,19.5,4.4,2.3,18.9,0.049,-1.8,1,,,,11.4,7,20.72113387,2.960161982,-0.637899052,0.452973656,-1.090872708
453,601,2,2,MIL,Jabari Parker,Duke,7,298,8423,4327,1675,604,0.494,0.321,0.741,28.3,14.5,5.6,2,13.5,0.077,-0.8,2.5,,,,8.48,7,7.962512756,1.137501822,-0.888652716,-0.000409366,-0.88824335
454,602,3,3,PHI,Joel Embiid,Kansas,5,260,7943,6456,2936,796,0.487,0.329,0.808,30.6,24.8,11.3,3.1,31.6,0.191,4.9,13.8,,,,11.4,5,36.35813894,7.271627787,4.651564937,2.542935037,2.108629901
455,603,4,4,ORL,Aaron Gordon,Arizona,7,453,12901,5761,2871,1125,0.45,0.321,0.695,28.5,12.7,6.3,2.5,23.6,0.088,0,6.4,,,,9.04,7,26.13718638,3.733883768,0.719420804,0.390611304,0.328809499
456,605,6,6,BOS,Marcus Smart,Oklahoma State,7,449,13188,4577,1597,1901,0.376,0.32,0.777,29.4,10.2,3.6,4.2,24,0.087,-0.3,5.6,,,,7.53,7,25.90042886,3.700061265,0.626991734,0.041740796,0.585250938
457,606,7,7,LAL,Julius Randle,Kentucky,7,446,13601,7744,4098,1472,0.485,0.342,0.741,30.5,17.4,9.2,3.3,28.3,0.1,0.3,7.9,,,,9.9,7,15.8675047,2.266786386,-0.564343663,-0.078374004,-0.485969659
458,607,8,8,SAC,Nik Stauskas,Michigan,5,335,6662,2272,688,513,0.389,0.353,0.814,19.9,6.8,2.1,1.5,3.8,0.028,-3,-1.7,,,,9.85,5,-1.85089249,-0.370178498,-2.728097535,-1.100868417,-1.627229119
459,608,9,9,CHH,Noah Vonleh,Indiana,7,339,5683,1660,1742,257,0.459,0.308,0.691,16.8,4.9,5.1,0.8,9.2,0.078,-2.4,-0.6,,,,6.64,7,4.223973017,0.603424717,-1.191243732,-2.018878079,0.827634347
460,609,10,10,PHI,Elfrid Payton,Louisiana,7,450,12834,4886,1919,2769,0.45,0.289,0.63,28.5,10.9,4.3,6.2,15.9,0.06,-0.8,3.8,,,,-1.6,7,21.07053975,3.010077107,0.145934731,0.355075972,-0.209141241
461,610,11,11,DEN,Doug McDermott,Creighton,7,476,9789,4268,1121,432,0.478,0.407,0.824,20.6,9,2.4,0.9,17.7,0.087,-1.8,0.6,,,,4.29,7,2.059220029,0.29417429,-1.99230652,-0.411845801,-1.580460719
462,612,13,13,MIN,Zach LaVine,UCLA,7,411,12891,7831,1568,1557,0.458,0.385,0.824,31.4,19.1,3.8,3.8,17.8,0.066,0.1,6.7,,,,7.62,7,9.039672529,1.29138179,-1.276219901,0.574092658,-1.850312558
463,613,14,14,PHO,TJ Warren,NC State,7,332,9553,5142,1372,397,0.507,0.357,0.78,28.8,15.5,4.1,1.2,19.6,0.099,-0.2,4.2,,,,7.31,7,10.28524239,1.469320341,-0.692568126,0.183271314,-0.875839439
464,614,15,15,ATL,Adreian Payne,Michigan State,4,107,1403,429,315,66,0.406,0.254,0.68,13.1,4,2.9,0.6,-0.6,-0.019,-5.9,-1.4,,,,10.35,4,-0.447601495,-0.111900374,-2.798130829,-2.010493411,-0.787637417
465,616,17,17,BOS,James Young,Kentucky,4,95,812,219,96,28,0.367,0.277,0.563,8.5,2.3,1,0.3,0.8,0.046,-3.4,-0.3,,,,9.9,4,0.351382452,0.087845613,-1.651338974,-0.776501067,-0.874837907
466,617,18,18,PHO,Tyler Ennis,Syracuse,4,186,2336,779,250,359,0.419,0.317,0.768,12.6,4.2,1.3,1.9,1.3,0.026,-3.4,-0.8,,,,7.25,4,1.36852703,0.342131758,-1.424091865,-1.202639249,-0.221452616
467,618,19,19,CHI,Gary Harris,Michigan State,7,407,11743,4847,1040,857,0.45,0.359,0.805,28.9,11.9,2.6,2.1,18.6,0.076,-1.3,2.2,,,,9.96,7,14.36392219,2.051988885,-0.475470952,0.229184534,-0.704655486
468,620,21,21,OKC,Mitch McGary,Michigan,2,52,557,227,183,17,0.527,0,0.58,10.7,4.4,3.5,0.3,1.3,0.108,-2.6,-0.1,,,,9.85,2,0.709844239,0.354922119,-0.398267821,-0.48717283,0.088905009
469,621,22,22,MEM,Jordan Adams,UCLA,2,32,263,101,30,19,0.402,0.385,0.607,8.2,3.2,0.9,0.6,0.4,0.07,1.7,0.2,,,,7.72,2,0.309301741,0.154650871,-0.543105765,-0.268500213,-0.274605552
470,622,23,23,UTA,Rodney Hood,Duke,7,396,10268,4493,1083,698,0.422,0.367,0.839,25.9,11.3,2.7,1.8,16.7,0.078,-1.1,2.2,,,,,7,9.772513859,1.396073408,-0.884441097,-0.36406939,-0.520371706
471,623,24,24,CHH,Shabazz Napier,UConn,6,345,5986,2433,657,849,0.397,0.345,0.815,17.4,7.1,1.9,2.5,8.1,0.065,-0.7,2,,,,8.64,6,7.696753732,1.282792289,-0.381293728,-0.189883748,-0.19140998
472,625,26,26,MIA,PJ Hairston,UNC,2,111,2000,664,266,59,0.343,0.295,0.81,18,6,2.4,0.5,0.9,0.021,-3.9,-1,,,,7.54,2,0.844713724,0.422356862,-1.666970086,-1.312706014,-0.354264072
473,627,28,28,LAC,CJ Wilcox,Washington,3,66,376,132,31,30,0.37,0.333,0.813,5.7,2,0.5,0.5,0.1,0.007,-4.3,-0.2,,,,6.67,3,0.251953859,0.08398462,-1.29577628,-0.565368033,-0.730408246
474,628,29,29,OKC,Josh Huestis,Stanford,3,76,1068,187,180,23,0.346,0.312,0.24,14.1,2.5,2.4,0.3,0.7,0.03,-3.5,-0.4,,,,6.38,3,1.067066667,0.355688889,-0.804684433,-1.564114436,0.759430003
475,629,30,30,SAS,Kyle Anderson,UCLA,7,436,9099,2845,1852,984,0.483,0.335,0.724,20.9,6.5,4.2,2.3,23.5,0.124,1.8,8.7,,,,7.72,7,18.28250814,2.611786878,0.696092578,-1.005268997,1.701361575
476,631,32,32,PHI,KJ McDaniels,Clemson,3,148,2092,782,324,95,0.412,0.29,0.776,14.1,5.3,2.2,0.6,1.3,0.03,-2.8,-0.4,,,,4.6,3,0.486515707,0.162171902,-1.955291068,-1.545994211,-0.409296857
477,632,33,33,CLE,Joe Harris,Virginia,7,400,10178,4426,1288,665,0.484,0.438,0.779,25.4,11.1,3.2,1.7,20,0.094,-0.6,3.7,,,,5.72,7,9.562424357,1.366060622,-0.90290888,0.004384493,-0.907293374
478,633,34,34,NYK,Cleanthony Early,Wichita State,2,56,801,241,123,42,0.346,0.263,0.75,14.3,4.3,2.2,0.8,-0.6,-0.039,-5.9,-0.8,,,,3.91,2,0.224413446,0.112206723,-1.881058072,-1.796621413,-0.084436659
479,634,35,35,UTA,Jarnell Stokes,Tennessee,3,28,151,67,40,7,0.581,,0.531,5.4,2.4,1.4,0.3,0.6,0.202,0.1,0.1,,,,6.82,3,0.210457418,0.070152473,-0.223071577,-0.191794284,-0.031277293
480,637,38,38,DET,Spencer Dinwiddie,Colorado,7,320,8226,4123,888,1587,0.41,0.318,0.794,25.7,12.9,2.8,5,18.4,0.107,0.3,4.8,,,,7.49,7,15.08364983,2.154807118,0.434009232,1.19949394,-0.765484708
481,638,39,39,PHI,Jerami Grant,Syracuse,7,508,12954,5425,1998,636,0.457,0.347,0.705,25.5,10.7,3.9,1.3,25.8,0.095,-0.6,4.4,,,,7.91,7,12.07658517,1.725226452,-0.908708952,-1.175477385,0.266768433
482,639,40,40,MIN,Glenn Robinson,Michigan,7,304,5299,1804,776,238,0.457,0.373,0.779,17.4,5.9,2.6,0.8,7.9,0.071,-1.7,0.3,,,,9.77,7,0.54066966,0.077238523,-2.152891349,-1.506128498,-0.646762851
483,641,42,42,HOU,Nick Johnson,Arizona,1,28,262,74,39,11,0.347,0.238,0.68,9.4,2.6,1.4,0.4,-0.1,-0.02,-6.5,-0.3,,,,7.04,1,-0.106722403,-0.106722403,-2.924334853,-1.714615328,-1.209719525
484,643,44,44,MIN,Markel Brown,Oklahoma State,3,113,1794,584,234,132,0.38,0.295,0.781,15.9,5.2,2.1,1.2,1.1,0.029,-2.9,-0.4,,,,7.74,3,1.36651151,0.455503837,-1.160571622,-0.482539211,-0.678032411
485,644,45,45,CHH,Dwight Powell,Stanford,7,429,7922,3209,1945,427,0.569,0.29,0.744,18.5,7.5,4.5,1,29.8,0.18,1.4,6.7,,,,6.38,7,14.50277719,2.071825313,0.430379095,-0.259905745,0.69028484
486,645,46,46,WAS,Jordan Clarkson,Missouri,7,521,14050,7950,1698,1332,0.443,0.343,0.827,27,15.3,3.3,2.6,18.1,0.062,-0.5,5.3,,,,,7,7.661834099,1.094547728,-1.492829299,0.670622474,-2.163451773
487,646,47,47,PHI,Russ Smith,Louisville,2,27,131,53,15,19,0.319,0.188,0.769,4.9,2,0.6,0.7,-0.2,-0.068,-5.1,-0.1,,,,7.79,2,0.157578474,0.078789237,-0.506105427,-0.209351077,-0.29675435
488,647,48,48,MIL,Lamar Patterson,Pitt,2,40,435,93,57,45,0.326,0.236,0.72,10.9,2.3,1.4,1.1,0.1,0.006,-5.7,-0.4,,,,6.86,2,0.174482759,0.08724138,-1.700127719,-1.166289385,-0.533838335
489,648,49,49,CHI,Cameron Bairstow,New Mexico,2,36,167,44,36,7,0.296,0.2,0.846,4.6,1.2,1,0.2,-0.1,-0.021,-8.1,-0.3,,,,4.93,2,0.167269717,0.083634859,-0.794505506,-0.63960941,-0.154896095
490,654,55,55,MIA,Semaj Christon,Xavier,1,64,973,183,87,130,0.345,0.19,0.548,15.2,2.9,1.4,2,0.1,0.006,-5.1,-0.8,,,,6.55,1,-0.441647422,-0.441647422,-2.997046916,-1.463830635,-1.53321628
491,655,56,56,DEN,Devyn Marble,Iowa,2,44,457,97,69,29,0.304,0.222,0.375,10.4,2.2,1.6,0.7,-0.3,-0.028,-5.5,-0.4,,,,7.42,2,0.623548388,0.311774194,-0.262975258,-0.538426177,0.275450919
492,657,58,58,SAS,Jordan McRae,Tennessee,4,123,1696,846,225,167,0.417,0.355,0.772,13.8,6.9,1.8,1.4,1.7,0.048,-2.1,0,,,,7.3,4,1.350629821,0.337657455,-1.110808587,-0.18047077,-0.930337817
493,659,60,60,SAS,Cory Jefferson,Baylor,2,58,581,205,161,16,0.444,0.125,0.583,10,3.5,2.8,0.3,0.9,0.071,-3.3,-0.2,,,,8.32,2,1.035640688,0.517820344,0.356295342,-0.636364633,0.992659976