Index,Pk,Tm,Player,College,Yrs,G,MP,PTS,TRB,AST,FG percent,3P percent,FT percent,MPG,PPG,RPG,APG,WS,WS per 48,BPM,VORP,sos
0,1,MIN,Anthony Edwards,Georgia,1,72,2314,1392,336,211,0.417,0.329,0.776,32.1,19.3,4.7,2.9,0.8,0.017,-2.6,-0.3,8.06
1,2,GSW,James Wiseman,Memphis,1,39,836,448,226,26,0.519,0.316,0.628,21.4,11.5,5.8,0.7,0.7,0.042,-5.4,-0.7,5.07
2,4,CHI,Patrick Williams,Florida State,1,71,1983,655,327,99,0.483,0.391,0.728,27.9,9.2,4.6,1.4,2.5,0.06,-2.7,-0.3,7.64
3,5,CLE,Isaac Okoro,Auburn,1,67,2173,646,206,128,0.42,0.29,0.726,32.4,9.6,3.1,1.9,0.9,0.02,-5,-1.6,7.39
4,6,ATL,Onyeka Okongwu,USC,1,50,601,228,163,18,0.644,0,0.632,12,4.6,3.3,0.4,1.9,0.155,-1.3,0.1,7.22
5,8,NYK,Obi Toppin,Dayton,1,62,683,253,138,29,0.498,0.306,0.731,11,4.1,2.2,0.5,1.5,0.109,-1,0.2,3.3
6,10,PHO,Jalen Smith,Maryland,1,27,156,53,37,4,0.44,0.235,0.714,5.8,2,1.4,0.1,0.1,0.022,-6.2,-0.2,10.3
7,11,SAS,Devin Vassell,Florida State,1,62,1056,341,174,56,0.406,0.347,0.843,17,5.5,2.8,0.9,1.5,0.069,-1.9,0.1,8.95
8,12,SAC,Tyrese Haliburton,Iowa State,1,58,1746,753,173,309,0.472,0.409,0.857,30.1,13,3,5.3,3.5,0.096,1.1,1.4,9.68
9,13,NOP,Kira Lewis Jr.,Alabama,1,54,904,343,71,124,0.386,0.333,0.843,16.7,6.4,1.3,2.3,0.9,0.045,-3.8,-0.4,8.56
10,14,BOS,Aaron Nesmith,Vanderbilt,1,46,669,218,127,23,0.438,0.37,0.786,14.5,4.7,2.8,0.5,1.1,0.076,-3.2,-0.2,7.1
11,15,ORL,Cole Anthony,UNC,1,47,1273,605,221,192,0.397,0.337,0.832,27.1,12.9,4.7,4.1,0,-0.001,-3.3,-0.4,10.05
12,16,POR,Isaiah Stewart,Washington,1,68,1455,537,453,59,0.553,0.333,0.696,21.4,7.9,6.7,0.9,4,0.132,-1.2,0.3,8.25
13,18,DAL,Josh Green,Arizona,1,39,445,101,78,28,0.452,0.16,0.565,11.4,2.6,2,0.7,0.5,0.05,-3.7,-0.2,8.4
14,19,BRK,Saddiq Bey,Villanova,1,70,1909,857,318,95,0.404,0.38,0.844,27.3,12.2,4.5,1.4,3.3,0.082,-0.8,0.6,9
15,20,MIA,Precious Achiuwa,Memphis,1,61,737,304,208,29,0.544,0,0.509,12.1,5,3.4,0.5,1.3,0.085,-4.5,-0.5,5.07
16,21,PHI,Tyrese Maxey,Kentucky,1,61,935,488,104,120,0.462,0.301,0.871,15.3,8,1.7,2,1.9,0.099,-1.9,0,7.46
17,22,DEN,Zeke Nnaji,Arizona,1,42,397,136,65,10,0.481,0.407,0.8,9.5,3.2,1.5,0.2,0.9,0.104,-2.1,0,8.4
18,25,OKC,Immanuel Quickley,Kentucky,1,64,1243,731,137,127,0.395,0.389,0.891,19.4,11.4,2.1,2,3.2,0.125,0.6,0.8,8.87
19,26,BOS,Payton Pritchard,Oregon,1,66,1268,510,158,120,0.44,0.411,0.889,19.2,7.7,2.4,1.8,2.5,0.095,-1.1,0.3,7.11
20,27,UTA,Udoka Azubuike,Kansas,1,15,57,16,13,0,0.444,,0.8,3.8,1.1,0.9,0,0.1,0.119,-4.9,0,12.13
21,28,LAL,Jaden McDaniels,Washington,1,63,1511,427,232,71,0.447,0.364,0.6,24,6.8,3.7,1.1,1.4,0.046,-3.8,-0.7,8.25
22,29,TOR,Malachi Flynn,San Diego State,1,47,928,353,116,137,0.374,0.321,0.804,19.7,7.5,2.5,2.9,0.8,0.041,-2.8,-0.2,5.34
23,30,BOS,Desmond Bane,TCU,1,68,1519,625,210,118,0.469,0.432,0.816,22.3,9.2,3.1,1.7,2.9,0.093,-1,0.4,10.08
24,31,DAL,Tyrell Terry,Stanford,1,11,56,11,6,6,0.313,0,0.333,5.1,1,0.5,0.5,-0.1,-0.049,-5.5,-0.1,6.38
25,32,CHO,Vernon Carey Jr.,Duke,1,19,115,46,27,2,0.5,0.143,0.818,6.1,2.4,1.4,0.1,0.2,0.066,-6.2,-0.1,8
26,33,MIN,Daniel Oturu,Minnesota,1,30,161,54,48,10,0.423,0.2,0.75,5.4,1.8,1.6,0.3,0.3,0.081,-5.6,-0.1,11.41
27,35,SAC,Xavier Tillman Sr.,Michigan State,1,59,1085,390,256,75,0.559,0.338,0.642,18.4,6.6,4.3,1.3,2.9,0.127,-0.4,0.4,10.06
28,36,PHI,Tyler Bey,Colorado,1,18,71,18,19,3,0.318,0.25,0.6,3.9,1,1.1,0.2,0,-0.033,-9.6,-0.1,6.31
29,38,UTA,Saben Lee,Vanderbilt,1,48,781,267,97,174,0.471,0.348,0.685,16.3,5.6,2,3.6,1.5,0.091,-1.9,0,8.11
30,39,NOP,Elijah Hughes,Syracuse,1,18,64,31,9,6,0.333,0.348,0.75,3.6,1.7,0.5,0.3,0,-0.013,-3.7,0,
31,40,MEM,Robert Woodard,Mississippi State,1,13,45,20,16,2,0.4,0.167,0.375,3.5,1.5,1.2,0.2,0,-0.011,-5.4,0,7.08
32,41,SAS,Tre Jones,Duke,1,37,269,94,21,39,0.474,0.6,0.895,7.3,2.5,0.6,1.1,0.4,0.066,-3.4,-0.1,9.99
33,42,NOP,Nick Richards,Kentucky,1,18,63,15,11,2,0.444,0,0.636,3.5,0.8,0.6,0.1,0,0.026,-8.7,-0.1,9.49
34,43,SAC,Jahmi'us Ramsey,Texas Tech,1,13,94,40,10,6,0.395,0.263,1,7.2,3.1,0.8,0.5,0,0.012,-4.7,-0.1,8.41
35,45,MIL,Jordan Nwora,Louisville,1,30,274,171,60,7,0.459,0.452,0.76,9.1,5.7,2,0.2,0.4,0.068,-1.3,0,9.22
36,46,POR,CJ Elleby,Washington State,1,30,192,68,32,10,0.379,0.206,0.733,6.4,2.3,1.1,0.3,0.1,0.032,-5.6,-0.2,3.57
37,48,GSW,Nico Mannion,Arizona,1,30,364,123,46,70,0.342,0.367,0.821,12.1,4.1,1.5,2.3,0.2,0.029,-4.1,-0.2,8.4
38,49,PHI,Isaiah Joe,Arkansas,1,41,383,153,36,20,0.361,0.368,0.75,9.3,3.7,0.9,0.5,0.6,0.078,-3.5,-0.1,8.02
39,50,ATL,Skylar Mays,LSU,1,33,269,124,35,30,0.449,0.35,0.88,8.2,3.8,1.1,0.9,0.8,0.14,1.6,0.2,8.27
40,51,GSW,Justinian Jessup,Boise State,,,,,,,,,,,,,,,,,,2.81
41,53,OKC,Cassius Winston,Michigan State,1,22,98,41,9,12,0.424,0.471,0.833,4.5,1.9,0.4,0.5,0.1,0.066,-3,0,10.17
42,54,IND,Cassius Stanley,Duke,1,24,93,36,20,1,0.302,0.231,0.778,3.9,1.5,0.8,0,-0.1,-0.05,-11.2,-0.2,8
43,56,CHO,Grant Riller,College of Charleston,1,7,27,18,1,3,0.667,0.5,,3.9,2.6,0.1,0.4,0.1,0.177,5.4,0.1,-1.82
44,57,LAC,Reggie Perry,Mississippi State,1,26,211,78,73,14,0.41,0.19,0.769,8.1,3,2.8,0.5,0.2,0.04,-6.7,-0.2,8.02
45,58,PHI,Paul Reed,DePaul,1,26,177,88,61,12,0.538,0,0.5,6.8,3.4,2.3,0.5,0.6,0.162,-0.9,0,7.15
46,59,TOR,Jalen Harris,Nevada,1,13,172,96,18,17,0.5,0.472,0.778,13.2,7.4,1.4,1.3,0.3,0.079,0.6,0.1,-0.11
47,60,NOP,Sam Merrill,Utah State University,1,30,233,89,30,21,0.444,0.447,1,7.8,3,1,0.7,0.5,0.102,-1.4,0,2.51
48,1,NOP,Zion Williamson,Duke,2,85,2694,2187,591,276,0.604,0.333,0.683,31.7,25.7,7,3.2,10.6,0.189,4.6,4.5,11.98
49,2,MEM,Ja Morant,Murray State,2,130,4127,2397,511,953,0.463,0.317,0.75,31.7,18.4,3.9,7.3,7,0.081,-0.2,1.8,-3.32
50,3,NYK,RJ Barrett,Duke,2,128,4215,2067,693,360,0.425,0.37,0.683,32.9,16.1,5.4,2.8,3.6,0.041,-2.7,-0.7,11.98
51,4,LAL,De'Andre Hunter,Virginia,2,86,2696,1122,396,156,0.43,0.348,0.799,31.3,13,4.6,1.8,1.8,0.032,-3.3,-0.9,9.61
52,5,CLE,Darius Garland,Vanderbilt,2,113,3614,1669,240,558,0.428,0.374,0.858,32,14.8,2.1,4.9,-0.1,-0.001,-3.6,-1.5,7.79
53,6,PHO,Jarrett Culver,Texas Tech,2,97,2005,760,316,134,0.406,0.288,0.503,20.7,7.8,3.3,1.4,-0.2,-0.005,-4.6,-1.3,9.56
54,7,CHI,Coby White,UNC,2,134,3830,1900,514,503,0.406,0.357,0.849,28.6,14.2,3.8,3.8,3.3,0.041,-2.7,-0.7,11.35
55,8,ATL,Jaxson Hayes,Texas,2,124,2044,921,516,91,0.647,0.389,0.697,16.5,7.4,4.2,0.7,7.4,0.174,0.1,1.1,11.46
56,9,WAS,Rui Hachimura,Gonzaga,2,105,3241,1438,606,169,0.473,0.313,0.797,30.9,13.7,5.8,1.6,3.9,0.058,-3.3,-1.1,3.91
57,10,ATL,Cam Reddish,Duke,2,84,2301,902,320,122,0.378,0.309,0.808,27.4,10.7,3.8,1.5,0,0.001,-4,-1.2,11.98
58,11,MIN,Cameron Johnson,UNC,2,117,2692,1077,386,155,0.427,0.367,0.828,23,9.2,3.3,1.3,5.2,0.093,-0.2,1.2,10.06
59,12,CHO,P.J. Washington,Kentucky,2,122,3713,1534,734,284,0.447,0.381,0.698,30.4,12.6,6,2.3,4.7,0.06,-1.4,0.6,10.51
60,13,MIA,Tyler Herro,Kentucky,2,109,3143,1558,492,305,0.434,0.375,0.834,28.8,14.3,4.5,2.8,3.2,0.05,-1.6,0.3,10.29
61,14,BOS,Romeo Langford,Indiana,2,50,653,135,76,26,0.353,0.222,0.73,13.1,2.7,1.5,0.5,0.2,0.016,-5,-0.5,10.1
62,16,ORL,Chuma Okeke,Auburn,1,45,1133,349,181,101,0.417,0.348,0.75,25.2,7.8,4,2.2,1.3,0.056,-1.4,0.2,9.11
63,17,BRK,Nickeil Alexander-Walker,Virginia Tech,2,93,1598,775,228,191,0.401,0.347,0.709,17.2,8.3,2.5,2.1,0.5,0.015,-2.7,-0.3,7.25
64,20,BOS,Matisse Thybulle,Washington,2,130,2585,560,231,142,0.421,0.33,0.559,19.9,4.3,1.8,1.1,5.1,0.094,0.9,1.9,7
65,21,OKC,Brandon Clarke,Gonzaga,2,117,2715,1310,673,176,0.567,0.305,0.724,23.2,11.2,5.8,1.5,9.1,0.162,2.1,2.8,2.7
66,22,BOS,Grant Williams,Tennessee,2,132,2181,531,356,132,0.426,0.32,0.657,16.5,4,2.7,1,2.7,0.058,-3.4,-0.8,10.15
67,24,PHI,Ty Jerome,Virginia,2,64,1116,455,137,164,0.415,0.39,0.76,17.4,7.1,2.1,2.6,1.3,0.055,-1.4,0.2,10.05
68,25,POR,Nassir Little,UNC,2,96,1213,392,236,45,0.45,0.302,0.719,12.6,4.1,2.5,0.5,1.7,0.066,-3.3,-0.4,11.35
69,26,CLE,Dylan Windler,Belmont,1,31,513,161,107,33,0.438,0.338,0.778,16.5,5.2,3.5,1.1,0.5,0.045,-1.7,0,-2.32
70,27,BRK,Mfiondu Kabengele,Florida State,2,51,344,137,71,19,0.388,0.314,0.84,6.7,2.7,1.4,0.4,0.4,0.054,-3.3,-0.1,9.38
71,28,GSW,Jordan Poole,Michigan,2,108,2262,1115,210,233,0.381,0.316,0.84,20.9,10.3,1.9,2.2,0.7,0.015,-4,-1.1,9.98
72,29,SAS,Keldon Johnson,Kentucky,2,86,2269,1035,469,136,0.492,0.36,0.75,26.4,12,5.5,1.6,4.3,0.092,-1.5,0.3,10.29
73,30,MIL,Kevin Porter Jr.,USC,2,76,1997,929,261,273,0.434,0.323,0.728,26.3,12.2,3.4,3.6,0.3,0.007,-3.8,-0.9,4.96
74,31,BRK,Nicolas Claxton,Georgia,2,47,781,278,210,44,0.606,0.167,0.494,16.6,5.9,4.5,0.9,2.4,0.145,0.1,0.4,8.5
75,32,PHO,KZ Okpala,Stanford,2,42,473,99,73,20,0.386,0.235,0.529,11.3,2.4,1.7,0.5,0.2,0.021,-6.7,-0.6,6.14
76,33,PHI,Carsen Edwards,Purdue,2,68,627,244,73,38,0.372,0.302,0.75,9.2,3.6,1.1,0.6,0.4,0.03,-4.7,-0.4,9.84
77,34,PHI,Bruno Fernando,Maryland,2,89,939,291,276,59,0.498,0.128,0.603,10.6,3.3,3.1,0.7,0.7,0.037,-4.8,-0.7,9.02
78,36,CHO,Cody Martin,Nevada,2,100,1752,445,319,181,0.435,0.252,0.62,17.5,4.5,3.2,1.8,2.1,0.056,-2.2,-0.1,6.59
79,38,CHI,Daniel Gafford,Arkansas,2,97,1400,600,337,50,0.691,,0.619,14.4,6.2,3.5,0.5,5.3,0.182,0.8,1,9.31
80,40,SAC,Justin James,Wyoming,2,72,542,228,62,40,0.446,0.343,0.544,7.5,3.2,0.9,0.6,0.3,0.024,-3.2,-0.2,1.62
81,41,GSW,Eric Paschall,Villanova,2,100,2349,1218,403,178,0.497,0.301,0.755,23.5,12.2,4,1.8,3,0.062,-2.9,-0.5,7.55
82,42,PHI,Admiral Schofield,Tennessee,1,33,368,99,47,15,0.38,0.311,0.667,11.2,3,1.4,0.5,0.1,0.017,-5.5,-0.3,9.58
83,43,MIN,Jaylen Nowell,Washington,2,57,910,436,108,81,0.415,0.301,0.847,16,7.6,1.9,1.4,0.9,0.045,-3.2,-0.3,6.54
84,44,MIA,Bol Bol,Oregon,2,39,247,109,43,13,0.453,0.394,0.72,6.3,2.8,1.1,0.3,0.1,0.02,-3.8,-0.1,6.13
85,45,DET,Isaiah Roby,Nebraska,2,64,1436,533,343,107,0.481,0.294,0.744,22.4,8.3,5.4,1.7,1.2,0.041,-3.6,-0.6,9.79
86,46,ORL,Talen Horton-Tucker,Iowa State,2,71,1385,619,176,187,0.459,0.285,0.767,19.5,8.7,2.5,2.6,2.2,0.077,-1.2,0.3,9.3
87,47,SAC,Ignas Brazdeikis,Michigan,2,22,302,108,50,21,0.39,0.324,0.737,13.7,4.9,2.3,1,0,-0.006,-6.2,-0.3,10.55
88,48,LAC,Terance Mann,Florida State,2,108,1625,571,297,157,0.501,0.405,0.793,15,5.3,2.8,1.5,4.5,0.133,-0.4,0.6,8.95
89,49,SAS,Quinndary Weatherspoon,Mississippi State,2,31,199,58,18,19,0.404,0.182,0.778,6.4,1.9,0.6,0.6,-0.1,-0.014,-6,-0.2,6.95
90,50,IND,Jarrell Brantley,College of Charleston,2,37,234,88,47,26,0.438,0.366,0.75,6.3,2.4,1.3,0.7,0.5,0.099,-0.6,0.1,-1.6
91,51,BOS,Tremont Waters,LSU,2,37,357,139,33,78,0.361,0.306,0.96,9.6,3.8,0.9,2.1,0.1,0.019,-2.3,0,8.59
92,52,CHO,Jalen McDaniels,San Diego State,2,63,1197,435,234,66,0.469,0.341,0.728,19,6.9,3.7,1,1.6,0.066,-3.3,-0.4,3.19
93,53,UTA,Justin Wright-Foreman,Hofstra,1,4,45,19,5,7,0.35,0.2,0.75,11.3,4.8,1.3,1.8,0,-0.008,-9,-0.1,-1.81
94,54,PHI,Marial Shayok,Iowa State,1,4,28,11,7,1,0.25,0.333,0.75,7,2.8,1.8,0.3,-0.1,-0.13,-13,-0.1,9.79
95,55,NYK,Kyle Guy,Virginia,2,34,245,91,36,33,0.333,0.265,0.8,7.2,2.7,1.1,1,-0.1,-0.016,-6.6,-0.3,10.05
96,56,LAC,Jaylen Hands,UCLA,,,,,,,,,,,,,,,,,,6.82
97,57,NOP,Jordan Bone,Tennessee,2,24,249,68,28,26,0.378,0.286,,10.4,2.8,1.2,1.1,0.1,0.01,-5.9,-0.2,10.15
98,58,GSW,Miye Oni,Yale,2,64,628,140,101,32,0.359,0.346,0.818,9.8,2.2,1.6,0.5,1,0.078,-2.5,-0.1,-2.08
99,59,TOR,Dewan Hernandez,Miami (FL),1,6,28,14,14,3,0.357,0.5,0.6,4.7,2.3,2.3,0.5,0,0.043,-9.6,-0.1,8.26
100,1,PHO,Deandre Ayton,Arizona,3,178,5534,2846,1892,296,0.588,0.189,0.756,31.1,16,10.6,1.7,17.4,0.151,0.5,3.5,6.84
101,2,SAC,Marvin Bagley III,Duke,3,118,3013,1716,886,115,0.5,0.314,0.663,25.5,14.5,7.5,1,5.3,0.085,-2.1,-0.1,9.71
102,4,MEM,Jaren Jackson Jr.,Michigan State,3,126,3395,1946,596,154,0.48,0.374,0.765,26.9,15.4,4.7,1.2,7.5,0.106,0.1,1.8,7.1
103,5,DAL,Trae Young,Oklahoma,3,204,6748,4921,801,1807,0.431,0.343,0.861,33.1,24.1,3.9,8.9,16.3,0.116,2.2,7,10.56
104,6,ORL,Mo Bamba,Texas,3,155,2369,991,800,116,0.471,0.325,0.646,15.3,6.4,5.2,0.7,5.9,0.12,-0.3,1,10.67
105,7,CHI,Wendell Carter Jr.,Duke,3,141,3741,1545,1155,233,0.506,0.241,0.749,26.5,11,8.2,1.7,8.6,0.11,-1.9,0.1,9.71
106,8,CLE,Collin Sexton,Alabama,3,207,6863,4180,627,697,0.458,0.385,0.831,33.2,20.2,3,3.4,5.4,0.038,-2.3,-0.6,10.64
107,9,NYK,Kevin Knox,Kentucky,3,182,3788,1545,580,162,0.369,0.345,0.703,20.8,8.5,3.2,0.9,-0.6,-0.007,-4.8,-2.6,10.73
108,10,PHI,Mikal Bridges,Villanova,3,227,6807,2321,865,454,0.497,0.376,0.83,30,10.2,3.8,2,15.7,0.111,0.7,4.7,9.74
109,11,CHO,Shai Gilgeous-Alexander,Kentucky,3,187,5782,3050,810,709,0.482,0.373,0.805,30.9,16.3,4.3,3.8,13,0.108,1.3,4.8,10.73
110,12,LAC,Miles Bridges,Michigan State,3,211,5623,2280,1082,356,0.461,0.354,0.816,26.6,10.8,5.1,1.7,8.8,0.075,-1.1,1.3,8.8
111,13,LAC,Jerome Robinson,Boston College,3,113,1604,514,208,131,0.363,0.31,0.721,14.2,4.5,1.8,1.2,-0.1,-0.003,-4.8,-1.1,3.22
112,14,DEN,Michael Porter Jr.,Missouri,2,116,2815,1674,704,116,0.532,0.439,0.806,24.3,14.4,6.1,1,9.8,0.167,2.5,3.2,9.19
113,15,WAS,Troy Brown,Oregon,3,155,3036,1125,633,287,0.432,0.33,0.754,19.6,7.3,4.1,1.9,3.5,0.055,-2.1,-0.1,6.99
114,16,PHO,Zhaire Smith,Texas Tech,2,13,143,48,15,12,0.378,0.316,0.667,11,3.7,1.2,0.9,0,0.011,-6.1,-0.2,9.6
115,17,MIL,Donte DiVincenzo,Villanova,3,159,3745,1429,763,388,0.432,0.349,0.728,23.6,9,4.8,2.4,8.5,0.108,0.3,2.2,9.74
116,18,SAS,Lonnie Walker,Miami (FL),3,138,2628,1103,311,178,0.419,0.369,0.773,19,8,2.3,1.3,0.7,0.014,-3.6,-1.1,6.96
117,19,ATL,Kevin Huerter,Maryland,3,200,5934,2233,704,668,0.422,0.376,0.783,29.7,11.2,3.5,3.3,6.6,0.053,-1.5,0.8,8.11
118,20,MIN,Josh Okogie,Georgia Tech,3,195,4501,1419,642,253,0.403,0.273,0.766,23.1,7.3,3.3,1.3,4.7,0.05,-3,-1.2,7.84
119,21,UTA,Grayson Allen,Duke,3,126,2393,1073,268,185,0.423,0.381,0.832,19,8.5,2.1,1.5,3.9,0.078,-1.8,0.2,10.27
120,22,CHI,Chandler Hutchison,Boise State,3,97,1768,554,371,77,0.441,0.309,0.638,18.2,5.7,3.8,0.8,1.2,0.032,-3.9,-0.9,2.57
121,23,IND,Aaron Holiday,UCLA,3,182,3439,1396,312,435,0.403,0.372,0.832,18.9,7.7,1.7,2.4,3.2,0.045,-2.5,-0.4,7.65
122,25,LAL,Moritz Wagner,Michigan,3,133,2003,910,450,130,0.48,0.315,0.817,15.1,6.8,3.4,1,3.1,0.075,-2.9,-0.4,9.16
123,26,PHI,Landry Shamet,Wichita State,3,193,4657,1781,346,315,0.416,0.397,0.834,24.1,9.2,1.8,1.6,8,0.083,-2,0,4.22
124,27,BOS,Robert Williams,Texas A&M,3,113,1656,648,567,128,0.72,0,0.623,14.7,5.7,5,1.1,8.5,0.247,5.1,3,9.29
125,28,GSW,Jacob Evans,Cincinnati,2,59,622,168,66,54,0.337,0.315,0.833,10.5,2.8,1.1,0.9,-0.6,-0.047,-7.4,-0.8,4.76
126,30,ATL,Omari Spellman,Villanova,2,95,1691,642,413,94,0.417,0.366,0.766,17.8,6.8,4.3,1,2.4,0.068,-1.5,0.2,10.24
127,32,MEM,Jevon Carter,West Virginia,3,157,2239,707,276,224,0.386,0.381,0.803,14.3,4.5,1.8,1.4,3.3,0.072,-0.6,0.8,9.53
128,33,DAL,Jalen Brunson,Villanova,3,198,4310,2001,534,657,0.489,0.373,0.775,21.8,10.1,2.7,3.3,9.8,0.109,-0.6,1.5,9.74
129,34,ATL,Devonte' Graham,Kansas,3,164,4546,2178,423,887,0.376,0.364,0.822,27.7,13.3,2.6,5.4,7.3,0.077,-0.2,2.1,11.86
130,35,ORL,Melvin Frazier,Tulane,2,29,170,55,15,4,0.4,0.364,0.375,5.9,1.9,0.5,0.1,0,0.008,-5.4,-0.2,3.37
131,37,SAC,Gary Trent Jr.,Duke,3,134,3245,1469,263,146,0.417,0.393,0.778,24.2,11,2,1.1,3.9,0.058,-2,0,9.71
132,38,PHI,Khyri Thomas,Creighton,3,39,409,160,39,36,0.388,0.316,0.75,10.5,4.1,1,0.9,0.5,0.058,-2.7,-0.1,7.83
133,41,ORL,Jarred Vanderbilt,Kentucky,3,92,1254,380,400,81,0.597,0.143,0.57,13.6,4.1,4.3,0.9,3.2,0.121,-1,0.3,10.73
134,42,DET,Bruce Brown,Miami (FL),3,197,4534,1409,808,425,0.471,0.298,0.74,23,7.2,4.1,2.2,7.9,0.084,-1.6,0.5,8.26
135,43,DEN,Justin Jackson,Maryland,,,,,,,,,,,,,,,,,,8.12
136,45,BRK,Hamidou Diallo,Kentucky,3,149,2648,1112,536,154,0.463,0.294,0.627,17.8,7.5,3.6,1,2.8,0.05,-3.3,-0.8,10.73
137,46,HOU,De'Anthony Melton,USC,3,162,3196,1177,515,466,0.412,0.35,0.775,19.7,7.3,3.2,2.9,4,0.06,-0.3,1.4,6.4
138,47,LAL,Sviatoslav Mykhailiuk,Kansas,3,164,3029,1196,303,253,0.4,0.362,0.764,18.5,7.3,1.8,1.5,1.8,0.028,-2.8,-0.6,11.86
139,48,MIN,Keita Bates-Diop,Ohio State,3,104,1492,518,259,59,0.429,0.302,0.694,14.3,5,2.5,0.6,1.9,0.061,-2.2,-0.1,7.69
140,49,SAS,Chimezie Metu,USC,3,83,738,335,181,51,0.48,0.317,0.74,8.9,4,2.2,0.6,0.6,0.039,-4,-0.4,6.78
141,50,IND,Alize Johnson,Missouri State,3,49,371,141,157,22,0.496,0.313,0.774,7.6,2.9,3.2,0.4,1.2,0.155,-0.5,0.1,0.82
142,51,NOP,Tony Carr,Penn State,,,,,,,,,,,,,,,,,,8.35
143,52,UTA,Vince Edwards,Purdue,1,2,16,3,2,0,0.25,0.25,,8,1.5,1,0,0,-0.014,-6.4,0,
144,53,OKC,Devon Hall,Virginia,1,11,81,20,7,13,0.2,0.235,0.5,7.4,1.8,0.6,1.2,-0.2,-0.116,-6.4,-0.1,9.73
145,54,DAL,Shake Milton,SMU,3,123,2534,1281,271,315,0.454,0.374,0.815,20.6,10.4,2.2,2.6,5.2,0.099,-1.9,0.1,4.22
146,56,PHI,Ray Spalding,Louisville,2,16,167,58,52,5,0.529,0,0.286,10.4,3.6,3.3,0.3,0.1,0.024,-5.7,-0.2,9.32
147,57,OKC,Kevin Hervey,UT Arlington,1,10,52,17,12,5,0.259,0.15,,5.2,1.7,1.2,0.5,-0.1,-0.085,-5.1,0,-2.12
148,58,DEN,Thomas Welsh,UCLA,1,11,36,18,4,5,0.538,0.429,0.5,3.3,1.6,0.4,0.5,0.1,0.162,1.2,0,7.8
149,59,PHO,George King,Colorado,1,1,6,0,1,0,,,,6,0,1,0,0,-0.001,-7.9,0,7.36
150,60,PHI,Kostas Antetokounmpo,Dayton,3,22,87,21,23,3,0.375,,0.474,4,1,1,0.1,-0.2,-0.098,-10.2,-0.2,2.7
151,1,PHI,Markelle Fultz,Washington,4,113,2891,1228,376,524,0.447,0.265,0.695,25.6,10.9,3.3,4.6,3.1,0.052,-2.2,-0.2,6.82
152,2,LAL,Lonzo Ball,UCLA,4,217,6975,2540,1257,1385,0.397,0.353,0.56,32.1,11.7,5.8,6.4,9.2,0.063,0.8,4.8,6.39
153,3,BOS,Jayson Tatum,Duke,4,289,9453,5594,1811,772,0.458,0.396,0.84,32.7,19.4,6.3,2.7,25.5,0.129,2.1,9.8,10.91
154,4,PHO,Josh Jackson,Kansas,4,240,5888,2948,1018,480,0.418,0.298,0.676,24.5,12.3,4.2,2,-1.7,-0.014,-3.8,-2.7,
155,5,SAC,De'Aaron Fox,Kentucky,4,263,8242,4781,907,1675,0.458,0.326,0.718,31.3,18.2,3.4,6.4,13.2,0.077,0.1,4.5,10.49
156,6,ORL,Jonathan Isaac,Florida State,3,136,3512,1269,741,146,0.435,0.33,0.797,25.8,9.3,5.4,1.1,6.7,0.091,0.2,2,8.87
157,7,MIN,Lauri Markkanen,Arizona,4,221,6511,3439,1559,273,0.44,0.366,0.845,29.5,15.6,7.1,1.2,11.6,0.086,-0.2,2.8,7.63
158,9,DAL,Dennis Smith Jr.,NC State,4,179,4514,2111,548,785,0.4,0.316,0.652,25.2,11.8,3.1,4.4,-1,-0.01,-2.4,-0.5,8.09
159,10,SAC,Zach Collins,Gonzaga,3,154,2691,881,614,139,0.444,0.324,0.722,17.5,5.7,4,0.9,3.9,0.069,-2.6,-0.4,4.13
160,11,CHO,Malik Monk,Kentucky,4,233,4159,2128,461,409,0.403,0.339,0.843,17.8,9.1,2,1.8,2,0.023,-2.7,-0.7,10.49
161,12,DET,Luke Kennard,Duke,4,227,5054,2133,618,457,0.449,0.413,0.86,22.3,9.4,2.7,2,9.7,0.092,-0.7,1.6,10.75
162,13,DEN,Donovan Mitchell,Louisville,4,278,9371,6501,1151,1184,0.439,0.362,0.829,33.7,23.4,4.1,4.3,21.8,0.112,1.8,9.1,9.44
163,14,MIA,Bam Adebayo,Kentucky,4,287,7841,3549,2286,999,0.559,0.159,0.738,27.3,12.4,8,3.5,28.3,0.173,2.7,9.4,10.49
164,15,POR,Justin Jackson,UNC,4,248,4742,1641,630,274,0.427,0.321,0.797,19.1,6.6,2.5,1.1,5.3,0.053,-2.8,-1,8.12
165,16,CHI,Justin Patton,Creighton,4,22,296,86,60,19,0.404,0.25,0.667,13.5,3.9,2.7,0.9,0.4,0.066,-2.6,0,8.95
166,17,MIL,DJ Wilson,Michigan,4,142,1749,617,436,103,0.411,0.329,0.598,12.3,4.3,3.1,0.7,2.4,0.067,-2.9,-0.4,9.23
167,18,IND,TJ Leaf,UCLA,4,146,1238,477,283,43,0.492,0.341,0.585,8.5,3.3,1.9,0.3,2.7,0.104,-1.8,0.1,6.39
168,19,ATL,John Collins,Wake Forest,4,239,6825,3961,2019,357,0.567,0.38,0.777,28.6,16.6,8.4,1.5,23.1,0.162,1.4,5.8,10.16
169,20,POR,Harry Giles,Duke,3,142,1835,832,543,174,0.511,0.258,0.671,12.9,5.9,3.8,1.2,3,0.079,-2.5,-0.2,10.91
170,22,BRK,Jarrett Allen,Texas,4,285,7253,3041,2362,375,0.611,0.2,0.696,25.4,10.7,8.3,1.3,26.5,0.175,1.2,5.8,12.75
171,23,TOR,OG Anunoby,Indiana,4,253,6332,2322,982,304,0.48,0.375,0.692,25,9.2,3.9,1.2,13.8,0.105,0,3.1,7.53
172,24,UTA,Tyler Lydon,Syracuse,2,26,96,23,18,6,0.5,0.4,0.333,3.7,0.9,0.7,0.2,0.2,0.084,-4.3,-0.1,9.11
173,26,POR,Caleb Swanigan,Purdue,3,75,655,169,218,56,0.438,0.118,0.614,8.7,2.3,2.9,0.7,-0.2,-0.015,-6.2,-0.7,8.12
174,27,BRK,Kyle Kuzma,Utah,4,276,8195,4206,1555,526,0.448,0.338,0.727,29.7,15.2,5.6,1.9,12.2,0.072,-1.2,1.5,6.84
175,28,LAL,Tony Bradley,UNC,4,112,1412,610,532,62,0.649,0.429,0.676,12.6,5.4,4.8,0.6,6.1,0.208,0.9,1,11.76
176,29,SAS,Derrick White,Colorado,4,188,4608,2035,603,640,0.452,0.357,0.825,24.5,10.8,3.2,3.4,10.2,0.106,1.1,3.6,6
177,30,UTA,Josh Hart,Villanova,4,242,6280,2111,1313,390,0.432,0.348,0.728,26,8.7,5.4,1.6,11.4,0.087,-0.8,1.9,8.51
178,31,CHO,Frank Jackson,Duke,3,160,2704,1256,303,166,0.431,0.348,0.767,16.9,7.9,1.9,1,1.8,0.031,-4.2,-1.5,10.91
179,32,PHO,Davon Reed,Miami (FL),2,31,289,75,45,16,0.307,0.31,0.667,9.3,2.4,1.5,0.5,-0.2,-0.039,-6.3,-0.3,8.24
180,33,ORL,Wesley Iwundu,Kansas State,4,223,3745,967,542,208,0.407,0.286,0.799,16.8,4.3,2.4,0.9,4.2,0.053,-3.8,-1.8,9.51
181,34,SAC,Frank Mason,Kansas,4,103,1616,695,204,272,0.396,0.301,0.755,15.7,6.7,2,2.6,1.2,0.035,-2.7,-0.3,11.74
182,35,ORL,Ivan Rabb,California,2,85,1237,485,364,86,0.555,0.2,0.743,14.6,5.7,4.3,1,3.2,0.125,-1.7,0.1,7.1
183,37,BOS,Semi Ojeleye,SMU,4,254,3705,877,539,117,0.394,0.349,0.701,14.6,3.5,2.1,0.5,5,0.064,-3.3,-1.2,
184,38,CHI,Jordan Bell,Oregon,4,160,1935,593,496,201,0.552,0.2,0.636,12.1,3.7,3.1,1.3,4.9,0.121,0.2,1.1,8.23
185,39,PHI,Jawun Evans,Oklahoma State,2,56,843,237,96,110,0.345,0.263,0.776,15.1,4.2,1.7,2,-0.4,-0.022,-5.4,-0.7,10.51
186,40,NOP,Dwayne Bacon,Florida State,4,207,4012,1503,537,230,0.402,0.314,0.78,19.4,7.3,2.6,1.1,0.8,0.01,-5,-3.1,8.52
187,41,ATL,Tyler Dorsey,Oregon,2,104,1672,701,243,135,0.389,0.35,0.669,16.1,6.7,2.3,1.3,1,0.03,-3.1,-0.5,8.51
188,42,UTA,Thomas Bryant,Indiana,4,143,2986,1532,863,196,0.6,0.362,0.748,20.9,10.7,6,1.4,10.5,0.169,1.8,2.8,7.53
189,44,NYK,Damyean Dotson,Oregon,4,211,4221,1590,530,314,0.417,0.346,0.711,20,7.5,2.5,1.5,3,0.034,-2.8,-0.9,
190,45,HOU,Dillon Brooks,Oregon,4,240,6789,3365,727,458,0.42,0.353,0.79,28.3,14,3,1.9,3.7,0.026,-4.1,-3.7,8.23
191,46,PHI,Sterling Brown,SMU,4,215,3806,1271,734,232,0.426,0.374,0.781,17.7,5.9,3.4,1.1,5.8,0.073,-2,0,10.11
192,47,IND,Ike Anigbogu,UCLA,2,14,36,13,12,1,0.333,,0.833,2.6,0.9,0.9,0.1,0,0.057,-1.1,0,6.39
193,48,MIL,Sindarius Thornwell,South Carolina,4,160,1721,401,206,111,0.407,0.34,0.672,10.8,2.5,1.3,0.7,1.1,0.032,-3.1,-0.5,7.8
194,51,DEN,Monte Morris,Iowa State,4,205,4827,2002,429,709,0.479,0.393,0.816,23.5,9.8,2.1,3.5,13.1,0.13,0.4,2.9,10.28
195,52,NOP,Edmond Sumner,Xavier,4,108,1520,619,165,114,0.474,0.333,0.728,14.1,5.7,1.5,1.1,1.9,0.061,-3.2,-0.5,9.81
196,53,BOS,Kadeem Allen,Arizona,3,47,640,258,71,109,0.435,0.349,0.757,13.6,5.5,1.5,2.3,1,0.075,-1,0.2,7.43
197,54,PHO,Alec Peters,Valparaiso,1,20,225,82,37,12,0.378,0.31,0.8,11.3,4.1,1.9,0.6,0.3,0.055,-2.8,0,-0.95
198,55,UTA,Nigel Williams-Goss,Gonzaga,1,10,50,14,6,6,0.313,0.286,1,5,1.4,0.6,0.6,0,0.017,-3.9,0,
199,56,BOS,Jabari Bird,California,1,13,115,39,19,8,0.577,0.429,0.462,8.8,3,1.5,0.6,0.2,0.098,-3.1,0,6.95
200,59,SAS,Jaron Blossomgame,Clemson,1,27,439,114,98,13,0.443,0.256,0.769,16.3,4.2,3.6,0.5,0.3,0.03,-3.8,-0.2,7.5
201,1,PHI,Ben Simmons,LSU,4,275,9326,4382,2217,2127,0.56,0.147,0.597,33.9,15.9,8.1,7.7,30.4,0.156,3.7,13.4,7
202,2,LAL,Brandon Ingram,Duke,5,313,10211,5566,1576,1105,0.461,0.367,0.756,32.6,17.8,5,3.5,14.8,0.07,-0.7,3.4,10.59
203,3,BOS,Jaylen Brown,California,5,337,9339,5085,1590,591,0.473,0.378,0.699,27.7,15.1,4.7,1.8,18.7,0.096,-0.4,3.9,7.87
204,5,MIN,Kris Dunn,Providence,5,231,5561,1889,766,950,0.42,0.305,0.727,24.1,8.2,3.3,4.1,3.7,0.032,-1.9,0.1,8.09
205,6,NOP,Buddy Hield,Oklahoma,5,387,11176,6198,1650,951,0.435,0.406,0.863,28.9,16,4.3,2.5,15.2,0.065,0.4,6.7,9.28
206,7,DEN,Jamal Murray,Kentucky,5,345,10384,5639,1258,1322,0.446,0.367,0.878,30.1,16.3,3.6,3.8,20.8,0.096,0.2,5.9,8.84
207,8,SAC,Marquese Chriss,Washington,5,258,4992,2052,1263,281,0.455,0.289,0.667,19.3,8,4.9,1.1,5.7,0.055,-2.3,-0.4,8.12
208,9,TOR,Jakob Poeltl,Utah,5,348,6439,2120,1890,412,0.632,0.5,0.528,18.5,6.1,5.4,1.2,22,0.164,0.8,4.6,8.1
209,11,ORL,Domantas Sabonis,Gonzaga,5,353,9670,4790,3063,1170,0.525,0.321,0.725,27.4,13.6,8.7,3.3,27.5,0.137,1.3,8,4.67
210,12,UTA,Taurean Prince,Baylor,5,301,7759,3397,1268,579,0.411,0.37,0.823,25.8,11.3,4.2,1.9,6.1,0.038,-1.9,0.1,9.08
211,14,CHI,Denzel Valentine,Michigan State,4,232,4595,1726,815,455,0.394,0.357,0.787,19.8,7.4,3.5,2,4.3,0.045,-1.9,0.1,9.21
212,17,MEM,Wade Baldwin,Vanderbilt,3,56,579,174,69,78,0.355,0.25,0.776,10.3,3.1,1.2,1.4,-0.3,-0.028,-5.3,-0.5,7.45
213,18,DET,Henry Ellenson,Marquette,5,83,787,342,206,49,0.371,0.336,0.773,9.5,4.1,2.5,0.6,0.4,0.023,-3.7,-0.3,5.57
214,19,DEN,Malik Beasley,Florida State,5,257,5050,2535,598,302,0.446,0.391,0.816,19.6,9.9,2.3,1.2,7.6,0.072,-1.1,1.2,8.16
215,20,IND,Caris LeVert,Michigan,5,260,6980,3663,1002,1009,0.435,0.336,0.732,26.8,14.1,3.9,3.9,9.7,0.066,-0.4,2.7,9.3
216,21,ATL,DeAndre' Bembry,Saint Joseph's,5,240,4644,1466,787,467,0.459,0.268,0.612,19.4,6.1,3.3,1.9,2.2,0.023,-2.7,-0.8,4.2
217,22,CHO,Malachi Richardson,Syracuse,3,70,625,198,70,24,0.358,0.301,0.783,8.9,2.8,1,0.3,-0.1,-0.009,-6.1,-0.7,9.75
218,25,LAC,Brice Johnson,UNC,2,21,107,47,34,3,0.449,0,0.6,5.1,2.2,1.6,0.1,0.1,0.062,-0.6,0,9.72
219,27,TOR,Pascal Siakam,New Mexico State,5,332,9202,4739,1942,881,0.488,0.325,0.782,27.7,14.3,5.8,2.7,25.2,0.131,1.2,7.4,-3.6
220,28,PHO,Skal Labissiere,Kentucky,4,148,2595,1069,662,152,0.492,0.353,0.748,17.5,7.2,4.5,1,4.4,0.081,-2.3,-0.2,8.84
221,29,SAS,Dejounte Murray,Washington,4,252,5891,2555,1357,913,0.452,0.332,0.758,23.4,10.1,5.4,3.6,9.1,0.074,0.2,3.3,8.12
222,30,GSW,Damian Jones,Vanderbilt,5,143,2018,663,439,94,0.669,0.214,0.691,14.1,4.6,3.1,0.7,5.9,0.141,-1.5,0.3,7.13
223,31,BOS,Deyonta Davis,Michigan State,3,107,1299,454,346,47,0.599,0,0.635,12.1,4.2,3.2,0.4,3.6,0.131,-2.1,0,6.94
224,33,LAC,Cheick Diallo,Kansas,4,180,2155,947,747,78,0.598,0.286,0.772,12,5.3,4.2,0.4,6.3,0.14,-1.3,0.4,11.22
225,34,PHO,Tyler Ulis,Kentucky,3,133,2782,998,223,537,0.403,0.28,0.808,20.9,7.5,1.7,4,0.5,0.008,-3.6,-1.1,8.76
226,36,MIL,Malcolm Brogdon,Virginia,5,297,8846,4472,1213,1384,0.466,0.386,0.887,29.8,15.1,4.1,4.7,21.5,0.117,0.8,6.4,7.76
227,37,HOU,Chinanu Onuaku,Louisville,2,6,74,18,14,4,0.583,,1,12.3,3,2.3,0.7,0.1,0.043,-5.4,-0.1,8.36
228,38,MIL,Patrick McCaw,UNLV,5,199,3373,760,319,270,0.42,0.305,0.785,16.9,3.8,1.6,1.4,4.4,0.062,-2.8,-0.6,3.28
229,40,NOP,Diamond Stone,Maryland,1,7,24,10,6,0,0.231,,1,3.4,1.4,0.9,0,-0.1,-0.211,-20.8,-0.1,8.31
230,41,ORL,Stephen Zimmerman Jr.,UNLV,1,19,108,23,35,4,0.323,,0.6,5.7,1.2,1.8,0.2,0,-0.005,-8.3,-0.2,3.17
231,42,UTA,Isaiah Whitehead,Seton Hall,2,89,1823,643,210,212,0.411,0.305,0.788,20.5,7.2,2.4,2.4,-0.9,-0.025,-5,-1.4,7.92
232,45,BOS,Demetrius Jackson,Notre Dame,3,26,136,48,19,17,0.486,0.286,0.667,5.2,1.8,0.7,0.7,0.2,0.087,-0.5,0.1,7.79
233,46,DAL,AJ Hammons,Purdue,1,22,163,48,36,4,0.405,0.5,0.45,7.4,2.2,1.6,0.2,0,-0.001,-6.6,-0.2,7.64
234,47,ORL,Jake Layman,Maryland,5,209,2868,1094,381,118,0.464,0.306,0.719,13.7,5.2,1.8,0.6,3.7,0.062,-2.3,-0.2,7.17
235,49,DET,Michael Gbinije,Syracuse,1,9,32,4,3,2,0.1,0,1,3.6,0.4,0.3,0.2,-0.1,-0.136,-12.1,-0.1,
236,50,IND,Georges Niang,Iowa State,5,229,2718,1157,416,146,0.437,0.404,0.867,11.9,5.1,1.8,0.6,5.4,0.094,-0.6,1,8.83
237,51,BOS,Ben Bentil,Providence,1,3,10,0,2,0,0,0,,3.3,0,0.7,0,-0.1,-0.473,-25.9,-0.1,8.98
238,52,UTA,Joel Bolomboy,Weber State,2,18,91,31,27,2,0.545,0.2,0.5,5.1,1.7,1.5,0.1,0.3,0.132,-0.1,0,-4.62
239,54,ATL,Kay Felder,Oakland,2,58,526,223,59,78,0.364,0.268,0.754,9.1,3.8,1,1.3,-0.4,-0.041,-4.7,-0.4,0.81
240,55,BRK,Marcus Paige,UNC,1,5,28,12,4,3,0.286,0.25,1,5.6,2.4,0.8,0.6,0,-0.006,-8.8,0,9.72
241,56,DEN,Daniel Hamilton,UConn,2,25,232,69,52,30,0.394,0.357,0.5,9.3,2.8,2.1,1.2,0,0,-3.3,-0.1,5.25
242,58,BOS,Abdel Nader,Iowa State,4,188,2438,892,349,103,0.432,0.36,0.725,13,4.7,1.9,0.5,2.8,0.055,-2.5,-0.3,
243,59,SAC,Isaiah Cousins,Oklahoma,,,,,,,,,,,,,,,,,,9.28
244,60,UTA,Tyrone Wallace,California,3,106,1639,549,228,126,0.425,0.203,0.671,15.5,5.2,2.2,1.2,0.2,0.006,-5.1,-1.3,7.31
245,1,MIN,Karl-Anthony Towns,Kentucky,6,408,13996,9352,4738,1217,0.527,0.394,0.835,34.3,22.9,11.6,3,55.8,0.191,4.8,23.8,8.67
246,2,LAL,D'Angelo Russell,Ohio State,6,359,10400,6328,1287,1910,0.421,0.36,0.771,29,17.6,3.6,5.3,10,0.046,0.4,6.4,7.37
247,3,PHI,Jahlil Okafor,Duke,6,247,4827,2566,1169,225,0.542,0.222,0.676,19.5,10.4,4.7,0.9,7.2,0.071,-2.1,-0.1,9.87
248,6,SAC,Willie Cauley-Stein,Kentucky,6,402,9093,3641,2430,588,0.545,0.167,0.612,22.6,9.1,6,1.5,23.1,0.122,-0.1,4.4,8.12
249,8,DET,Stanley Johnson,Arizona,6,371,7316,2312,1154,532,0.375,0.298,0.761,19.7,6.2,3.1,1.4,4.4,0.029,-2.8,-1.5,7.41
250,9,CHO,Frank Kaminsky,Wisconsin,6,368,7744,3446,1486,606,0.427,0.348,0.739,21,9.4,4,1.6,14.4,0.089,-0.5,3,9.61
251,10,MIA,Justise Winslow,Duke,6,267,7355,2359,1413,707,0.411,0.324,0.64,27.5,8.8,5.3,2.6,7,0.046,-2.1,-0.2,9.87
252,11,IND,Myles Turner,Texas,6,389,11144,4945,2582,469,0.487,0.352,0.77,28.6,12.7,6.6,1.2,29.7,0.128,0.5,7.1,9.07
253,12,UTA,Trey Lyles,Kentucky,6,374,6680,2717,1574,389,0.435,0.341,0.705,17.9,7.3,4.2,1,10.9,0.079,-1.2,1.3,8.67
254,13,PHO,Devin Booker,Kentucky,6,409,13727,9395,1523,1899,0.455,0.352,0.87,33.6,23,3.7,4.6,22.3,0.078,-0.1,6.4,5.58
255,14,OKC,Cameron Payne,Murray State,6,221,3716,1506,449,623,0.426,0.372,0.822,16.8,6.8,2,2.8,6.3,0.081,-0.7,1.3,-3.19
256,15,ATL,Kelly Oubre,Kansas,6,403,10062,4632,1772,400,0.433,0.326,0.764,25,11.5,4.4,1,14.3,0.068,-1.9,0.2,12.13
257,16,BOS,Terry Rozier,Louisville,6,404,9980,4631,1551,1183,0.41,0.376,0.814,24.7,11.5,3.8,2.9,18.1,0.087,0.3,5.8,6.89
258,17,MIL,Rashad Vaughn,UNLV,3,139,1671,423,158,75,0.337,0.313,0.692,12,3,1.1,0.5,-0.6,-0.017,-4.7,-1.2,3.38
259,18,HOU,Sam Dekker,Wisconsin,4,200,3096,1094,607,160,0.478,0.288,0.606,15.5,5.5,3,0.8,5.4,0.083,-1.4,0.5,10.07
260,19,WAS,Jerian Grant,Notre Dame,5,279,4998,1692,530,805,0.411,0.323,0.77,17.9,6.1,1.9,2.9,8.3,0.08,-1.6,0.5,6.88
261,20,TOR,Delon Wright,Utah,6,334,7125,2610,1098,1058,0.453,0.35,0.792,21.3,7.8,3.3,3.2,19.2,0.129,2.1,7.3,6.82
262,21,DAL,Justin Anderson,Virginia,5,226,2964,1182,575,151,0.413,0.296,0.774,13.1,5.2,2.5,0.7,4.6,0.074,-1.4,0.5,6.64
263,22,CHI,Bobby Portis,Arkansas,6,381,7809,3969,2338,451,0.468,0.38,0.752,20.5,10.4,6.1,1.2,15.6,0.096,-0.8,2.3,6.18
264,23,POR,Rondae Hollis-Jefferson,Arizona,6,305,6759,2760,1684,579,0.449,0.212,0.735,22.2,9,5.5,1.9,12.9,0.091,-0.7,2.3,8.23
265,24,CLE,Tyus Jones,Duke,6,382,6828,2175,623,1367,0.431,0.34,0.818,17.9,5.7,1.6,3.6,14.2,0.1,0,3.5,9.87
266,25,MEM,Jarell Martin,LSU,4,184,2927,998,639,114,0.434,0.346,0.766,15.9,5.4,3.5,0.6,3.2,0.053,-4.3,-1.7,6.12
267,27,LAL,Larry Nance Jr.,Wyoming,6,350,8487,2889,2329,666,0.529,0.333,0.687,24.2,8.3,6.7,1.9,22.2,0.125,1.2,6.8,2.08
268,28,BOS,RJ Hunter,Georgia State University,4,45,395,133,46,19,0.371,0.295,0.818,8.8,3,1,0.4,0.4,0.051,-2,0,-2.33
269,29,BRK,Chris McCullough,Syracuse,3,59,532,194,112,15,0.426,0.306,0.548,9,3.3,1.9,0.3,0.6,0.054,-2.5,-0.1,7.68
270,30,GSW,Kevon Looney,UCLA,6,285,4282,1230,1154,333,0.566,0.175,0.609,15,4.3,4,1.2,13.7,0.153,-0.8,1.3,8.27
271,32,HOU,Montrezl Harrell,Louisville,6,387,8223,4968,1998,497,0.616,0.083,0.65,21.2,12.8,5.2,1.3,33.4,0.195,2.6,9.6,7.64
272,33,BOS,Jordan Mickey,LSU,3,64,482,152,128,17,0.449,0.118,0.605,7.5,2.4,2,0.3,0.5,0.05,-4.8,-0.3,6.12
273,34,LAL,Anthony Brown,Stanford,3,41,762,161,103,28,0.328,0.286,0.85,18.6,3.9,2.5,0.7,-0.2,-0.016,-5.1,-0.6,7.55
274,36,MIN,Rakeem Christmas,Syracuse,2,30,225,63,57,4,0.467,,0.724,7.5,2.1,1.9,0.1,0.5,0.105,-4.7,-0.2,7.88
275,37,PHI,Richaun Holmes,Bowling Green,6,331,6849,3137,1850,355,0.597,0.252,0.741,20.7,9.5,5.6,1.1,23.4,0.164,0.5,4.3,-1.07
276,38,DET,Darrun Hilliard,Villanova,3,91,859,295,85,71,0.377,0.304,0.747,9.4,3.2,0.9,0.8,0.3,0.016,-4.7,-0.6,7.8
277,40,MIA,Josh Richardson,Tennessee,6,373,11432,4604,1192,1057,0.427,0.358,0.832,30.6,12.3,3.2,2.8,20.3,0.085,-0.6,4.1,1.81
278,41,BRK,Pat Connaughton,Notre Dame,6,352,6026,1824,1119,439,0.441,0.353,0.787,17.1,5.2,3.2,1.2,13.7,0.109,-0.4,2.4,6.88
279,42,UTA,Olivier Hanlan,Boston College,,,,,,,,,,,,,,,,,,7.86
280,43,IND,Joe Young,Oregon,3,127,1077,429,130,119,0.393,0.296,0.768,8.5,3.4,1,0.9,0.4,0.016,-4.1,-0.6,3.04
281,44,PHO,Andrew Harrison,Kentucky,3,145,2987,1012,287,399,0.373,0.294,0.779,20.6,7,2,2.8,3.2,0.051,-2.8,-0.6,9.28
282,45,BOS,Marcus Thornton,William & Mary,,,,,,,,,,,,,,,,,,4.46
283,46,MIL,Norman Powell,UCLA,6,376,7965,3923,943,529,0.463,0.377,0.837,21.2,10.4,2.5,1.4,16.7,0.101,-0.2,3.6,7.25
284,48,OKC,Dakari Johnson,Kentucky,1,31,161,55,34,8,0.564,,0.55,5.2,1.8,1.1,0.3,0.6,0.178,-0.3,0.1,9.28
285,49,WAS,Aaron White,Iowa,,,,,,,,,,,,,,,,,,-5.27
286,51,ORL,Tyler Harvey,Eastern Washington,,,,,,,,,,,,,,,,,,-4.49
287,53,CLE,Sir'Dominic Pointer,St. John's,,,,,,,,,,,,,,,,,,7.43
288,55,SAS,Cady Lalanne,UMass,,,,,,,,,,,,,,,,,,4.55
289,56,NOP,Branden Dawson,Michigan State,1,6,29,5,4,0,0.4,,1,4.8,0.8,0.7,0,0,0.069,-5.7,0,9.93
290,58,PHI,J.P. Tokoto,UNC,,,,,,,,,,,,,,,,,,9.4
291,1,CLE,Anthony Bennett,UNLV,4,151,1905,658,472,77,0.392,0.261,0.67,12.6,4.4,3.1,0.5,0.5,0.013,-4.8,-1.3,5.71
292,2,ORL,Victor Oladipo,Indiana,8,454,14968,7955,2094,1796,0.438,0.347,0.791,33,17.5,4.6,4,24.6,0.079,0.9,10.9,7.94
293,3,WAS,Otto Porter,Georgetown,8,441,11684,4821,2189,673,0.479,0.402,0.793,26.5,10.9,5,1.5,31.1,0.128,1.6,10.6,7.64
294,4,CHA,Cody Zeller,Indiana,8,467,10618,4062,2824,669,0.518,0.227,0.729,22.7,8.7,6,1.4,31,0.14,-0.5,4.1,8.09
295,5,PHO,Alex Len,Maryland,8,531,10149,4136,3180,444,0.506,0.332,0.685,19.1,7.8,6,0.8,20.7,0.098,-1.9,0.2,5.32
296,6,NOH,Nerlens Noel,Kentucky,7,425,9524,3218,2648,468,0.549,0.2,0.653,22.4,7.6,6.2,1.1,26.8,0.135,0.9,7,5.78
297,7,SAC,Ben McLemore,Kansas,8,492,11249,4360,1166,504,0.416,0.363,0.776,22.9,8.9,2.4,1,8.2,0.035,-3.1,-3,7.54
298,8,DET,Kentavious Caldwell-Pope,Georgia,8,606,17645,6893,1887,1005,0.419,0.355,0.803,29.1,11.4,3.1,1.7,31.8,0.087,-0.7,5.6,7.02
299,9,MIN,Trey Burke,Michigan,8,456,9960,4578,845,1465,0.411,0.346,0.808,21.8,10,1.9,3.2,12.9,0.062,-1.2,2,9.51
300,10,POR,CJ McCollum,Lehigh,8,528,16479,9971,1772,1729,0.455,0.398,0.826,31.2,18.9,3.4,3.3,36.7,0.107,1.2,13.3,-5.41
301,11,PHI,Michael Carter-Williams,Syracuse,8,391,9898,4023,1713,1701,0.402,0.255,0.706,25.3,10.3,4.4,4.4,6.6,0.032,-1.2,1.9,8.29
302,12,OKC,Steven Adams,Pitt,8,588,15812,5629,4543,726,0.591,0.077,0.548,26.9,9.6,7.7,1.2,49.1,0.149,0.3,9.1,5.63
303,13,DAL,Kelly Olynyk,Gonzaga,8,570,12644,5781,2910,1137,0.478,0.367,0.783,22.2,10.1,5.1,2,33.6,0.128,0.9,9,4
304,14,UTA,Shabazz Muhammad,UCLA,5,278,4772,2504,770,151,0.473,0.319,0.751,17.2,9,2.8,0.5,8.5,0.085,-2,0,7.82
305,18,ATL,Shane Larkin,Miami (FL),4,256,4880,1399,490,737,0.422,0.336,0.777,19.1,5.5,1.9,2.9,4.4,0.044,-2.4,-0.6,7.03
306,20,CHI,Tony Snell,New Mexico,8,548,12270,3485,1268,641,0.433,0.397,0.844,22.4,6.4,2.3,1.2,18.1,0.071,-1.9,0.3,4.95
307,21,UTA,Gorgui Dieng,Louisville,8,553,11896,4316,3306,750,0.501,0.357,0.793,21.5,7.8,6,1.4,29.5,0.119,0.3,6.9,8.78
308,22,BRK,Mason Plumlee,Duke,8,588,12976,5007,3813,1385,0.579,0.051,0.572,22.1,8.5,6.5,2.4,39.5,0.146,1.4,11.3,8.87
309,23,IND,Solomon Hill,Arizona,8,435,9513,2445,1376,650,0.39,0.333,0.797,21.9,5.6,3.2,1.5,11.9,0.06,-2.2,-0.4,7.05
310,24,NYK,Tim Hardaway Jr.,Michigan,8,544,14592,7551,1494,1003,0.425,0.36,0.816,26.8,13.9,2.7,1.8,23.8,0.078,-0.9,4.1,9.9
311,25,LAC,Reggie Bullock,UNC,8,366,7873,2799,854,441,0.433,0.392,0.844,21.5,7.6,2.3,1.2,14.9,0.091,-0.6,2.7,8.41
312,26,MIN,Andre Roberson,Colorado,7,307,6801,1382,1230,265,0.473,0.253,0.468,22.2,4.5,4,0.9,12.6,0.089,-0.6,2.3,6.43
313,29,OKC,Archie Goodwin,Kentucky,4,165,2396,1040,331,206,0.429,0.236,0.7,14.5,6.3,2,1.2,1.1,0.022,-3,-0.6,5.78
314,31,CLE,Allen Crabbe,California,7,381,9125,3453,1073,434,0.425,0.387,0.831,24,9.1,2.8,1.1,13.7,0.072,-1.6,0.9,7.16
315,33,CLE,Carrick Felix,Arizona State,1,7,38,19,6,4,0.5,0.4,0.75,5.4,2.7,0.9,0.6,0,0.057,-3.4,0,5.37
316,34,HOU,Isaiah Canaan,Murray State,6,235,4799,1913,438,454,0.371,0.351,0.836,20.4,8.1,1.9,1.9,4.3,0.043,-2.4,-0.5,-3.56
317,35,PHI,Glen Rice Jr.,Georgia Tech,2,16,152,43,24,9,0.269,0.25,0.692,9.5,2.7,1.5,0.6,-0.2,-0.065,-6.6,-0.2,6.27
318,36,SAC,Ray McCallum,Detroit Mercy,3,154,2808,920,306,368,0.408,0.335,0.711,18.2,6,2,2.4,2.1,0.035,-2.6,-0.4,0.84
319,37,DET,Tony Mitchell,University of North Texas,1,21,79,22,26,2,0.417,1,0.579,3.8,1,1.2,0.1,0.2,0.151,0.4,0,-2.64
320,38,WAS,Nate Wolters,South Dakota State,3,84,1575,461,185,209,0.423,0.261,0.635,18.8,5.5,2.2,2.5,0.9,0.028,-2.6,-0.2,-3.55
321,39,POR,Jeff Withey,Kansas,5,206,2072,666,518,64,0.525,0.143,0.716,10.1,3.2,2.5,0.3,6.8,0.157,0.5,1.3,8.34
322,40,POR,Grant Jerrett,Arizona,1,8,51,16,9,3,0.269,0.067,1,6.4,2,1.1,0.4,-0.1,-0.128,-10.8,-0.1,7.47
323,41,MEM,Jamaal Franklin,San Diego State,2,24,174,42,25,9,0.415,0.462,1,7.3,1.8,1,0.4,0,-0.006,-5.9,-0.2,5.45
324,42,PHI,Pierre Jackson,Baylor,1,8,84,35,9,19,0.333,0.273,0.857,10.5,4.4,1.1,2.4,0,0.021,-4.4,-0.1,7.58
325,44,DAL,Mike Muscala,Bucknell,8,389,6102,2322,1242,356,0.458,0.368,0.847,15.7,6,3.2,0.9,14.5,0.114,-0.3,2.7,-3.94
326,46,UTA,Erick Green,Virginia Tech,2,52,452,159,37,42,0.377,0.288,0.857,8.7,3.1,0.7,0.8,0.1,0.011,-4,-0.2,5.97
327,48,LAL,Ryan Kelly,Duke,4,163,3125,981,504,215,0.378,0.316,0.797,19.2,6,3.1,1.3,3,0.046,-2.6,-0.5,8.87
328,49,CHI,Erik Murphy,Florida,1,24,62,6,8,2,0.231,0,,2.6,0.3,0.3,0.1,-0.1,-0.055,-8.6,-0.1,7.22
329,50,ATL,James Ennis,Cal State Long Beach,7,388,7966,2600,1294,370,0.457,0.36,0.797,20.5,6.7,3.3,1,16.1,0.097,-1.5,0.9,1.39
330,51,ORL,Romero Osby,Oklahoma,,,,,,,,,,,,,,,,,,
331,52,MIN,Lorenzo Brown,NC State,5,103,1185,293,151,183,0.364,0.17,0.707,11.5,2.8,1.5,1.8,-0.2,-0.007,-3.5,-0.5,6.92
332,53,IND,Colton Iverson,Colorado State,,,,,,,,,,,,,,,,,,
333,54,WAS,Arsalan Kazemi,Oregon,,,,,,,,,,,,,,,,,,
334,56,DET,Peyton Siva,Louisville,1,24,224,54,14,34,0.316,0.28,0.733,9.3,2.3,0.6,1.4,-0.2,-0.032,-6.4,-0.2,8.58
335,57,PHO,Alex Oriakhi,Missouri,,,,,,,,,,,,,,,,,,
336,58,SAS,Deshaun Thomas,Ohio State,,,,,,,,,,,,,,,,,,8.93
337,1,NOH,Anthony Davis,Kentucky,9,564,19401,13463,5769,1292,0.514,0.312,0.799,34.4,23.9,10.2,2.3,86.8,0.215,6.2,40,7.93
338,2,CHA,Michael Kidd-Gilchrist,Kentucky,8,446,10978,3750,2420,515,0.474,0.272,0.715,24.6,8.4,5.4,1.2,21,0.092,-1.8,0.6,7.93
339,3,WAS,Bradley Beal,Florida,9,605,20979,13303,2452,2436,0.456,0.377,0.82,34.7,22,4.1,4,47.4,0.108,1.8,19.9,7.33
340,4,CLE,Dion Waiters,Syracuse,8,419,11835,5505,1108,1163,0.412,0.346,0.694,28.2,13.1,2.6,2.8,8.8,0.036,-2.1,-0.4,8.4
341,5,SAC,Thomas Robinson,Kansas,5,313,4204,1528,1507,190,0.47,0,0.505,13.4,4.9,4.8,0.6,4.6,0.053,-3.5,-1.6,8.6
342,6,POR,Damian Lillard,Weber State,9,682,24779,16815,2856,4514,0.439,0.375,0.893,36.3,24.7,4.2,6.6,92.3,0.179,4.8,42.6,-2.21
343,7,GSW,Harrison Barnes,UNC,9,670,21176,9301,3385,1190,0.452,0.377,0.8,31.6,13.9,5.1,1.8,38.8,0.088,-1,5.5,8.61
344,8,TOR,Terrence Ross,Washington,9,607,15178,6896,1746,725,0.419,0.367,0.835,25,11.4,2.9,1.2,23.1,0.073,-0.7,5.1,6.51
345,9,DET,Andre Drummond,UConn,9,645,19832,9358,8839,872,0.538,0.135,0.47,30.7,14.5,13.7,1.4,62.6,0.152,1.3,16.6,8.07
346,10,NOH,Austin Rivers,Duke,9,588,14362,5338,1245,1348,0.418,0.35,0.646,24.4,9.1,2.1,2.3,12.7,0.043,-3,-3.6,8.4
347,11,POR,Meyers Leonard,Illinois,9,447,7158,2502,1737,395,0.482,0.39,0.809,16,5.6,3.9,0.9,15.5,0.104,-1.4,1,9.55
348,12,HOU,Jeremy Lamb,UConn,9,517,10961,5395,1919,823,0.444,0.344,0.858,21.2,10.4,3.7,1.6,25.5,0.112,0.8,7.6,9.25
349,13,PHO,Kendall Marshall,UNC,4,160,3083,802,253,779,0.399,0.37,0.611,19.3,5,1.6,4.9,1,0.015,-3.5,-1.1,8.61
350,14,MIL,John Henson,UNC,8,445,8752,3383,2368,496,0.54,0.25,0.568,19.7,7.6,5.3,1.1,20.7,0.113,-0.4,3.4,9.02
351,15,PHI,Maurice Harkless,St. John's,9,574,13156,4042,2086,549,0.475,0.321,0.621,22.9,7,3.6,1,22.5,0.082,-0.7,4.3,6.98
352,16,HOU,Royce White,Iowa State,1,3,9,0,0,0,0,,,3,0,0,0,0,-0.121,-16.9,0,7.32
353,17,DAL,Tyler Zeller,UNC,8,414,7254,2873,1820,367,0.508,0.286,0.764,17.5,6.9,4.4,0.9,17.1,0.113,-2,0,8.85
354,18,HOU,Terrence Jones,Kentucky,6,234,5562,2431,1334,238,0.501,0.297,0.621,23.8,10.4,5.7,1,14.7,0.127,0.5,3.6,8.42
355,19,ORL,Andrew Nicholson,St. Bonaventure,5,285,4080,1700,857,126,0.467,0.321,0.773,14.3,6,3,0.4,3.8,0.045,-3.6,-1.6,1.35
356,21,BOS,Jared Sullinger,Ohio State,5,269,6532,2893,2006,477,0.436,0.272,0.723,24.3,10.8,7.5,1.8,15.3,0.113,-0.4,2.7,8.73
357,22,BOS,Fab Melo,Syracuse,1,6,36,7,3,0,0.5,,0.25,6,1.2,0.5,0,0,0.021,-7.6,-0.1,8.4
358,23,ATL,John Jenkins,Vanderbilt,6,171,2183,855,250,138,0.441,0.367,0.847,12.8,5,1.5,0.8,3,0.065,-1.9,0.1,7.59
359,24,CLE,Jared Cunningham,Oregon State,4,84,605,197,56,39,0.347,0.306,0.674,7.2,2.3,0.7,0.5,0.2,0.017,-5.7,-0.6,2.12
360,25,MEM,Tony Wroten,Washington,4,145,3076,1604,363,437,0.413,0.231,0.647,21.2,11.1,2.5,3,-1.3,-0.021,-3.4,-1.1,5.27
361,26,IND,Miles Plumlee,Duke,7,346,5658,1697,1562,178,0.542,,0.543,16.4,4.9,4.5,0.5,10.6,0.09,-1.9,0.2,8.75
362,27,MIA,Arnett Moultrie,Mississippi State,2,59,729,210,180,12,0.547,,0.667,12.4,3.6,3.1,0.2,1.7,0.113,-2.8,-0.1,
363,28,OKC,Perry Jones,Baylor,3,143,1675,488,252,54,0.42,0.293,0.66,11.7,3.4,1.8,0.4,1.7,0.048,-3.5,-0.6,6.41
364,29,CHI,Marquis Teague,Kentucky,3,91,909,217,90,134,0.343,0.222,0.661,10,2.4,1,1.5,-0.9,-0.045,-6.5,-1,7.93
365,30,GSW,Festus Ezeli,Vanderbilt,3,170,2394,712,725,63,0.513,,0.557,14.1,4.2,4.3,0.4,5.9,0.119,-2,0,6.64
366,31,CHA,Jeffery Taylor,Vanderbilt,3,132,2566,807,263,107,0.409,0.319,0.665,19.4,6.1,2,0.8,1.3,0.024,-4.2,-1.5,6.64
367,33,CLE,Bernard James,Florida State,3,92,761,203,212,13,0.497,0,0.68,8.3,2.2,2.3,0.1,1.9,0.117,-1.8,0,7.04
368,34,CLE,Jae Crowder,Marquette,9,668,16676,6424,2787,1058,0.419,0.346,0.777,25,9.6,4.2,1.6,35.9,0.103,0.2,9.3,8
369,35,GSW,Draymond Green,Michigan State,9,639,18183,5614,4415,3413,0.436,0.316,0.715,28.5,8.8,6.9,5.3,49,0.129,2.6,21.3,9.76
370,36,SAC,Orlando Johnson,UC Santa Barbara,3,103,1112,329,180,69,0.358,0.311,0.727,10.8,3.2,1.7,0.7,1.4,0.059,-2.4,-0.1,
371,37,TOR,Quincy Acy,Baylor,7,337,5392,1642,1179,217,0.444,0.35,0.759,16,4.9,3.5,0.6,8.7,0.078,-2,-0.1,7.2
372,38,DEN,Quincy Miller,Baylor,3,69,934,295,169,37,0.35,0.292,0.706,13.5,4.3,2.4,0.5,-0.1,-0.003,-3.9,-0.5,8.03
373,39,DET,Khris Middleton,Texas A&M,9,585,18551,9811,2810,2103,0.46,0.395,0.879,31.7,16.8,4.8,3.6,45.2,0.117,0.6,12.4,7.42
374,40,POR,Will Barton,Memphis,9,552,13846,6203,2315,1429,0.433,0.352,0.786,25.1,11.2,4.2,2.6,22.8,0.079,-0.2,6.1,4.2
375,41,POR,Tyshawn Taylor,Kansas,2,61,491,174,33,57,0.354,0.36,0.684,8,2.9,0.5,0.9,-0.9,-0.088,-8.1,-0.8,8.42
376,42,MIL,Doron Lamb,Kentucky,2,100,1272,345,95,75,0.381,0.394,0.7,12.7,3.5,1,0.8,0.1,0.005,-5.8,-1.2,8.42
377,43,ATL,Mike Scott,Virginia,9,555,9182,3736,1727,499,0.453,0.362,0.757,16.5,6.7,3.1,0.9,16.8,0.088,-1.8,0.6,6.34
378,44,DET,Kim English,Missouri,1,41,407,119,37,26,0.375,0.28,0.724,9.9,2.9,0.9,0.6,0.2,0.021,-4.2,-0.2,6.32
379,45,PHI,Justin Hamilton,LSU,3,113,1961,687,403,91,0.464,0.309,0.798,17.4,6.1,3.6,0.8,3.7,0.091,-0.9,0.5,8.03
380,46,NOH,Darius Miller,Kentucky,6,271,5358,1597,447,367,0.419,0.383,0.84,19.8,5.9,1.6,1.4,6.5,0.059,-2.3,-0.4,7.12
381,47,UTA,Kevin Murphy,Tennessee Technological University,1,17,52,15,4,2,0.25,0.2,,3.1,0.9,0.2,0.1,-0.3,-0.272,-16.8,-0.2,-4.01
382,49,ORL,Kyle O'Quinn,Norfolk State,8,472,6714,2568,2166,643,0.517,0.218,0.74,14.2,5.4,4.6,1.4,17.8,0.128,0.9,5,-7.19
383,51,BOS,Kris Joseph,Syracuse,1,10,54,9,7,1,0.143,0,0.625,5.4,0.9,0.7,0.1,-0.1,-0.127,-9.9,-0.1,8.37
384,55,DAL,Darius Johnson-Odom,Marquette,2,7,21,0,6,2,0,0,0,3,0,0.9,0.3,-0.3,-0.597,-25.5,-0.1,8.08
385,58,MIN,Robbie Hummel,Purdue,2,98,1397,379,266,50,0.418,0.343,0.867,14.3,3.9,2.7,0.5,1.9,0.066,-3.1,-0.4,7.48
386,59,SAS,Marcus Denmon,Missouri,,,,,,,,,,,,,,,,,,6.32
387,60,LAL,Robert Sacre,Gonzaga,4,189,2745,787,593,126,0.436,0,0.671,14.5,4.2,3.1,0.7,2.4,0.042,-4,-1.4,3.36
388,1,CLE,Kyrie Irving,Duke,10,582,19713,13293,2212,3336,0.47,0.391,0.881,33.9,22.8,3.8,5.7,68.7,0.167,4.6,32.7,8.32
389,2,MIN,Derrick Williams,Arizona,7,428,8864,3809,1693,293,0.434,0.3,0.71,20.7,8.9,4,0.7,14.1,0.076,-1.6,0.8,8.05
390,4,CLE,Tristan Thompson,Texas,10,673,18659,6248,5832,691,0.518,0.257,0.609,27.7,9.3,8.7,1,46,0.118,-1.6,1.7,7.96
391,8,DET,Brandon Knight,Kentucky,8,446,13137,6269,1377,1769,0.411,0.353,0.806,29.5,14.1,3.1,4,11.5,0.042,-1.6,1.5,8.91
392,9,CHA,Kemba Walker,UConn,10,704,23718,13983,2704,3788,0.419,0.36,0.84,33.7,19.9,3.8,5.4,57.7,0.117,2.9,29.1,9.39
393,10,MIL,Jimmer Fredette,BYU,6,241,3213,1438,243,331,0.409,0.372,0.879,13.3,6,1,1.4,2.2,0.033,-2.5,-0.4,3.56
394,11,GSW,Klay Thompson,Washington State,8,615,20340,11995,2130,1416,0.459,0.419,0.848,33.1,19.5,3.5,2.3,46.8,0.11,0.7,14.2,6.32
395,12,UTA,Alec Burks,Colorado,10,544,12061,5705,1813,1025,0.422,0.373,0.796,22.2,10.5,3.3,1.9,20,0.079,-0.9,3.4,6.65
396,13,PHO,Markieff Morris,Kansas,10,698,17426,7693,3669,1130,0.446,0.341,0.776,25,11,5.3,1.6,26.7,0.074,-1.4,2.7,7.92
397,14,HOU,Marcus Morris,Kansas,10,664,17887,8091,3059,972,0.435,0.379,0.763,26.9,12.2,4.6,1.5,34,0.091,-0.5,6.8,7.92
398,15,IND,Kawhi Leonard,San Diego State,10,576,18025,11085,3689,1672,0.493,0.384,0.858,31.3,19.2,6.4,2.9,83.3,0.222,6.8,40.1,5.29
399,16,PHI,Nikola Vucevic,USC,10,668,20451,11265,6927,1801,0.496,0.357,0.756,30.6,16.9,10.4,2.7,54.4,0.128,2.3,22.4,7.86
400,17,NYK,Iman Shumpert,Georgia Tech,10,461,11470,3320,1534,845,0.391,0.337,0.764,24.9,7.2,3.3,1.8,12.9,0.054,-1.7,0.9,7.34
401,18,WAS,Chris Singleton,Florida State,3,148,2605,612,472,92,0.376,0.319,0.633,17.6,4.1,3.2,0.6,2.3,0.042,-3.2,-0.8,7.05
402,19,CHA,Tobias Harris,Tennessee,10,680,21075,11056,4164,1476,0.475,0.367,0.827,31,16.3,6.1,2.2,52.8,0.12,1.2,16.8,8.73
403,21,POR,Nolan Smith,Duke,2,84,829,277,83,97,0.371,0.26,0.714,9.9,3.3,1,1.2,-0.8,-0.047,-6,-0.8,8.97
404,22,DEN,Kenneth Faried,Morehead State University,8,478,11728,5430,3884,470,0.546,0.222,0.654,24.5,11.4,8.1,1,38.8,0.159,0.5,7.5,-4.03
405,24,OKC,Reggie Jackson,Boston College,10,628,15664,7920,1851,2661,0.43,0.349,0.855,24.9,12.6,2.9,4.2,33.1,0.101,0.4,9.5,7.25
406,25,BOS,MarShon Brooks,Providence,5,200,3456,1592,424,282,0.447,0.345,0.751,17.3,8,2.1,1.4,3.3,0.046,-1.6,0.4,7.44
407,26,DAL,Jordan Hamilton,Texas,5,151,2100,890,429,127,0.408,0.357,0.67,13.9,5.9,2.8,0.8,3,0.069,-0.1,1,7.67
408,27,NJN,JaJuan Johnson,Purdue,1,36,298,114,58,6,0.446,,0.667,8.3,3.2,1.6,0.2,0.2,0.032,-3.9,-0.1,7.64
409,28,CHI,Norris Cole,Cleveland State University,6,360,8018,2506,702,981,0.407,0.324,0.743,22.3,7,2,2.7,3,0.018,-4.1,-4.1,1.92
410,29,SAS,Cory Joseph,Texas,10,663,14561,4640,1710,1949,0.444,0.333,0.774,22,7,2.6,2.9,26.2,0.086,-1,3.8,7.96
411,30,CHI,Jimmy Butler,Marquette,10,633,20933,11003,3322,2524,0.458,0.327,0.838,33.1,17.4,5.2,4,84.4,0.194,4.5,34.2,8.21
412,32,CLE,Justin Harper,Richmond,3,22,150,45,18,4,0.34,0.276,0.333,6.8,2,0.8,0.2,-0.3,-0.093,-8.7,-0.2,2.46
413,33,DET,Kyle Singler,Duke,6,356,7794,2326,1026,272,0.418,0.362,0.786,21.9,6.5,2.9,0.8,10,0.062,-2.5,-0.9,8.97
414,34,WAS,Shelvin Mack,Butler,8,456,8392,2997,894,1421,0.423,0.33,0.731,18.4,6.6,2,3.1,10.3,0.059,-1.9,0.1,4.05
415,35,SAC,Tyler Honeycutt,UCLA,2,24,120,28,24,9,0.314,0.2,0.714,5,1.2,1,0.4,-0.1,-0.049,-5.1,-0.1,7.9
416,36,NJN,Jordan Williams,Maryland,1,43,635,197,156,11,0.507,,0.652,14.8,4.6,3.6,0.3,1.3,0.101,-2.1,0,6.85
417,37,LAC,Trey Thompkins,Georgia,1,24,119,57,24,3,0.393,0.308,0.714,5,2.4,1,0.1,0,0.004,-5.7,-0.1,6.56
418,38,HOU,Chandler Parsons,Florida,9,440,13246,5571,1972,1201,0.462,0.373,0.713,30.1,12.7,4.5,2.7,28.9,0.105,1.1,10.2,5.9
419,40,MIL,Jon Leuer,Wisconsin,8,377,5945,2395,1426,301,0.484,0.328,0.767,15.8,6.4,3.8,0.8,13.2,0.107,-0.7,2,8.06
420,41,LAL,Darius Morris,Michigan,4,132,1464,430,126,189,0.384,0.322,0.63,11.1,3.3,1,1.4,-0.3,-0.01,-5.1,-1.2,10.03
421,43,CHI,Malcolm Lee,UCLA,3,36,534,140,65,51,0.382,0.294,0.703,14.8,3.9,1.8,1.4,0.4,0.04,-2.5,-0.1,7.66
422,44,GSW,Charles Jenkins,Hofstra,2,110,1334,408,100,214,0.434,0.182,0.754,12.1,3.7,0.9,1.9,0.5,0.017,-4.5,-0.8,-1.45
423,45,NOH,Josh Harrellson,Kentucky,3,75,888,265,227,26,0.438,0.347,0.629,11.8,3.5,3,0.3,2.1,0.116,-0.4,0.4,6.85
424,46,LAL,Andrew Goudelock,College of Charleston,3,49,475,197,34,24,0.393,0.345,0.875,9.7,4,0.7,0.5,0,0.003,-5,-0.3,-2.92
425,47,LAC,Travis Leslie,Georgia,1,10,45,14,9,5,0.357,,0.444,4.5,1.4,0.9,0.5,0.1,0.06,-0.3,0,6.56
426,48,ATL,Keith Benson,Oakland,1,3,9,0,3,0,0,,,3,0,1,0,0,-0.005,-7.7,0,-1.32
427,49,MEM,Josh Selby,Kansas,2,38,296,83,20,34,0.33,0.143,0.72,7.8,2.2,0.5,0.9,-0.7,-0.113,-9.5,-0.6,7.62
428,50,PHI,Lavoy Allen,Temple,6,388,6905,1847,1843,384,0.471,0.133,0.682,17.8,4.8,4.8,1,13.8,0.096,-2.1,-0.1,4.24
429,51,POR,Jon Diebler,Ohio State,,,,,,,,,,,,,,,,,,7.99
430,52,DET,Vernon Macklin,Florida,1,23,135,46,34,5,0.543,,0.571,5.9,2,1.5,0.2,0.5,0.161,1.2,0.1,
431,53,ORL,DeAndre Liggins,Kentucky,5,177,1907,346,252,122,0.402,0.352,0.549,10.8,2,1.4,0.7,1.6,0.04,-2.2,-0.1,6.85
432,55,BOS,E'Twaun Moore,Purdue,10,598,12564,4743,1208,1055,0.455,0.388,0.742,21,7.9,2,1.8,14.8,0.057,-1.9,0.2,7.64
433,60,SAC,Isaiah Thomas,Washington,10,528,15230,9531,1292,2604,0.435,0.363,0.872,28.8,18.1,2.4,4.9,45.2,0.142,2.2,16.3,7.81
434,1,WAS,John Wall,Kentucky,10,613,21833,11702,2612,5557,0.431,0.323,0.779,35.6,19.1,4.3,9.1,44.1,0.097,2.4,24.1,6.82
435,2,PHI,Evan Turner,Ohio State,10,705,18938,6824,3278,2462,0.434,0.294,0.782,26.9,9.7,4.6,3.5,20.2,0.051,-1.9,0.5,7.86
436,3,NJN,Derrick Favors,Georgia Tech,11,751,18549,8148,5424,826,0.534,0.205,0.664,24.7,10.8,7.2,1.1,58.8,0.152,1,13.8,9.02
437,4,MIN,Wesley Johnson,Syracuse,9,609,13472,4235,1924,645,0.404,0.337,0.741,22.1,7,3.2,1.1,10.7,0.038,-1.6,1.2,6.79
438,5,SAC,DeMarcus Cousins,Kentucky,10,606,18791,12372,6394,1908,0.46,0.334,0.737,31,20.4,10.6,3.1,45.2,0.116,2.6,21.6,6.82
439,6,GSW,Ekpe Udoh,Baylor,7,384,5694,1353,1100,260,0.453,0,0.718,14.8,3.5,2.9,0.7,10.4,0.088,-1.4,0.8,
440,7,DET,Greg Monroe,Georgetown,9,632,17475,8326,5229,1354,0.514,0.059,0.704,27.7,13.2,8.3,2.1,49.7,0.136,1.4,15.2,9.26
441,8,LAC,Al-Farouq Aminu,Wake Forest,11,711,17698,5350,4280,879,0.42,0.332,0.746,24.9,7.5,6,1.2,27.6,0.075,-0.6,6.4,8.1
442,9,UTA,Gordon Hayward,Butler,11,685,21268,10676,3078,2399,0.453,0.37,0.825,31,15.6,4.5,3.5,57.2,0.129,2.1,22.2,3.57
443,10,IND,Paul George,Fresno State,11,706,23664,14275,4522,2465,0.436,0.384,0.847,33.5,20.2,6.4,3.5,75.3,0.153,4.1,36.2,1.13
444,11,NOH,Cole Aldrich,Kansas,8,339,3389,1050,1131,183,0.527,,0.738,10,3.1,3.3,0.5,9.6,0.135,0.1,1.8,8.12
445,12,MEM,Xavier Henry,Kansas,5,185,2905,1050,351,120,0.406,0.325,0.635,15.7,5.7,1.9,0.6,0.8,0.013,-4.4,-1.7,8.25
446,13,TOR,Ed Davis,UNC,11,691,13555,4263,4552,532,0.566,0,0.585,19.6,6.2,6.6,0.8,42.8,0.151,-0.2,6.1,9.09
447,14,HOU,Patrick Patterson,Kentucky,11,719,14923,4782,2799,736,0.447,0.369,0.755,20.8,6.7,3.9,1,31.9,0.102,-0.1,7.4,6.24
448,15,MIL,Larry Sanders,VCU,6,238,4635,1520,1345,174,0.48,0,0.553,19.5,6.4,5.7,0.7,10.3,0.107,-1.1,1.1,-0.69
449,16,MIN,Luke Babbitt,Nevada,8,381,5332,1818,846,224,0.408,0.402,0.747,14,4.8,2.2,0.6,7.2,0.065,-2.1,-0.1,1.98
450,18,OKC,Eric Bledsoe,Kentucky,11,702,19660,9814,2755,3320,0.453,0.337,0.785,28,14,3.9,4.7,44.7,0.109,1.7,18.3,6.82
451,19,BOS,Avery Bradley,Texas,11,598,16745,6885,1727,1058,0.435,0.363,0.78,28,11.5,2.9,1.8,16,0.046,-2.3,-1.3,7.38
452,20,SAS,James Anderson,Oklahoma State,5,247,4320,1422,560,291,0.411,0.321,0.755,17.5,5.8,2.3,1.2,3.3,0.037,-2.7,-0.8,4.3
453,21,OKC,Craig Brackins,Iowa State,2,17,121,30,19,9,0.265,0.214,0.5,7.1,1.8,1.1,0.5,-0.2,-0.089,-9.9,-0.2,7.34
454,22,POR,Elliot Williams,Memphis,4,109,1470,537,161,94,0.421,0.31,0.669,13.5,4.9,1.5,0.9,0.7,0.024,-4.9,-1.1,
455,23,MIN,Trevor Booker,Clemson,8,532,10872,3679,2932,566,0.515,0.305,0.636,20.4,6.9,5.5,1.1,26.2,0.116,-0.5,4.2,7.85
456,24,ATL,Damion James,Texas,4,39,623,150,131,26,0.415,0,0.667,16,3.8,3.4,0.7,0,-0.001,-3.7,-0.3,7.54
457,25,MEM,Dominique Jones,South Florida,3,80,741,246,114,144,0.366,0.095,0.729,9.3,3.1,1.4,1.8,0.3,0.017,-2.4,-0.1,7.32
458,26,OKC,Quincy Pondexter,Washington,7,355,5530,1609,640,263,0.423,0.356,0.746,15.6,4.5,1.8,0.7,9.7,0.084,-1.8,0.3,7.55
459,27,NJN,Jordan Crawford,Xavier,6,281,6843,3432,703,883,0.411,0.317,0.826,24.4,12.2,2.5,3.1,6.3,0.044,-1.3,1.3,
460,28,MEM,Greivis Vasquez,Maryland,7,401,9520,3591,1021,1935,0.418,0.349,0.817,23.7,9,2.5,4.8,12.6,0.064,-1.2,1.9,7.95
461,29,ORL,Daniel Orton,Kentucky,3,51,542,143,126,24,0.485,0,0.597,10.6,2.8,2.5,0.5,1,0.093,-3.5,-0.2,6.82
462,30,WAS,Lazar Hayward,Marquette,3,72,591,207,90,35,0.347,0.269,0.767,8.2,2.9,1.3,0.5,0.2,0.02,-4.2,-0.3,7.79
463,32,MIA,Dexter Pittman,Texas,4,50,347,116,89,9,0.45,,0.545,6.9,2.3,1.8,0.2,0.5,0.068,-7.7,-0.5,7.54
464,33,SAC,Hassan Whiteside,Marshall,9,446,11483,5916,5029,301,0.581,0.308,0.603,25.7,13.3,11.3,0.7,46.2,0.193,2.6,13.3,1.57
465,34,POR,Armon Johnson,Nevada,2,47,401,157,49,56,0.458,0.4,0.679,8.5,3.3,1,1.2,-0.1,-0.015,-4.1,-0.2,1.28
466,36,DET,Terrico White,Ole Miss,,,,,,,,,,,,,,,,,,5.59
467,37,MIL,Darington Hobson,New Mexico,1,5,39,4,3,6,0.154,0,,7.8,0.8,0.6,1.2,-0.2,-0.225,-13,-0.1,3.84
468,38,NYK,Andy Rautins,Syracuse,1,5,24,8,1,3,0.429,0.25,0.5,4.8,1.6,0.2,0.6,-0.2,-0.314,-13.2,-0.1,7.83
469,39,NYK,Landry Fields,Stanford,5,255,6010,1731,1092,419,0.473,0.332,0.666,23.6,6.8,4.3,1.6,10.5,0.084,-0.3,2.6,7.35
470,40,IND,Lance Stephenson,Cincinnati,9,508,11866,4354,2124,1456,0.444,0.315,0.685,23.4,8.6,4.2,2.9,16.7,0.068,-1.2,2.5,8.45
471,41,MIA,Jarvis Varnado,Mississippi State,2,37,397,107,72,16,0.582,,0.518,10.7,2.9,1.9,0.4,0.7,0.089,-3.3,-0.1,5.47
472,42,MIA,Da'Sean Butler,West Virginia,,,,,,,,,,,,,,,,,,7.8
473,43,LAL,Devin Ebanks,West Virginia,3,63,711,224,122,24,0.385,0.222,0.722,11.3,3.6,1.9,0.4,0.5,0.035,-4.8,-0.5,9.3
474,44,MIL,Jerome Jordan,Tulsa,2,65,491,180,132,17,0.528,,0.852,7.6,2.8,2,0.3,1.7,0.168,-1,0.1,2.63
475,46,PHO,Gani Lawal,Georgia Tech,1,1,2,0,0,0,,,,2,0,0,0,0,-0.009,-15,0,8.64
476,47,MIL,Tiny Gallon,Oklahoma,,,,,,,,,,,,,,,,,,7.79
477,50,DAL,Solomon Alabi,Florida State,2,26,181,39,61,5,0.314,,0.7,7,1.5,2.3,0.2,0,0.01,-4.4,-0.1,7.34
478,51,OKC,Magnum Rolle,Louisiana Tech,,,,,,,,,,,,,,,,,,
479,52,BOS,Luke Harangody,Notre Dame,2,70,871,253,196,36,0.376,0.241,0.737,12.4,3.6,2.8,0.5,0.9,0.048,-3.5,-0.3,6.73
480,54,LAC,Willie Warren,Oklahoma,1,19,134,37,12,27,0.371,0.333,0.75,7.1,1.9,0.6,1.4,0.2,0.065,-2.7,0,7.33
481,55,UTA,Jeremy Evans,Western Kentucky,7,250,2626,879,641,107,0.569,0.231,0.687,10.5,3.5,2.6,0.4,8.2,0.15,0.9,1.9,-1.72
482,56,MIN,Hamady N'Diaye,Rutgers University,3,33,157,20,25,3,0.467,,0.462,4.8,0.6,0.8,0.1,0,0.013,-7.3,-0.2,6.36
483,57,IND,Ryan Reid,Florida State,1,5,17,8,2,0,0.8,,,3.4,1.6,0.4,0,0.1,0.142,-2,0,7.66
484,58,LAL,Derrick Caracter,Texas-El Paso,1,41,215,81,43,7,0.485,,0.739,5.2,2,1,0.2,0.3,0.057,-7.1,-0.3,
485,59,ORL,Stanley Robinson,UConn,,,,,,,,,,,,,,,,,,7.64
486,60,PHO,Dwayne Collins,Miami (FL),,,,,,,,,,,,,,,,,,7.58
487,1,CLE,Andrew Wiggins,Kansas,7,525,18606,10263,2324,1232,0.446,0.341,0.731,35.4,19.5,4.4,2.3,18.9,0.049,-1.8,1,11.4
488,2,MIL,Jabari Parker,Duke,7,298,8423,4327,1675,604,0.494,0.321,0.741,28.3,14.5,5.6,2,13.5,0.077,-0.8,2.5,8.48
489,3,PHI,Joel Embiid,Kansas,5,260,7943,6456,2936,796,0.487,0.329,0.808,30.6,24.8,11.3,3.1,31.6,0.191,4.9,13.8,11.4
490,4,ORL,Aaron Gordon,Arizona,7,453,12901,5761,2871,1125,0.45,0.321,0.695,28.5,12.7,6.3,2.5,23.6,0.088,0,6.4,9.04
491,6,BOS,Marcus Smart,Oklahoma State,7,449,13188,4577,1597,1901,0.376,0.32,0.777,29.4,10.2,3.6,4.2,24,0.087,-0.3,5.6,7.53
492,7,LAL,Julius Randle,Kentucky,7,446,13601,7744,4098,1472,0.485,0.342,0.741,30.5,17.4,9.2,3.3,28.3,0.1,0.3,7.9,9.9
493,8,SAC,Nik Stauskas,Michigan,5,335,6662,2272,688,513,0.389,0.353,0.814,19.9,6.8,2.1,1.5,3.8,0.028,-3,-1.7,9.85
494,9,CHH,Noah Vonleh,Indiana,7,339,5683,1660,1742,257,0.459,0.308,0.691,16.8,4.9,5.1,0.8,9.2,0.078,-2.4,-0.6,6.64
495,10,PHI,Elfrid Payton,Louisiana,7,450,12834,4886,1919,2769,0.45,0.289,0.63,28.5,10.9,4.3,6.2,15.9,0.06,-0.8,3.8,-1.6
496,11,DEN,Doug McDermott,Creighton,7,476,9789,4268,1121,432,0.478,0.407,0.824,20.6,9,2.4,0.9,17.7,0.087,-1.8,0.6,4.29
497,13,MIN,Zach LaVine,UCLA,7,411,12891,7831,1568,1557,0.458,0.385,0.824,31.4,19.1,3.8,3.8,17.8,0.066,0.1,6.7,7.62
498,14,PHO,TJ Warren,NC State,7,332,9553,5142,1372,397,0.507,0.357,0.78,28.8,15.5,4.1,1.2,19.6,0.099,-0.2,4.2,7.31
499,15,ATL,Adreian Payne,Michigan State,4,107,1403,429,315,66,0.406,0.254,0.68,13.1,4,2.9,0.6,-0.6,-0.019,-5.9,-1.4,10.35
500,17,BOS,James Young,Kentucky,4,95,812,219,96,28,0.367,0.277,0.563,8.5,2.3,1,0.3,0.8,0.046,-3.4,-0.3,9.9
501,18,PHO,Tyler Ennis,Syracuse,4,186,2336,779,250,359,0.419,0.317,0.768,12.6,4.2,1.3,1.9,1.3,0.026,-3.4,-0.8,7.25
502,19,CHI,Gary Harris,Michigan State,7,407,11743,4847,1040,857,0.45,0.359,0.805,28.9,11.9,2.6,2.1,18.6,0.076,-1.3,2.2,9.96
503,21,OKC,Mitch McGary,Michigan,2,52,557,227,183,17,0.527,0,0.58,10.7,4.4,3.5,0.3,1.3,0.108,-2.6,-0.1,9.85
504,22,MEM,Jordan Adams,UCLA,2,32,263,101,30,19,0.402,0.385,0.607,8.2,3.2,0.9,0.6,0.4,0.07,1.7,0.2,7.72
505,23,UTA,Rodney Hood,Duke,7,396,10268,4493,1083,698,0.422,0.367,0.839,25.9,11.3,2.7,1.8,16.7,0.078,-1.1,2.2,
506,24,CHH,Shabazz Napier,UConn,6,345,5986,2433,657,849,0.397,0.345,0.815,17.4,7.1,1.9,2.5,8.1,0.065,-0.7,2,8.64
507,26,MIA,PJ Hairston,UNC,2,111,2000,664,266,59,0.343,0.295,0.81,18,6,2.4,0.5,0.9,0.021,-3.9,-1,7.54
508,28,LAC,CJ Wilcox,Washington,3,66,376,132,31,30,0.37,0.333,0.813,5.7,2,0.5,0.5,0.1,0.007,-4.3,-0.2,6.67
509,29,OKC,Josh Huestis,Stanford,3,76,1068,187,180,23,0.346,0.312,0.24,14.1,2.5,2.4,0.3,0.7,0.03,-3.5,-0.4,6.38
510,30,SAS,Kyle Anderson,UCLA,7,436,9099,2845,1852,984,0.483,0.335,0.724,20.9,6.5,4.2,2.3,23.5,0.124,1.8,8.7,7.72
511,32,PHI,KJ McDaniels,Clemson,3,148,2092,782,324,95,0.412,0.29,0.776,14.1,5.3,2.2,0.6,1.3,0.03,-2.8,-0.4,4.6
512,33,CLE,Joe Harris,Virginia,7,400,10178,4426,1288,665,0.484,0.438,0.779,25.4,11.1,3.2,1.7,20,0.094,-0.6,3.7,5.72
513,34,NYK,Cleanthony Early,Wichita State,2,56,801,241,123,42,0.346,0.263,0.75,14.3,4.3,2.2,0.8,-0.6,-0.039,-5.9,-0.8,3.91
514,35,UTA,Jarnell Stokes,Tennessee,3,28,151,67,40,7,0.581,,0.531,5.4,2.4,1.4,0.3,0.6,0.202,0.1,0.1,6.82
515,36,MIL,Johnny O'Bryant,LSU,4,147,1684,509,352,69,0.402,0.36,0.663,11.5,3.5,2.4,0.5,0.2,0.006,-6.2,-1.8,5.38
516,37,TOR,DeAndre Daniels,UConn,,,,,,,,,,,,,,,,,,8.04
517,38,DET,Spencer Dinwiddie,Colorado,7,320,8226,4123,888,1587,0.41,0.318,0.794,25.7,12.9,2.8,5,18.4,0.107,0.3,4.8,7.49
518,39,PHI,Jerami Grant,Syracuse,7,508,12954,5425,1998,636,0.457,0.347,0.705,25.5,10.7,3.9,1.3,25.8,0.095,-0.6,4.4,7.91
519,40,MIN,Glenn Robinson,Michigan,7,304,5299,1804,776,238,0.457,0.373,0.779,17.4,5.9,2.6,0.8,7.9,0.071,-1.7,0.3,9.77
520,42,HOU,Nick Johnson,Arizona,1,28,262,74,39,11,0.347,0.238,0.68,9.4,2.6,1.4,0.4,-0.1,-0.02,-6.5,-0.3,7.04
521,44,MIN,Markel Brown,Oklahoma State,3,113,1794,584,234,132,0.38,0.295,0.781,15.9,5.2,2.1,1.2,1.1,0.029,-2.9,-0.4,7.74
522,45,CHH,Dwight Powell,Stanford,7,429,7922,3209,1945,427,0.569,0.29,0.744,18.5,7.5,4.5,1,29.8,0.18,1.4,6.7,6.38
523,46,WAS,Jordan Clarkson,Missouri,7,521,14050,7950,1698,1332,0.443,0.343,0.827,27,15.3,3.3,2.6,18.1,0.062,-0.5,5.3,
524,47,PHI,Russ Smith,Louisville,2,27,131,53,15,19,0.319,0.188,0.769,4.9,2,0.6,0.7,-0.2,-0.068,-5.1,-0.1,7.79
525,48,MIL,Lamar Patterson,Pitt,2,40,435,93,57,45,0.326,0.236,0.72,10.9,2.3,1.4,1.1,0.1,0.006,-5.7,-0.4,6.86
526,49,CHI,Cameron Bairstow,New Mexico,2,36,167,44,36,7,0.296,0.2,0.846,4.6,1.2,1,0.2,-0.1,-0.021,-8.1,-0.3,4.93
527,50,PHO,Alec Brown,Green Bay,,,,,,,,,,,,,,,,,,0.76
528,55,MIA,Semaj Christon,Xavier,1,64,973,183,87,130,0.345,0.19,0.548,15.2,2.9,1.4,2,0.1,0.006,-5.1,-0.8,6.55
529,56,DEN,Devyn Marble,Iowa,2,44,457,97,69,29,0.304,0.222,0.375,10.4,2.2,1.6,0.7,-0.3,-0.028,-5.5,-0.4,7.42
530,58,SAS,Jordan McRae,Tennessee,4,123,1696,846,225,167,0.417,0.355,0.772,13.8,6.9,1.8,1.4,1.7,0.048,-2.1,0,7.3
531,59,TOR,Xavier Thames,San Diego State,,,,,,,,,,,,,,,,,,
532,60,SAS,Cory Jefferson,Baylor,2,58,581,205,161,16,0.444,0.125,0.583,10,3.5,2.8,0.3,0.9,0.071,-3.3,-0.2,8.32